ISO-10303-21;
HEADER;
/* Generated by software containing ST-Developer
 * from STEP Tools, Inc. (www.steptools.com) 
 */

FILE_DESCRIPTION(
/* description */ (''),
/* implementation_level */ '2;1');

FILE_NAME(
/* name */ '',
/* time_stamp */ '2024-10-12T20:03:33+08:00',
/* author */ (''),
/* organization */ (''),
/* preprocessor_version */ 'ST-DEVELOPER v20',
/* originating_system */ 'Autodesk Translation Framework v13.20.0.188',

/* authorisation */ '');

FILE_SCHEMA (('AUTOMOTIVE_DESIGN { 1 0 10303 214 3 1 1 }'));
ENDSEC;

DATA;
#10=MECHANICAL_DESIGN_GEOMETRIC_PRESENTATION_REPRESENTATION('',(#155,#156,
#157,#158,#159,#160,#161,#162,#163),#12742);
#11=ITEM_DEFINED_TRANSFORMATION($,$,#7266,#8056);
#12=ITEM_DEFINED_TRANSFORMATION($,$,#7280,#8057);
#13=ITEM_DEFINED_TRANSFORMATION($,$,#7322,#8058);
#14=ITEM_DEFINED_TRANSFORMATION($,$,#7323,#8059);
#15=ITEM_DEFINED_TRANSFORMATION($,$,#7373,#8060);
#16=ITEM_DEFINED_TRANSFORMATION($,$,#7467,#8061);
#17=ITEM_DEFINED_TRANSFORMATION($,$,#7490,#8062);
#18=ITEM_DEFINED_TRANSFORMATION($,$,#7555,#8063);
#19=ITEM_DEFINED_TRANSFORMATION($,$,#7709,#8064);
#20=(
REPRESENTATION_RELATIONSHIP($,$,#12777,#12776)
REPRESENTATION_RELATIONSHIP_WITH_TRANSFORMATION(#11)
SHAPE_REPRESENTATION_RELATIONSHIP()
);
#21=(
REPRESENTATION_RELATIONSHIP($,$,#12778,#12776)
REPRESENTATION_RELATIONSHIP_WITH_TRANSFORMATION(#12)
SHAPE_REPRESENTATION_RELATIONSHIP()
);
#22=(
REPRESENTATION_RELATIONSHIP($,$,#12779,#12776)
REPRESENTATION_RELATIONSHIP_WITH_TRANSFORMATION(#13)
SHAPE_REPRESENTATION_RELATIONSHIP()
);
#23=(
REPRESENTATION_RELATIONSHIP($,$,#12780,#12776)
REPRESENTATION_RELATIONSHIP_WITH_TRANSFORMATION(#14)
SHAPE_REPRESENTATION_RELATIONSHIP()
);
#24=(
REPRESENTATION_RELATIONSHIP($,$,#12781,#12776)
REPRESENTATION_RELATIONSHIP_WITH_TRANSFORMATION(#15)
SHAPE_REPRESENTATION_RELATIONSHIP()
);
#25=(
REPRESENTATION_RELATIONSHIP($,$,#12782,#12776)
REPRESENTATION_RELATIONSHIP_WITH_TRANSFORMATION(#16)
SHAPE_REPRESENTATION_RELATIONSHIP()
);
#26=(
REPRESENTATION_RELATIONSHIP($,$,#12783,#12776)
REPRESENTATION_RELATIONSHIP_WITH_TRANSFORMATION(#17)
SHAPE_REPRESENTATION_RELATIONSHIP()
);
#27=(
REPRESENTATION_RELATIONSHIP($,$,#12784,#12776)
REPRESENTATION_RELATIONSHIP_WITH_TRANSFORMATION(#18)
SHAPE_REPRESENTATION_RELATIONSHIP()
);
#28=(
REPRESENTATION_RELATIONSHIP($,$,#12785,#12776)
REPRESENTATION_RELATIONSHIP_WITH_TRANSFORMATION(#19)
SHAPE_REPRESENTATION_RELATIONSHIP()
);
#29=CONTEXT_DEPENDENT_SHAPE_REPRESENTATION(#20,#12767);
#30=CONTEXT_DEPENDENT_SHAPE_REPRESENTATION(#21,#12768);
#31=CONTEXT_DEPENDENT_SHAPE_REPRESENTATION(#22,#12769);
#32=CONTEXT_DEPENDENT_SHAPE_REPRESENTATION(#23,#12770);
#33=CONTEXT_DEPENDENT_SHAPE_REPRESENTATION(#24,#12771);
#34=CONTEXT_DEPENDENT_SHAPE_REPRESENTATION(#25,#12772);
#35=CONTEXT_DEPENDENT_SHAPE_REPRESENTATION(#26,#12773);
#36=CONTEXT_DEPENDENT_SHAPE_REPRESENTATION(#27,#12774);
#37=CONTEXT_DEPENDENT_SHAPE_REPRESENTATION(#28,#12775);
#38=NEXT_ASSEMBLY_USAGE_OCCURRENCE('\X2\630775325200538B677F\X0\ v2:1',
'\X2\630775325200538B677F\X0\ v2:1','\X2\630775325200538B677F\X0\ v2:1',
#12787,#12788,'\X2\630775325200538B677F\X0\ v2:1');
#39=NEXT_ASSEMBLY_USAGE_OCCURRENCE('\X2\63077532520056FA5B9A67B6\X0\ v
2:1','\X2\63077532520056FA5B9A67B6\X0\ v2:1','\X2\63077532520056FA5B9A67B6\X0\ 
v2:1',#12787,#12789,'\X2\63077532520056FA5B9A67B6\X0\ v2:1');
#40=NEXT_ASSEMBLY_USAGE_OCCURRENCE('\X2\591690E8\X0\4 v1:1',
'\X2\591690E8\X0\4 v1:1','\X2\591690E8\X0\4 v1:1',#12787,#12790,
'\X2\591690E8\X0\4 v1:1');
#41=NEXT_ASSEMBLY_USAGE_OCCURRENCE('\X2\63A867466A6180F65957\X0\ v1:1',
'\X2\63A867466A6180F65957\X0\ v1:1','\X2\63A867466A6180F65957\X0\ v1:1',
#12787,#12791,'\X2\63A867466A6180F65957\X0\ v1:1');
#42=NEXT_ASSEMBLY_USAGE_OCCURRENCE('\X2\63A86746624B67C4\X0\ v2:1',
'\X2\63A86746624B67C4\X0\ v2:1','\X2\63A86746624B67C4\X0\ v2:1',#12787,
#12792,'\X2\63A86746624B67C4\X0\ v2:1');
#43=NEXT_ASSEMBLY_USAGE_OCCURRENCE('\X2\4E0B65B957AB677F\X0\ v4:1',
'\X2\4E0B65B957AB677F\X0\ v4:1','\X2\4E0B65B957AB677F\X0\ v4:1',#12787,
#12793,'\X2\4E0B65B957AB677F\X0\ v4:1');
#44=NEXT_ASSEMBLY_USAGE_OCCURRENCE('\X2\63A86746538B677F\X0\ v2:1',
'\X2\63A86746538B677F\X0\ v2:1','\X2\63A86746538B677F\X0\ v2:1',#12787,
#12794,'\X2\63A86746538B677F\X0\ v2:1');
#45=NEXT_ASSEMBLY_USAGE_OCCURRENCE('\X2\63A86746\X0\ v5:1',
'\X2\63A86746\X0\ v5:1','\X2\63A86746\X0\ v5:1',#12787,#12795,
'\X2\63A86746\X0\ v5:1');
#46=NEXT_ASSEMBLY_USAGE_OCCURRENCE('\X2\6491811A\X0\ v2:1',
'\X2\6491811A\X0\ v2:1','\X2\6491811A\X0\ v2:1',#12787,#12796,
'\X2\6491811A\X0\ v2:1');
#47=SPHERICAL_SURFACE('',#7497,3.);
#48=SPHERICAL_SURFACE('',#7502,3.);
#49=SPHERICAL_SURFACE('',#7528,3.);
#50=SPHERICAL_SURFACE('',#7536,3.);
#51=SPHERICAL_SURFACE('',#7559,1.);
#52=SPHERICAL_SURFACE('',#7562,1.);
#53=SPHERICAL_SURFACE('',#7568,1.);
#54=SPHERICAL_SURFACE('',#7601,1.);
#55=SPHERICAL_SURFACE('',#7621,1.);
#56=SPHERICAL_SURFACE('',#7644,1.);
#57=SPHERICAL_SURFACE('',#7646,1.);
#58=SPHERICAL_SURFACE('',#7648,1.);
#59=SPHERICAL_SURFACE('',#7716,0.5);
#60=SPHERICAL_SURFACE('',#7721,0.5);
#61=B_SPLINE_CURVE_WITH_KNOTS('',3,(#11032,#11033,#11034,#11035,#11036,
#11037,#11038,#11039,#11040,#11041),.UNSPECIFIED.,.F.,.F.,(4,2,2,2,4),(-0.154732999100273,
-0.1152101721788,-0.0756873452573267,-0.0378436726286634,0.),
 .UNSPECIFIED.);
#62=B_SPLINE_CURVE_WITH_KNOTS('',3,(#11044,#11045,#11046,#11047,#11048,
#11049,#11050,#11051,#11052,#11053),.UNSPECIFIED.,.F.,.F.,(4,2,2,2,4),(0.306268096304924,
0.344111768933588,0.381955441562251,0.421478268483724,0.461001095405197),
 .UNSPECIFIED.);
#63=B_SPLINE_CURVE_WITH_KNOTS('',3,(#11089,#11090,#11091,#11092,#11093,
#11094,#11095,#11096,#11097,#11098),.UNSPECIFIED.,.F.,.F.,(4,2,2,2,4),(-0.154733002623639,
-0.115210173981462,-0.0756873453392841,-0.0378436726696421,0.),
 .UNSPECIFIED.);
#64=B_SPLINE_CURVE_WITH_KNOTS('',3,(#11101,#11102,#11103,#11104,#11105,
#11106,#11107,#11108,#11109,#11110),.UNSPECIFIED.,.F.,.F.,(4,2,2,2,4),(0.306268066508362,
0.344111739178004,0.381955411847646,0.421478240489824,0.461001069132001),
 .UNSPECIFIED.);
#65=B_SPLINE_CURVE_WITH_KNOTS('',3,(#11206,#11207,#11208,#11209,#11210,
#11211,#11212,#11213),.UNSPECIFIED.,.F.,.F.,(4,2,2,4),(0.306439542227252,
0.344301512894073,0.382163483560894,0.407252818022047),.UNSPECIFIED.);
#66=B_SPLINE_CURVE_WITH_KNOTS('',3,(#11224,#11225,#11226,#11227,#11228,
#11229,#11230,#11231),.UNSPECIFIED.,.F.,.F.,(4,2,2,4),(0.205621113379192,
0.230710447840344,0.268572418507166,0.306434389173987),.UNSPECIFIED.);
#67=B_SPLINE_CURVE_WITH_KNOTS('',3,(#11235,#11236,#11237,#11238,#11239,
#11240,#11241,#11242),.UNSPECIFIED.,.F.,.F.,(4,2,2,4),(0.306434389173987,
0.344296359840808,0.382158330507629,0.407247664968783),.UNSPECIFIED.);
#68=B_SPLINE_CURVE_WITH_KNOTS('',3,(#11246,#11247,#11248,#11249,#11250,
#11251,#11252,#11253),.UNSPECIFIED.,.F.,.F.,(4,2,2,4),(0.205621113379192,
0.230710447840344,0.268572418507165,0.306434389173987),.UNSPECIFIED.);
#69=B_SPLINE_CURVE_WITH_KNOTS('',3,(#11275,#11276,#11277,#11278,#11279,
#11280,#11281,#11282),.UNSPECIFIED.,.F.,.F.,(4,2,2,4),(0.,0.0378619706668211,
0.0757239413336422,0.100813275794795),.UNSPECIFIED.);
#70=B_SPLINE_CURVE_WITH_KNOTS('',3,(#11350,#11351,#11352,#11353,#11354,
#11355,#11356,#11357),.UNSPECIFIED.,.F.,.F.,(4,2,2,4),(-0.100813275794795,
-0.0757239413336422,-0.0378619706668211,0.),.UNSPECIFIED.);
#71=B_SPLINE_CURVE_WITH_KNOTS('',3,(#11361,#11362,#11363,#11364,#11365,
#11366,#11367,#11368),.UNSPECIFIED.,.F.,.F.,(4,2,2,4),(0.,0.0378619706668211,
0.0757239413336422,0.100813275794795),.UNSPECIFIED.);
#72=B_SPLINE_CURVE_WITH_KNOTS('',3,(#11372,#11373,#11374,#11375,#11376,
#11377,#11378,#11379),.UNSPECIFIED.,.F.,.F.,(4,2,2,4),(-0.100813275794796,
-0.0757239413336422,-0.0378619706668211,0.),.UNSPECIFIED.);
#73=B_SPLINE_CURVE_WITH_KNOTS('',3,(#11808,#11809,#11810,#11811,#11812,
#11813,#11814,#11815,#11816,#11817,#11818,#11819),.UNSPECIFIED.,.F.,.F.,
(4,2,2,2,2,4),(-0.0879003504561499,-0.0645858273969648,-0.0412713043377798,
-0.0206356521688899,-0.0103178260844449,0.),.UNSPECIFIED.);
#74=B_SPLINE_CURVE_WITH_KNOTS('',3,(#11828,#11829,#11830,#11831,#11832,
#11833,#11834,#11835,#11836,#11837,#11838,#11839),.UNSPECIFIED.,.F.,.F.,
(4,2,2,2,2,4),(0.,0.0103178260844426,0.0206356521688852,0.0412713043377703,
0.0645858273969482,0.087900350456126),.UNSPECIFIED.);
#75=B_SPLINE_CURVE_WITH_KNOTS('',3,(#11850,#11851,#11852,#11853,#11854,
#11855,#11856,#11857,#11858,#11859,#11860,#11861),.UNSPECIFIED.,.F.,.F.,
(4,2,2,2,2,4),(-0.164241413753696,-0.153923587669252,-0.143605761584807,
-0.122970109415917,-0.0996555863567319,-0.0763410632975469),
 .UNSPECIFIED.);
#76=B_SPLINE_CURVE_WITH_KNOTS('',3,(#11865,#11866,#11867,#11868,#11869,
#11870,#11871,#11872,#11873,#11874,#11875,#11876),.UNSPECIFIED.,.F.,.F.,
(4,2,2,2,2,4),(0.076341063297545,0.0996555863567227,0.1229701094159,0.143605761584786,
0.153923587669228,0.164241413753671),.UNSPECIFIED.);
#77=B_SPLINE_CURVE_WITH_KNOTS('',3,(#11889,#11890,#11891,#11892,#11893,
#11894,#11895,#11896,#11897,#11898,#11899),.UNSPECIFIED.,.F.,.F.,(4,2,3,
2,4),(1.54333411481511,1.57156707204158,1.62331975145165,1.67507243086171,
1.70330538808819),.UNSPECIFIED.);
#78=B_SPLINE_CURVE_WITH_KNOTS('',3,(#11911,#11912,#11913,#11914,#11915,
#11916,#11917,#11918,#11919,#11920,#11921),.UNSPECIFIED.,.F.,.F.,(4,2,3,
2,4),(1.5433341148151,1.57156707204158,1.62331975145165,1.67507243086171,
1.70330538808819),.UNSPECIFIED.);
#79=B_SPLINE_SURFACE_WITH_KNOTS('',3,3,((#10824,#10825,#10826,#10827,#10828,
#10829,#10830),(#10831,#10832,#10833,#10834,#10835,#10836,#10837),(#10838,
#10839,#10840,#10841,#10842,#10843,#10844),(#10845,#10846,#10847,#10848,
#10849,#10850,#10851),(#10852,#10853,#10854,#10855,#10856,#10857,#10858),
(#10859,#10860,#10861,#10862,#10863,#10864,#10865)),.UNSPECIFIED.,.F.,.F.,
 .F.,(4,1,1,4),(4,1,1,1,4),(0.,0.285714285714286,0.571428571428571,1.),
(-1.5707963267949,-1.23419711391028,-0.897597901025656,-0.448798950512828,
3.53037231651032E-16),.UNSPECIFIED.);
#80=B_SPLINE_SURFACE_WITH_KNOTS('',3,3,((#10869,#10870,#10871,#10872,#10873,
#10874,#10875),(#10876,#10877,#10878,#10879,#10880,#10881,#10882),(#10883,
#10884,#10885,#10886,#10887,#10888,#10889),(#10890,#10891,#10892,#10893,
#10894,#10895,#10896),(#10897,#10898,#10899,#10900,#10901,#10902,#10903),
(#10904,#10905,#10906,#10907,#10908,#10909,#10910)),.UNSPECIFIED.,.F.,.F.,
 .F.,(4,1,1,4),(4,1,1,1,4),(0.,0.285714285714286,0.571428571428571,1.),
(-3.65212718009236E-17,0.448798950512828,0.673198425769241,1.12199737628207,
1.5707963267949),.UNSPECIFIED.);
#81=B_SPLINE_SURFACE_WITH_KNOTS('',3,3,((#10918,#10919,#10920,#10921,#10922,
#10923),(#10924,#10925,#10926,#10927,#10928,#10929),(#10930,#10931,#10932,
#10933,#10934,#10935),(#10936,#10937,#10938,#10939,#10940,#10941),(#10942,
#10943,#10944,#10945,#10946,#10947),(#10948,#10949,#10950,#10951,#10952,
#10953)),.UNSPECIFIED.,.F.,.F.,.F.,(4,1,1,4),(4,1,1,4),(0.,0.285714285714286,
0.571428571428571,1.),(-1.5707963267949,-0.897597901025655,-0.448798950512828,
3.02383206036304E-17),.UNSPECIFIED.);
#82=B_SPLINE_SURFACE_WITH_KNOTS('',3,3,((#10960,#10961,#10962,#10963,#10964,
#10965),(#10966,#10967,#10968,#10969,#10970,#10971),(#10972,#10973,#10974,
#10975,#10976,#10977),(#10978,#10979,#10980,#10981,#10982,#10983),(#10984,
#10985,#10986,#10987,#10988,#10989),(#10990,#10991,#10992,#10993,#10994,
#10995)),.UNSPECIFIED.,.F.,.F.,.F.,(4,1,1,4),(4,1,1,4),(0.,0.285714285714286,
0.571428571428571,1.),(0.,0.673198425769241,1.12199737628207,1.57079632679489),
 .UNSPECIFIED.);
#83=ELLIPSE('',#7374,5.03542163265508,5.);
#84=ELLIPSE('',#7375,5.03542163265508,5.);
#85=ELLIPSE('',#7377,5.03542163265508,5.);
#86=ELLIPSE('',#7378,5.03542163265508,5.);
#87=ELLIPSE('',#7380,5.03542163265508,5.);
#88=ELLIPSE('',#7381,5.03542163265508,5.);
#89=ELLIPSE('',#7383,5.03542163265508,5.);
#90=ELLIPSE('',#7384,5.03542163265508,5.);
#91=ELLIPSE('',#7409,10.0177577839859,10.);
#92=ELLIPSE('',#7412,10.0177577839859,10.);
#93=ELLIPSE('',#7421,10.0177577839859,10.);
#94=ELLIPSE('',#7425,10.0177577839859,10.);
#95=ELLIPSE('',#7473,3.27294902179149,3.25);
#96=ELLIPSE('',#7474,3.27294902179149,3.25);
#97=ELLIPSE('',#7711,0.554792875992312,0.5);
#98=ELLIPSE('',#7719,0.554792875992312,0.5);
#99=ELLIPSE('',#7726,0.522291670951007,0.5);
#100=ELLIPSE('',#7729,0.522291670951007,0.5);
#101=ELLIPSE('',#7868,0.522291670951007,0.5);
#102=ELLIPSE('',#7872,0.522291670951007,0.5);
#103=ELLIPSE('',#7876,0.522291670951006,0.5);
#104=ELLIPSE('',#7877,0.522291670951007,0.5);
#105=ELLIPSE('',#7880,0.522291670951006,0.5);
#106=ELLIPSE('',#7881,0.522291670951007,0.5);
#107=(
BOUNDED_SURFACE()
B_SPLINE_SURFACE(1,2,((#10645,#10646,#10647),(#10648,#10649,#10650)),
 .UNSPECIFIED.,.F.,.F.,.F.)
B_SPLINE_SURFACE_WITH_KNOTS((2,2),(3,3),(-2.92139489986001E-15,0.198593101621306),
(0.,1.5707963267949),.UNSPECIFIED.)
GEOMETRIC_REPRESENTATION_ITEM()
RATIONAL_B_SPLINE_SURFACE(((1.,0.707106781186548,1.),(1.,0.707106781186548,
1.)))
REPRESENTATION_ITEM('')
SURFACE()
);
#108=(
BOUNDED_SURFACE()
B_SPLINE_SURFACE(1,2,((#10665,#10666,#10667),(#10668,#10669,#10670)),
 .UNSPECIFIED.,.F.,.F.,.F.)
B_SPLINE_SURFACE_WITH_KNOTS((2,2),(3,3),(-2.92139489986001E-15,0.198593101621306),
(-1.5707963267949,0.),.UNSPECIFIED.)
GEOMETRIC_REPRESENTATION_ITEM()
RATIONAL_B_SPLINE_SURFACE(((1.,0.707106781186548,1.),(1.,0.707106781186548,
1.)))
REPRESENTATION_ITEM('')
SURFACE()
);
#109=(
BOUNDED_SURFACE()
B_SPLINE_SURFACE(1,2,((#10682,#10683,#10684),(#10685,#10686,#10687)),
 .UNSPECIFIED.,.F.,.F.,.F.)
B_SPLINE_SURFACE_WITH_KNOTS((2,2),(3,3),(0.,0.198593101621309),(-2.22044604925031E-16,
1.5707963267949),.UNSPECIFIED.)
GEOMETRIC_REPRESENTATION_ITEM()
RATIONAL_B_SPLINE_SURFACE(((1.,0.707106781186547,1.),(1.,0.707106781186547,
1.)))
REPRESENTATION_ITEM('')
SURFACE()
);
#110=(
BOUNDED_SURFACE()
B_SPLINE_SURFACE(1,2,((#10699,#10700,#10701),(#10702,#10703,#10704)),
 .UNSPECIFIED.,.F.,.F.,.F.)
B_SPLINE_SURFACE_WITH_KNOTS((2,2),(3,3),(-5.22120376051025E-17,0.198593101621309),
(-1.5707963267949,6.66133814775094E-16),.UNSPECIFIED.)
GEOMETRIC_REPRESENTATION_ITEM()
RATIONAL_B_SPLINE_SURFACE(((1.,0.707106781186547,1.),(1.,0.707106781186547,
1.)))
REPRESENTATION_ITEM('')
SURFACE()
);
#111=(
BOUNDED_SURFACE()
B_SPLINE_SURFACE(2,2,((#10714,#10715,#10716),(#10717,#10718,#10719),(#10720,
#10721,#10722)),.UNSPECIFIED.,.F.,.F.,.F.)
B_SPLINE_SURFACE_WITH_KNOTS((3,3),(3,3),(-1.5707963267949,0.),(-1.5707963267949,
0.),.UNSPECIFIED.)
GEOMETRIC_REPRESENTATION_ITEM()
RATIONAL_B_SPLINE_SURFACE(((1.,0.707106781186548,1.),(0.707106781186543,
0.499999999999997,0.707106781186543),(1.,0.707106781186548,1.)))
REPRESENTATION_ITEM('')
SURFACE()
);
#112=(
BOUNDED_SURFACE()
B_SPLINE_SURFACE(2,2,((#10737,#10738,#10739),(#10740,#10741,#10742),(#10743,
#10744,#10745)),.UNSPECIFIED.,.F.,.F.,.F.)
B_SPLINE_SURFACE_WITH_KNOTS((3,3),(3,3),(-1.5707963267949,0.),(0.,1.5707963267949),
 .UNSPECIFIED.)
GEOMETRIC_REPRESENTATION_ITEM()
RATIONAL_B_SPLINE_SURFACE(((1.,0.707106781186548,1.),(0.707106781186545,
0.499999999999998,0.707106781186545),(1.,0.707106781186548,1.)))
REPRESENTATION_ITEM('')
SURFACE()
);
#113=(
BOUNDED_SURFACE()
B_SPLINE_SURFACE(2,2,((#10757,#10758,#10759),(#10760,#10761,#10762),(#10763,
#10764,#10765)),.UNSPECIFIED.,.F.,.F.,.F.)
B_SPLINE_SURFACE_WITH_KNOTS((3,3),(3,3),(-1.5707963267949,0.),(1.5707963267949,
3.14159265358979),.UNSPECIFIED.)
GEOMETRIC_REPRESENTATION_ITEM()
RATIONAL_B_SPLINE_SURFACE(((1.,0.707106781186548,1.),(0.707106781186543,
0.499999999999997,0.707106781186543),(1.,0.707106781186548,1.)))
REPRESENTATION_ITEM('')
SURFACE()
);
#114=(
BOUNDED_SURFACE()
B_SPLINE_SURFACE(2,2,((#10777,#10778,#10779),(#10780,#10781,#10782),(#10783,
#10784,#10785)),.UNSPECIFIED.,.F.,.F.,.F.)
B_SPLINE_SURFACE_WITH_KNOTS((3,3),(3,3),(-1.5707963267949,0.),(-3.14159265358979,
-1.5707963267949),.UNSPECIFIED.)
GEOMETRIC_REPRESENTATION_ITEM()
RATIONAL_B_SPLINE_SURFACE(((1.,0.707106781186548,1.),(0.707106781186543,
0.499999999999997,0.707106781186543),(1.,0.707106781186548,1.)))
REPRESENTATION_ITEM('')
SURFACE()
);
#115=TOROIDAL_SURFACE('',#7327,4.,1.);
#116=TOROIDAL_SURFACE('',#7333,4.,1.);
#117=TOROIDAL_SURFACE('',#7344,4.,1.);
#118=TOROIDAL_SURFACE('',#7350,4.,1.);
#119=TOROIDAL_SURFACE('',#7586,6.,1.);
#120=TOROIDAL_SURFACE('',#7590,6.,1.);
#121=TOROIDAL_SURFACE('',#7593,6.,1.);
#122=TOROIDAL_SURFACE('',#7596,6.,1.);
#123=TOROIDAL_SURFACE('',#7611,4.,1.);
#124=TOROIDAL_SURFACE('',#7616,4.,1.);
#125=TOROIDAL_SURFACE('',#7657,6.,1.);
#126=TOROIDAL_SURFACE('',#7662,4.,1.);
#127=TOROIDAL_SURFACE('',#7667,4.,1.);
#128=TOROIDAL_SURFACE('',#7672,6.,1.);
#129=TOROIDAL_SURFACE('',#7679,6.,1.);
#130=TOROIDAL_SURFACE('',#7683,6.,1.);
#131=TOROIDAL_SURFACE('',#7689,6.,1.);
#132=TOROIDAL_SURFACE('',#7694,6.,1.);
#133=TOROIDAL_SURFACE('',#7696,6.,1.);
#134=TOROIDAL_SURFACE('',#7700,6.,1.);
#135=TOROIDAL_SURFACE('',#7834,13.,2.);
#136=TOROIDAL_SURFACE('',#7840,13.,2.);
#137=SHAPE_REPRESENTATION_RELATIONSHIP('SRR','None',#12777,#146);
#138=SHAPE_REPRESENTATION_RELATIONSHIP('SRR','None',#12778,#147);
#139=SHAPE_REPRESENTATION_RELATIONSHIP('SRR','None',#12780,#148);
#140=SHAPE_REPRESENTATION_RELATIONSHIP('SRR','None',#12781,#149);
#141=SHAPE_REPRESENTATION_RELATIONSHIP('SRR','None',#12782,#150);
#142=SHAPE_REPRESENTATION_RELATIONSHIP('SRR','None',#12783,#151);
#143=SHAPE_REPRESENTATION_RELATIONSHIP('SRR','None',#12784,#152);
#144=SHAPE_REPRESENTATION_RELATIONSHIP('SRR','None',#12785,#153);
#145=SHAPE_REPRESENTATION_RELATIONSHIP('SRR','None',#12776,#154);
#146=ADVANCED_BREP_SHAPE_REPRESENTATION('',(#164),#12733);
#147=ADVANCED_BREP_SHAPE_REPRESENTATION('',(#165),#12734);
#148=ADVANCED_BREP_SHAPE_REPRESENTATION('',(#166),#12736);
#149=ADVANCED_BREP_SHAPE_REPRESENTATION('',(#167),#12737);
#150=ADVANCED_BREP_SHAPE_REPRESENTATION('',(#168),#12738);
#151=ADVANCED_BREP_SHAPE_REPRESENTATION('',(#169),#12739);
#152=ADVANCED_BREP_SHAPE_REPRESENTATION('',(#170),#12740);
#153=ADVANCED_BREP_SHAPE_REPRESENTATION('',(#171),#12741);
#154=ADVANCED_BREP_SHAPE_REPRESENTATION('',(#172),#12732);
#155=STYLED_ITEM('',(#12830),#164);
#156=STYLED_ITEM('',(#12830),#165);
#157=STYLED_ITEM('',(#12830),#166);
#158=STYLED_ITEM('',(#12830),#167);
#159=STYLED_ITEM('',(#12830),#168);
#160=STYLED_ITEM('',(#12830),#169);
#161=STYLED_ITEM('',(#12830),#170);
#162=STYLED_ITEM('',(#12830),#171);
#163=STYLED_ITEM('',(#12830),#172);
#164=MANIFOLD_SOLID_BREP('\X2\5B9E4F53\X0\1',#7156);
#165=MANIFOLD_SOLID_BREP('\X2\5B9E4F53\X0\2',#7157);
#166=MANIFOLD_SOLID_BREP('\X2\5B9E4F53\X0\1',#7158);
#167=MANIFOLD_SOLID_BREP('\X2\5B9E4F53\X0\1',#7159);
#168=MANIFOLD_SOLID_BREP('\X2\5B9E4F53\X0\1',#7160);
#169=MANIFOLD_SOLID_BREP('\X2\5B9E4F53\X0\1',#7161);
#170=MANIFOLD_SOLID_BREP('\X2\5B9E4F53\X0\1',#7162);
#171=MANIFOLD_SOLID_BREP('\X2\5B9E4F53\X0\1',#7163);
#172=MANIFOLD_SOLID_BREP('\X2\5B9E4F53\X0\1',#7164);
#173=FACE_BOUND('',#815,.T.);
#174=FACE_BOUND('',#821,.T.);
#175=FACE_BOUND('',#823,.T.);
#176=FACE_BOUND('',#825,.T.);
#177=FACE_BOUND('',#826,.T.);
#178=FACE_BOUND('',#831,.T.);
#179=FACE_BOUND('',#856,.T.);
#180=FACE_BOUND('',#857,.T.);
#181=FACE_BOUND('',#888,.T.);
#182=FACE_BOUND('',#911,.T.);
#183=FACE_BOUND('',#929,.T.);
#184=FACE_BOUND('',#932,.T.);
#185=FACE_BOUND('',#937,.T.);
#186=FACE_BOUND('',#939,.T.);
#187=FACE_BOUND('',#950,.T.);
#188=FACE_BOUND('',#951,.T.);
#189=FACE_BOUND('',#954,.T.);
#190=FACE_BOUND('',#957,.T.);
#191=FACE_BOUND('',#961,.T.);
#192=FACE_BOUND('',#962,.T.);
#193=FACE_BOUND('',#972,.T.);
#194=FACE_BOUND('',#979,.T.);
#195=FACE_BOUND('',#980,.T.);
#196=FACE_BOUND('',#1002,.T.);
#197=FACE_BOUND('',#1037,.T.);
#198=FACE_BOUND('',#1046,.T.);
#199=FACE_BOUND('',#1098,.T.);
#200=FACE_BOUND('',#1099,.T.);
#201=FACE_BOUND('',#1101,.T.);
#202=FACE_BOUND('',#1102,.T.);
#203=FACE_BOUND('',#1103,.T.);
#204=FACE_BOUND('',#1104,.T.);
#205=FACE_BOUND('',#1105,.T.);
#206=FACE_BOUND('',#1106,.T.);
#207=FACE_BOUND('',#1107,.T.);
#208=FACE_BOUND('',#1108,.T.);
#209=FACE_BOUND('',#1109,.T.);
#210=FACE_BOUND('',#1110,.T.);
#211=FACE_BOUND('',#1111,.T.);
#212=FACE_BOUND('',#1112,.T.);
#213=FACE_BOUND('',#1113,.T.);
#214=FACE_BOUND('',#1114,.T.);
#215=FACE_BOUND('',#1115,.T.);
#216=FACE_BOUND('',#1116,.T.);
#217=FACE_BOUND('',#1117,.T.);
#218=FACE_BOUND('',#1150,.T.);
#219=FACE_BOUND('',#1151,.T.);
#220=FACE_BOUND('',#1152,.T.);
#221=FACE_BOUND('',#1153,.T.);
#222=FACE_BOUND('',#1154,.T.);
#223=FACE_BOUND('',#1155,.T.);
#224=FACE_BOUND('',#1156,.T.);
#225=FACE_BOUND('',#1157,.T.);
#226=FACE_BOUND('',#1158,.T.);
#227=FACE_BOUND('',#1159,.T.);
#228=FACE_BOUND('',#1160,.T.);
#229=FACE_BOUND('',#1161,.T.);
#230=FACE_BOUND('',#1162,.T.);
#231=FACE_BOUND('',#1163,.T.);
#232=FACE_BOUND('',#1164,.T.);
#233=FACE_BOUND('',#1165,.T.);
#234=FACE_BOUND('',#1166,.T.);
#235=FACE_BOUND('',#1167,.T.);
#236=FACE_BOUND('',#1169,.T.);
#237=FACE_BOUND('',#1170,.T.);
#238=FACE_BOUND('',#1171,.T.);
#239=FACE_BOUND('',#1172,.T.);
#240=FACE_BOUND('',#1178,.T.);
#241=PLANE('',#7270);
#242=PLANE('',#7271);
#243=PLANE('',#7272);
#244=PLANE('',#7273);
#245=PLANE('',#7274);
#246=PLANE('',#7275);
#247=PLANE('',#7276);
#248=PLANE('',#7277);
#249=PLANE('',#7278);
#250=PLANE('',#7279);
#251=PLANE('',#7281);
#252=PLANE('',#7284);
#253=PLANE('',#7287);
#254=PLANE('',#7288);
#255=PLANE('',#7289);
#256=PLANE('',#7290);
#257=PLANE('',#7292);
#258=PLANE('',#7293);
#259=PLANE('',#7294);
#260=PLANE('',#7295);
#261=PLANE('',#7296);
#262=PLANE('',#7297);
#263=PLANE('',#7298);
#264=PLANE('',#7299);
#265=PLANE('',#7300);
#266=PLANE('',#7301);
#267=PLANE('',#7302);
#268=PLANE('',#7303);
#269=PLANE('',#7304);
#270=PLANE('',#7305);
#271=PLANE('',#7306);
#272=PLANE('',#7307);
#273=PLANE('',#7308);
#274=PLANE('',#7309);
#275=PLANE('',#7310);
#276=PLANE('',#7311);
#277=PLANE('',#7312);
#278=PLANE('',#7313);
#279=PLANE('',#7314);
#280=PLANE('',#7315);
#281=PLANE('',#7317);
#282=PLANE('',#7318);
#283=PLANE('',#7339);
#284=PLANE('',#7340);
#285=PLANE('',#7356);
#286=PLANE('',#7357);
#287=PLANE('',#7359);
#288=PLANE('',#7364);
#289=PLANE('',#7366);
#290=PLANE('',#7369);
#291=PLANE('',#7370);
#292=PLANE('',#7371);
#293=PLANE('',#7372);
#294=PLANE('',#7376);
#295=PLANE('',#7379);
#296=PLANE('',#7382);
#297=PLANE('',#7385);
#298=PLANE('',#7386);
#299=PLANE('',#7407);
#300=PLANE('',#7410);
#301=PLANE('',#7413);
#302=PLANE('',#7429);
#303=PLANE('',#7431);
#304=PLANE('',#7443);
#305=PLANE('',#7444);
#306=PLANE('',#7446);
#307=PLANE('',#7447);
#308=PLANE('',#7454);
#309=PLANE('',#7455);
#310=PLANE('',#7456);
#311=PLANE('',#7459);
#312=PLANE('',#7462);
#313=PLANE('',#7465);
#314=PLANE('',#7466);
#315=PLANE('',#7471);
#316=PLANE('',#7472);
#317=PLANE('',#7477);
#318=PLANE('',#7481);
#319=PLANE('',#7487);
#320=PLANE('',#7488);
#321=PLANE('',#7489);
#322=PLANE('',#7507);
#323=PLANE('',#7510);
#324=PLANE('',#7513);
#325=PLANE('',#7515);
#326=PLANE('',#7518);
#327=PLANE('',#7519);
#328=PLANE('',#7524);
#329=PLANE('',#7532);
#330=PLANE('',#7537);
#331=PLANE('',#7539);
#332=PLANE('',#7543);
#333=PLANE('',#7546);
#334=PLANE('',#7547);
#335=PLANE('',#7550);
#336=PLANE('',#7551);
#337=PLANE('',#7552);
#338=PLANE('',#7553);
#339=PLANE('',#7554);
#340=PLANE('',#7570);
#341=PLANE('',#7574);
#342=PLANE('',#7605);
#343=PLANE('',#7625);
#344=PLANE('',#7628);
#345=PLANE('',#7632);
#346=PLANE('',#7649);
#347=PLANE('',#7655);
#348=PLANE('',#7707);
#349=PLANE('',#7708);
#350=PLANE('',#7723);
#351=PLANE('',#7727);
#352=PLANE('',#7730);
#353=PLANE('',#7734);
#354=PLANE('',#7737);
#355=PLANE('',#7743);
#356=PLANE('',#7744);
#357=PLANE('',#7745);
#358=PLANE('',#7746);
#359=PLANE('',#7747);
#360=PLANE('',#7751);
#361=PLANE('',#7760);
#362=PLANE('',#7829);
#363=PLANE('',#7830);
#364=PLANE('',#7846);
#365=PLANE('',#7849);
#366=PLANE('',#7856);
#367=PLANE('',#7859);
#368=PLANE('',#7866);
#369=PLANE('',#7870);
#370=PLANE('',#7874);
#371=PLANE('',#7878);
#372=PLANE('',#7882);
#373=PLANE('',#7883);
#374=PLANE('',#7888);
#375=PLANE('',#7951);
#376=PLANE('',#7952);
#377=PLANE('',#7955);
#378=PLANE('',#7958);
#379=PLANE('',#7961);
#380=PLANE('',#7963);
#381=PLANE('',#7964);
#382=PLANE('',#7967);
#383=PLANE('',#7971);
#384=PLANE('',#7973);
#385=PLANE('',#7977);
#386=PLANE('',#7979);
#387=PLANE('',#7983);
#388=PLANE('',#7985);
#389=PLANE('',#7989);
#390=PLANE('',#7991);
#391=PLANE('',#7995);
#392=PLANE('',#7997);
#393=PLANE('',#8001);
#394=PLANE('',#8003);
#395=PLANE('',#8007);
#396=PLANE('',#8009);
#397=PLANE('',#8013);
#398=PLANE('',#8015);
#399=PLANE('',#8019);
#400=PLANE('',#8021);
#401=PLANE('',#8025);
#402=PLANE('',#8027);
#403=PLANE('',#8031);
#404=PLANE('',#8033);
#405=PLANE('',#8037);
#406=PLANE('',#8039);
#407=PLANE('',#8043);
#408=PLANE('',#8045);
#409=PLANE('',#8049);
#410=PLANE('',#8051);
#411=PLANE('',#8055);
#412=FACE_OUTER_BOUND('',#809,.T.);
#413=FACE_OUTER_BOUND('',#810,.T.);
#414=FACE_OUTER_BOUND('',#811,.T.);
#415=FACE_OUTER_BOUND('',#812,.T.);
#416=FACE_OUTER_BOUND('',#813,.T.);
#417=FACE_OUTER_BOUND('',#814,.T.);
#418=FACE_OUTER_BOUND('',#816,.T.);
#419=FACE_OUTER_BOUND('',#817,.T.);
#420=FACE_OUTER_BOUND('',#818,.T.);
#421=FACE_OUTER_BOUND('',#819,.T.);
#422=FACE_OUTER_BOUND('',#820,.T.);
#423=FACE_OUTER_BOUND('',#822,.T.);
#424=FACE_OUTER_BOUND('',#824,.T.);
#425=FACE_OUTER_BOUND('',#827,.T.);
#426=FACE_OUTER_BOUND('',#828,.T.);
#427=FACE_OUTER_BOUND('',#829,.T.);
#428=FACE_OUTER_BOUND('',#830,.T.);
#429=FACE_OUTER_BOUND('',#832,.T.);
#430=FACE_OUTER_BOUND('',#833,.T.);
#431=FACE_OUTER_BOUND('',#834,.T.);
#432=FACE_OUTER_BOUND('',#835,.T.);
#433=FACE_OUTER_BOUND('',#836,.T.);
#434=FACE_OUTER_BOUND('',#837,.T.);
#435=FACE_OUTER_BOUND('',#838,.T.);
#436=FACE_OUTER_BOUND('',#839,.T.);
#437=FACE_OUTER_BOUND('',#840,.T.);
#438=FACE_OUTER_BOUND('',#841,.T.);
#439=FACE_OUTER_BOUND('',#842,.T.);
#440=FACE_OUTER_BOUND('',#843,.T.);
#441=FACE_OUTER_BOUND('',#844,.T.);
#442=FACE_OUTER_BOUND('',#845,.T.);
#443=FACE_OUTER_BOUND('',#846,.T.);
#444=FACE_OUTER_BOUND('',#847,.T.);
#445=FACE_OUTER_BOUND('',#848,.T.);
#446=FACE_OUTER_BOUND('',#849,.T.);
#447=FACE_OUTER_BOUND('',#850,.T.);
#448=FACE_OUTER_BOUND('',#851,.T.);
#449=FACE_OUTER_BOUND('',#852,.T.);
#450=FACE_OUTER_BOUND('',#853,.T.);
#451=FACE_OUTER_BOUND('',#854,.T.);
#452=FACE_OUTER_BOUND('',#855,.T.);
#453=FACE_OUTER_BOUND('',#858,.T.);
#454=FACE_OUTER_BOUND('',#859,.T.);
#455=FACE_OUTER_BOUND('',#860,.T.);
#456=FACE_OUTER_BOUND('',#861,.T.);
#457=FACE_OUTER_BOUND('',#862,.T.);
#458=FACE_OUTER_BOUND('',#863,.T.);
#459=FACE_OUTER_BOUND('',#864,.T.);
#460=FACE_OUTER_BOUND('',#865,.T.);
#461=FACE_OUTER_BOUND('',#866,.T.);
#462=FACE_OUTER_BOUND('',#867,.T.);
#463=FACE_OUTER_BOUND('',#868,.T.);
#464=FACE_OUTER_BOUND('',#869,.T.);
#465=FACE_OUTER_BOUND('',#870,.T.);
#466=FACE_OUTER_BOUND('',#871,.T.);
#467=FACE_OUTER_BOUND('',#872,.T.);
#468=FACE_OUTER_BOUND('',#873,.T.);
#469=FACE_OUTER_BOUND('',#874,.T.);
#470=FACE_OUTER_BOUND('',#875,.T.);
#471=FACE_OUTER_BOUND('',#876,.T.);
#472=FACE_OUTER_BOUND('',#877,.T.);
#473=FACE_OUTER_BOUND('',#878,.T.);
#474=FACE_OUTER_BOUND('',#879,.T.);
#475=FACE_OUTER_BOUND('',#880,.T.);
#476=FACE_OUTER_BOUND('',#881,.T.);
#477=FACE_OUTER_BOUND('',#882,.T.);
#478=FACE_OUTER_BOUND('',#883,.T.);
#479=FACE_OUTER_BOUND('',#884,.T.);
#480=FACE_OUTER_BOUND('',#885,.T.);
#481=FACE_OUTER_BOUND('',#886,.T.);
#482=FACE_OUTER_BOUND('',#887,.T.);
#483=FACE_OUTER_BOUND('',#889,.T.);
#484=FACE_OUTER_BOUND('',#890,.T.);
#485=FACE_OUTER_BOUND('',#891,.T.);
#486=FACE_OUTER_BOUND('',#892,.T.);
#487=FACE_OUTER_BOUND('',#893,.T.);
#488=FACE_OUTER_BOUND('',#894,.T.);
#489=FACE_OUTER_BOUND('',#895,.T.);
#490=FACE_OUTER_BOUND('',#896,.T.);
#491=FACE_OUTER_BOUND('',#897,.T.);
#492=FACE_OUTER_BOUND('',#898,.T.);
#493=FACE_OUTER_BOUND('',#899,.T.);
#494=FACE_OUTER_BOUND('',#900,.T.);
#495=FACE_OUTER_BOUND('',#901,.T.);
#496=FACE_OUTER_BOUND('',#902,.T.);
#497=FACE_OUTER_BOUND('',#903,.T.);
#498=FACE_OUTER_BOUND('',#904,.T.);
#499=FACE_OUTER_BOUND('',#905,.T.);
#500=FACE_OUTER_BOUND('',#906,.T.);
#501=FACE_OUTER_BOUND('',#907,.T.);
#502=FACE_OUTER_BOUND('',#908,.T.);
#503=FACE_OUTER_BOUND('',#909,.T.);
#504=FACE_OUTER_BOUND('',#910,.T.);
#505=FACE_OUTER_BOUND('',#912,.T.);
#506=FACE_OUTER_BOUND('',#913,.T.);
#507=FACE_OUTER_BOUND('',#914,.T.);
#508=FACE_OUTER_BOUND('',#915,.T.);
#509=FACE_OUTER_BOUND('',#916,.T.);
#510=FACE_OUTER_BOUND('',#917,.T.);
#511=FACE_OUTER_BOUND('',#918,.T.);
#512=FACE_OUTER_BOUND('',#919,.T.);
#513=FACE_OUTER_BOUND('',#920,.T.);
#514=FACE_OUTER_BOUND('',#921,.T.);
#515=FACE_OUTER_BOUND('',#922,.T.);
#516=FACE_OUTER_BOUND('',#923,.T.);
#517=FACE_OUTER_BOUND('',#924,.T.);
#518=FACE_OUTER_BOUND('',#925,.T.);
#519=FACE_OUTER_BOUND('',#926,.T.);
#520=FACE_OUTER_BOUND('',#927,.T.);
#521=FACE_OUTER_BOUND('',#928,.T.);
#522=FACE_OUTER_BOUND('',#930,.T.);
#523=FACE_OUTER_BOUND('',#931,.T.);
#524=FACE_OUTER_BOUND('',#933,.T.);
#525=FACE_OUTER_BOUND('',#934,.T.);
#526=FACE_OUTER_BOUND('',#935,.T.);
#527=FACE_OUTER_BOUND('',#936,.T.);
#528=FACE_OUTER_BOUND('',#938,.T.);
#529=FACE_OUTER_BOUND('',#940,.T.);
#530=FACE_OUTER_BOUND('',#941,.T.);
#531=FACE_OUTER_BOUND('',#942,.T.);
#532=FACE_OUTER_BOUND('',#943,.T.);
#533=FACE_OUTER_BOUND('',#944,.T.);
#534=FACE_OUTER_BOUND('',#945,.T.);
#535=FACE_OUTER_BOUND('',#946,.T.);
#536=FACE_OUTER_BOUND('',#947,.T.);
#537=FACE_OUTER_BOUND('',#948,.T.);
#538=FACE_OUTER_BOUND('',#949,.T.);
#539=FACE_OUTER_BOUND('',#952,.T.);
#540=FACE_OUTER_BOUND('',#953,.T.);
#541=FACE_OUTER_BOUND('',#955,.T.);
#542=FACE_OUTER_BOUND('',#956,.T.);
#543=FACE_OUTER_BOUND('',#958,.T.);
#544=FACE_OUTER_BOUND('',#959,.T.);
#545=FACE_OUTER_BOUND('',#960,.T.);
#546=FACE_OUTER_BOUND('',#963,.T.);
#547=FACE_OUTER_BOUND('',#964,.T.);
#548=FACE_OUTER_BOUND('',#965,.T.);
#549=FACE_OUTER_BOUND('',#966,.T.);
#550=FACE_OUTER_BOUND('',#967,.T.);
#551=FACE_OUTER_BOUND('',#968,.T.);
#552=FACE_OUTER_BOUND('',#969,.T.);
#553=FACE_OUTER_BOUND('',#970,.T.);
#554=FACE_OUTER_BOUND('',#971,.T.);
#555=FACE_OUTER_BOUND('',#973,.T.);
#556=FACE_OUTER_BOUND('',#974,.T.);
#557=FACE_OUTER_BOUND('',#975,.T.);
#558=FACE_OUTER_BOUND('',#976,.T.);
#559=FACE_OUTER_BOUND('',#977,.T.);
#560=FACE_OUTER_BOUND('',#978,.T.);
#561=FACE_OUTER_BOUND('',#981,.T.);
#562=FACE_OUTER_BOUND('',#982,.T.);
#563=FACE_OUTER_BOUND('',#983,.T.);
#564=FACE_OUTER_BOUND('',#984,.T.);
#565=FACE_OUTER_BOUND('',#985,.T.);
#566=FACE_OUTER_BOUND('',#986,.T.);
#567=FACE_OUTER_BOUND('',#987,.T.);
#568=FACE_OUTER_BOUND('',#988,.T.);
#569=FACE_OUTER_BOUND('',#989,.T.);
#570=FACE_OUTER_BOUND('',#990,.T.);
#571=FACE_OUTER_BOUND('',#991,.T.);
#572=FACE_OUTER_BOUND('',#992,.T.);
#573=FACE_OUTER_BOUND('',#993,.T.);
#574=FACE_OUTER_BOUND('',#994,.T.);
#575=FACE_OUTER_BOUND('',#995,.T.);
#576=FACE_OUTER_BOUND('',#996,.T.);
#577=FACE_OUTER_BOUND('',#997,.T.);
#578=FACE_OUTER_BOUND('',#998,.T.);
#579=FACE_OUTER_BOUND('',#999,.T.);
#580=FACE_OUTER_BOUND('',#1000,.T.);
#581=FACE_OUTER_BOUND('',#1001,.T.);
#582=FACE_OUTER_BOUND('',#1003,.T.);
#583=FACE_OUTER_BOUND('',#1004,.T.);
#584=FACE_OUTER_BOUND('',#1005,.T.);
#585=FACE_OUTER_BOUND('',#1006,.T.);
#586=FACE_OUTER_BOUND('',#1007,.T.);
#587=FACE_OUTER_BOUND('',#1008,.T.);
#588=FACE_OUTER_BOUND('',#1009,.T.);
#589=FACE_OUTER_BOUND('',#1010,.T.);
#590=FACE_OUTER_BOUND('',#1011,.T.);
#591=FACE_OUTER_BOUND('',#1012,.T.);
#592=FACE_OUTER_BOUND('',#1013,.T.);
#593=FACE_OUTER_BOUND('',#1014,.T.);
#594=FACE_OUTER_BOUND('',#1015,.T.);
#595=FACE_OUTER_BOUND('',#1016,.T.);
#596=FACE_OUTER_BOUND('',#1017,.T.);
#597=FACE_OUTER_BOUND('',#1018,.T.);
#598=FACE_OUTER_BOUND('',#1019,.T.);
#599=FACE_OUTER_BOUND('',#1020,.T.);
#600=FACE_OUTER_BOUND('',#1021,.T.);
#601=FACE_OUTER_BOUND('',#1022,.T.);
#602=FACE_OUTER_BOUND('',#1023,.T.);
#603=FACE_OUTER_BOUND('',#1024,.T.);
#604=FACE_OUTER_BOUND('',#1025,.T.);
#605=FACE_OUTER_BOUND('',#1026,.T.);
#606=FACE_OUTER_BOUND('',#1027,.T.);
#607=FACE_OUTER_BOUND('',#1028,.T.);
#608=FACE_OUTER_BOUND('',#1029,.T.);
#609=FACE_OUTER_BOUND('',#1030,.T.);
#610=FACE_OUTER_BOUND('',#1031,.T.);
#611=FACE_OUTER_BOUND('',#1032,.T.);
#612=FACE_OUTER_BOUND('',#1033,.T.);
#613=FACE_OUTER_BOUND('',#1034,.T.);
#614=FACE_OUTER_BOUND('',#1035,.T.);
#615=FACE_OUTER_BOUND('',#1036,.T.);
#616=FACE_OUTER_BOUND('',#1038,.T.);
#617=FACE_OUTER_BOUND('',#1039,.T.);
#618=FACE_OUTER_BOUND('',#1040,.T.);
#619=FACE_OUTER_BOUND('',#1041,.T.);
#620=FACE_OUTER_BOUND('',#1042,.T.);
#621=FACE_OUTER_BOUND('',#1043,.T.);
#622=FACE_OUTER_BOUND('',#1044,.T.);
#623=FACE_OUTER_BOUND('',#1045,.T.);
#624=FACE_OUTER_BOUND('',#1047,.T.);
#625=FACE_OUTER_BOUND('',#1048,.T.);
#626=FACE_OUTER_BOUND('',#1049,.T.);
#627=FACE_OUTER_BOUND('',#1050,.T.);
#628=FACE_OUTER_BOUND('',#1051,.T.);
#629=FACE_OUTER_BOUND('',#1052,.T.);
#630=FACE_OUTER_BOUND('',#1053,.T.);
#631=FACE_OUTER_BOUND('',#1054,.T.);
#632=FACE_OUTER_BOUND('',#1055,.T.);
#633=FACE_OUTER_BOUND('',#1056,.T.);
#634=FACE_OUTER_BOUND('',#1057,.T.);
#635=FACE_OUTER_BOUND('',#1058,.T.);
#636=FACE_OUTER_BOUND('',#1059,.T.);
#637=FACE_OUTER_BOUND('',#1060,.T.);
#638=FACE_OUTER_BOUND('',#1061,.T.);
#639=FACE_OUTER_BOUND('',#1062,.T.);
#640=FACE_OUTER_BOUND('',#1063,.T.);
#641=FACE_OUTER_BOUND('',#1064,.T.);
#642=FACE_OUTER_BOUND('',#1065,.T.);
#643=FACE_OUTER_BOUND('',#1066,.T.);
#644=FACE_OUTER_BOUND('',#1067,.T.);
#645=FACE_OUTER_BOUND('',#1068,.T.);
#646=FACE_OUTER_BOUND('',#1069,.T.);
#647=FACE_OUTER_BOUND('',#1070,.T.);
#648=FACE_OUTER_BOUND('',#1071,.T.);
#649=FACE_OUTER_BOUND('',#1072,.T.);
#650=FACE_OUTER_BOUND('',#1073,.T.);
#651=FACE_OUTER_BOUND('',#1074,.T.);
#652=FACE_OUTER_BOUND('',#1075,.T.);
#653=FACE_OUTER_BOUND('',#1076,.T.);
#654=FACE_OUTER_BOUND('',#1077,.T.);
#655=FACE_OUTER_BOUND('',#1078,.T.);
#656=FACE_OUTER_BOUND('',#1079,.T.);
#657=FACE_OUTER_BOUND('',#1080,.T.);
#658=FACE_OUTER_BOUND('',#1081,.T.);
#659=FACE_OUTER_BOUND('',#1082,.T.);
#660=FACE_OUTER_BOUND('',#1083,.T.);
#661=FACE_OUTER_BOUND('',#1084,.T.);
#662=FACE_OUTER_BOUND('',#1085,.T.);
#663=FACE_OUTER_BOUND('',#1086,.T.);
#664=FACE_OUTER_BOUND('',#1087,.T.);
#665=FACE_OUTER_BOUND('',#1088,.T.);
#666=FACE_OUTER_BOUND('',#1089,.T.);
#667=FACE_OUTER_BOUND('',#1090,.T.);
#668=FACE_OUTER_BOUND('',#1091,.T.);
#669=FACE_OUTER_BOUND('',#1092,.T.);
#670=FACE_OUTER_BOUND('',#1093,.T.);
#671=FACE_OUTER_BOUND('',#1094,.T.);
#672=FACE_OUTER_BOUND('',#1095,.T.);
#673=FACE_OUTER_BOUND('',#1096,.T.);
#674=FACE_OUTER_BOUND('',#1097,.T.);
#675=FACE_OUTER_BOUND('',#1100,.T.);
#676=FACE_OUTER_BOUND('',#1118,.T.);
#677=FACE_OUTER_BOUND('',#1119,.T.);
#678=FACE_OUTER_BOUND('',#1120,.T.);
#679=FACE_OUTER_BOUND('',#1121,.T.);
#680=FACE_OUTER_BOUND('',#1122,.T.);
#681=FACE_OUTER_BOUND('',#1123,.T.);
#682=FACE_OUTER_BOUND('',#1124,.T.);
#683=FACE_OUTER_BOUND('',#1125,.T.);
#684=FACE_OUTER_BOUND('',#1126,.T.);
#685=FACE_OUTER_BOUND('',#1127,.T.);
#686=FACE_OUTER_BOUND('',#1128,.T.);
#687=FACE_OUTER_BOUND('',#1129,.T.);
#688=FACE_OUTER_BOUND('',#1130,.T.);
#689=FACE_OUTER_BOUND('',#1131,.T.);
#690=FACE_OUTER_BOUND('',#1132,.T.);
#691=FACE_OUTER_BOUND('',#1133,.T.);
#692=FACE_OUTER_BOUND('',#1134,.T.);
#693=FACE_OUTER_BOUND('',#1135,.T.);
#694=FACE_OUTER_BOUND('',#1136,.T.);
#695=FACE_OUTER_BOUND('',#1137,.T.);
#696=FACE_OUTER_BOUND('',#1138,.T.);
#697=FACE_OUTER_BOUND('',#1139,.T.);
#698=FACE_OUTER_BOUND('',#1140,.T.);
#699=FACE_OUTER_BOUND('',#1141,.T.);
#700=FACE_OUTER_BOUND('',#1142,.T.);
#701=FACE_OUTER_BOUND('',#1143,.T.);
#702=FACE_OUTER_BOUND('',#1144,.T.);
#703=FACE_OUTER_BOUND('',#1145,.T.);
#704=FACE_OUTER_BOUND('',#1146,.T.);
#705=FACE_OUTER_BOUND('',#1147,.T.);
#706=FACE_OUTER_BOUND('',#1148,.T.);
#707=FACE_OUTER_BOUND('',#1149,.T.);
#708=FACE_OUTER_BOUND('',#1168,.T.);
#709=FACE_OUTER_BOUND('',#1173,.T.);
#710=FACE_OUTER_BOUND('',#1174,.T.);
#711=FACE_OUTER_BOUND('',#1175,.T.);
#712=FACE_OUTER_BOUND('',#1176,.T.);
#713=FACE_OUTER_BOUND('',#1177,.T.);
#714=FACE_OUTER_BOUND('',#1179,.T.);
#715=FACE_OUTER_BOUND('',#1180,.T.);
#716=FACE_OUTER_BOUND('',#1181,.T.);
#717=FACE_OUTER_BOUND('',#1182,.T.);
#718=FACE_OUTER_BOUND('',#1183,.T.);
#719=FACE_OUTER_BOUND('',#1184,.T.);
#720=FACE_OUTER_BOUND('',#1185,.T.);
#721=FACE_OUTER_BOUND('',#1186,.T.);
#722=FACE_OUTER_BOUND('',#1187,.T.);
#723=FACE_OUTER_BOUND('',#1188,.T.);
#724=FACE_OUTER_BOUND('',#1189,.T.);
#725=FACE_OUTER_BOUND('',#1190,.T.);
#726=FACE_OUTER_BOUND('',#1191,.T.);
#727=FACE_OUTER_BOUND('',#1192,.T.);
#728=FACE_OUTER_BOUND('',#1193,.T.);
#729=FACE_OUTER_BOUND('',#1194,.T.);
#730=FACE_OUTER_BOUND('',#1195,.T.);
#731=FACE_OUTER_BOUND('',#1196,.T.);
#732=FACE_OUTER_BOUND('',#1197,.T.);
#733=FACE_OUTER_BOUND('',#1198,.T.);
#734=FACE_OUTER_BOUND('',#1199,.T.);
#735=FACE_OUTER_BOUND('',#1200,.T.);
#736=FACE_OUTER_BOUND('',#1201,.T.);
#737=FACE_OUTER_BOUND('',#1202,.T.);
#738=FACE_OUTER_BOUND('',#1203,.T.);
#739=FACE_OUTER_BOUND('',#1204,.T.);
#740=FACE_OUTER_BOUND('',#1205,.T.);
#741=FACE_OUTER_BOUND('',#1206,.T.);
#742=FACE_OUTER_BOUND('',#1207,.T.);
#743=FACE_OUTER_BOUND('',#1208,.T.);
#744=FACE_OUTER_BOUND('',#1209,.T.);
#745=FACE_OUTER_BOUND('',#1210,.T.);
#746=FACE_OUTER_BOUND('',#1211,.T.);
#747=FACE_OUTER_BOUND('',#1212,.T.);
#748=FACE_OUTER_BOUND('',#1213,.T.);
#749=FACE_OUTER_BOUND('',#1214,.T.);
#750=FACE_OUTER_BOUND('',#1215,.T.);
#751=FACE_OUTER_BOUND('',#1216,.T.);
#752=FACE_OUTER_BOUND('',#1217,.T.);
#753=FACE_OUTER_BOUND('',#1218,.T.);
#754=FACE_OUTER_BOUND('',#1219,.T.);
#755=FACE_OUTER_BOUND('',#1220,.T.);
#756=FACE_OUTER_BOUND('',#1221,.T.);
#757=FACE_OUTER_BOUND('',#1222,.T.);
#758=FACE_OUTER_BOUND('',#1223,.T.);
#759=FACE_OUTER_BOUND('',#1224,.T.);
#760=FACE_OUTER_BOUND('',#1225,.T.);
#761=FACE_OUTER_BOUND('',#1226,.T.);
#762=FACE_OUTER_BOUND('',#1227,.T.);
#763=FACE_OUTER_BOUND('',#1228,.T.);
#764=FACE_OUTER_BOUND('',#1229,.T.);
#765=FACE_OUTER_BOUND('',#1230,.T.);
#766=FACE_OUTER_BOUND('',#1231,.T.);
#767=FACE_OUTER_BOUND('',#1232,.T.);
#768=FACE_OUTER_BOUND('',#1233,.T.);
#769=FACE_OUTER_BOUND('',#1234,.T.);
#770=FACE_OUTER_BOUND('',#1235,.T.);
#771=FACE_OUTER_BOUND('',#1236,.T.);
#772=FACE_OUTER_BOUND('',#1237,.T.);
#773=FACE_OUTER_BOUND('',#1238,.T.);
#774=FACE_OUTER_BOUND('',#1239,.T.);
#775=FACE_OUTER_BOUND('',#1240,.T.);
#776=FACE_OUTER_BOUND('',#1241,.T.);
#777=FACE_OUTER_BOUND('',#1242,.T.);
#778=FACE_OUTER_BOUND('',#1243,.T.);
#779=FACE_OUTER_BOUND('',#1244,.T.);
#780=FACE_OUTER_BOUND('',#1245,.T.);
#781=FACE_OUTER_BOUND('',#1246,.T.);
#782=FACE_OUTER_BOUND('',#1247,.T.);
#783=FACE_OUTER_BOUND('',#1248,.T.);
#784=FACE_OUTER_BOUND('',#1249,.T.);
#785=FACE_OUTER_BOUND('',#1250,.T.);
#786=FACE_OUTER_BOUND('',#1251,.T.);
#787=FACE_OUTER_BOUND('',#1252,.T.);
#788=FACE_OUTER_BOUND('',#1253,.T.);
#789=FACE_OUTER_BOUND('',#1254,.T.);
#790=FACE_OUTER_BOUND('',#1255,.T.);
#791=FACE_OUTER_BOUND('',#1256,.T.);
#792=FACE_OUTER_BOUND('',#1257,.T.);
#793=FACE_OUTER_BOUND('',#1258,.T.);
#794=FACE_OUTER_BOUND('',#1259,.T.);
#795=FACE_OUTER_BOUND('',#1260,.T.);
#796=FACE_OUTER_BOUND('',#1261,.T.);
#797=FACE_OUTER_BOUND('',#1262,.T.);
#798=FACE_OUTER_BOUND('',#1263,.T.);
#799=FACE_OUTER_BOUND('',#1264,.T.);
#800=FACE_OUTER_BOUND('',#1265,.T.);
#801=FACE_OUTER_BOUND('',#1266,.T.);
#802=FACE_OUTER_BOUND('',#1267,.T.);
#803=FACE_OUTER_BOUND('',#1268,.T.);
#804=FACE_OUTER_BOUND('',#1269,.T.);
#805=FACE_OUTER_BOUND('',#1270,.T.);
#806=FACE_OUTER_BOUND('',#1271,.T.);
#807=FACE_OUTER_BOUND('',#1272,.T.);
#808=FACE_OUTER_BOUND('',#1273,.T.);
#809=EDGE_LOOP('',(#4535,#4536,#4537,#4538));
#810=EDGE_LOOP('',(#4539,#4540,#4541,#4542,#4543,#4544,#4545,#4546));
#811=EDGE_LOOP('',(#4547,#4548,#4549,#4550));
#812=EDGE_LOOP('',(#4551,#4552,#4553,#4554));
#813=EDGE_LOOP('',(#4555,#4556,#4557,#4558));
#814=EDGE_LOOP('',(#4559,#4560,#4561,#4562));
#815=EDGE_LOOP('',(#4563));
#816=EDGE_LOOP('',(#4564,#4565,#4566,#4567));
#817=EDGE_LOOP('',(#4568,#4569,#4570,#4571,#4572,#4573,#4574,#4575));
#818=EDGE_LOOP('',(#4576,#4577,#4578,#4579));
#819=EDGE_LOOP('',(#4580,#4581,#4582,#4583));
#820=EDGE_LOOP('',(#4584,#4585,#4586,#4587));
#821=EDGE_LOOP('',(#4588));
#822=EDGE_LOOP('',(#4589));
#823=EDGE_LOOP('',(#4590));
#824=EDGE_LOOP('',(#4591,#4592,#4593,#4594,#4595,#4596,#4597,#4598,#4599,
#4600));
#825=EDGE_LOOP('',(#4601));
#826=EDGE_LOOP('',(#4602));
#827=EDGE_LOOP('',(#4603,#4604,#4605,#4606));
#828=EDGE_LOOP('',(#4607,#4608,#4609,#4610,#4611,#4612));
#829=EDGE_LOOP('',(#4613,#4614,#4615,#4616));
#830=EDGE_LOOP('',(#4617,#4618,#4619,#4620,#4621,#4622));
#831=EDGE_LOOP('',(#4623));
#832=EDGE_LOOP('',(#4624,#4625,#4626,#4627));
#833=EDGE_LOOP('',(#4628,#4629,#4630,#4631));
#834=EDGE_LOOP('',(#4632,#4633,#4634,#4635));
#835=EDGE_LOOP('',(#4636,#4637,#4638,#4639));
#836=EDGE_LOOP('',(#4640,#4641,#4642,#4643));
#837=EDGE_LOOP('',(#4644,#4645,#4646,#4647));
#838=EDGE_LOOP('',(#4648,#4649,#4650,#4651));
#839=EDGE_LOOP('',(#4652,#4653,#4654,#4655));
#840=EDGE_LOOP('',(#4656,#4657,#4658,#4659,#4660,#4661));
#841=EDGE_LOOP('',(#4662,#4663,#4664,#4665));
#842=EDGE_LOOP('',(#4666,#4667,#4668,#4669));
#843=EDGE_LOOP('',(#4670,#4671,#4672,#4673));
#844=EDGE_LOOP('',(#4674,#4675,#4676,#4677,#4678,#4679));
#845=EDGE_LOOP('',(#4680,#4681,#4682,#4683,#4684,#4685,#4686,#4687));
#846=EDGE_LOOP('',(#4688,#4689,#4690,#4691));
#847=EDGE_LOOP('',(#4692,#4693,#4694,#4695));
#848=EDGE_LOOP('',(#4696,#4697,#4698,#4699,#4700,#4701,#4702,#4703));
#849=EDGE_LOOP('',(#4704,#4705,#4706,#4707));
#850=EDGE_LOOP('',(#4708,#4709,#4710,#4711,#4712));
#851=EDGE_LOOP('',(#4713,#4714,#4715,#4716));
#852=EDGE_LOOP('',(#4717,#4718,#4719,#4720,#4721));
#853=EDGE_LOOP('',(#4722,#4723,#4724,#4725));
#854=EDGE_LOOP('',(#4726,#4727,#4728,#4729));
#855=EDGE_LOOP('',(#4730,#4731,#4732,#4733,#4734,#4735,#4736,#4737,#4738,
#4739,#4740,#4741,#4742,#4743,#4744,#4745));
#856=EDGE_LOOP('',(#4746));
#857=EDGE_LOOP('',(#4747,#4748,#4749,#4750,#4751,#4752));
#858=EDGE_LOOP('',(#4753,#4754,#4755,#4756));
#859=EDGE_LOOP('',(#4757,#4758,#4759,#4760,#4761,#4762));
#860=EDGE_LOOP('',(#4763,#4764,#4765,#4766));
#861=EDGE_LOOP('',(#4767,#4768,#4769,#4770));
#862=EDGE_LOOP('',(#4771,#4772,#4773,#4774));
#863=EDGE_LOOP('',(#4775,#4776,#4777,#4778));
#864=EDGE_LOOP('',(#4779,#4780,#4781,#4782));
#865=EDGE_LOOP('',(#4783,#4784,#4785,#4786));
#866=EDGE_LOOP('',(#4787,#4788,#4789,#4790));
#867=EDGE_LOOP('',(#4791,#4792,#4793,#4794));
#868=EDGE_LOOP('',(#4795,#4796,#4797,#4798,#4799,#4800));
#869=EDGE_LOOP('',(#4801,#4802,#4803,#4804));
#870=EDGE_LOOP('',(#4805,#4806,#4807,#4808));
#871=EDGE_LOOP('',(#4809,#4810,#4811,#4812));
#872=EDGE_LOOP('',(#4813,#4814,#4815,#4816));
#873=EDGE_LOOP('',(#4817,#4818,#4819,#4820));
#874=EDGE_LOOP('',(#4821,#4822,#4823,#4824));
#875=EDGE_LOOP('',(#4825,#4826,#4827,#4828,#4829,#4830));
#876=EDGE_LOOP('',(#4831,#4832,#4833,#4834));
#877=EDGE_LOOP('',(#4835,#4836,#4837,#4838));
#878=EDGE_LOOP('',(#4839,#4840,#4841,#4842));
#879=EDGE_LOOP('',(#4843,#4844,#4845,#4846));
#880=EDGE_LOOP('',(#4847,#4848,#4849,#4850));
#881=EDGE_LOOP('',(#4851,#4852,#4853,#4854,#4855,#4856));
#882=EDGE_LOOP('',(#4857,#4858,#4859,#4860));
#883=EDGE_LOOP('',(#4861,#4862,#4863,#4864));
#884=EDGE_LOOP('',(#4865,#4866,#4867,#4868,#4869,#4870));
#885=EDGE_LOOP('',(#4871,#4872,#4873,#4874));
#886=EDGE_LOOP('',(#4875,#4876,#4877,#4878));
#887=EDGE_LOOP('',(#4879,#4880,#4881,#4882,#4883,#4884,#4885,#4886));
#888=EDGE_LOOP('',(#4887,#4888,#4889,#4890));
#889=EDGE_LOOP('',(#4891,#4892,#4893,#4894));
#890=EDGE_LOOP('',(#4895,#4896,#4897,#4898));
#891=EDGE_LOOP('',(#4899,#4900,#4901,#4902));
#892=EDGE_LOOP('',(#4903,#4904,#4905,#4906));
#893=EDGE_LOOP('',(#4907,#4908,#4909,#4910));
#894=EDGE_LOOP('',(#4911,#4912,#4913,#4914));
#895=EDGE_LOOP('',(#4915,#4916,#4917,#4918));
#896=EDGE_LOOP('',(#4919,#4920,#4921,#4922));
#897=EDGE_LOOP('',(#4923,#4924,#4925,#4926,#4927,#4928,#4929,#4930));
#898=EDGE_LOOP('',(#4931,#4932,#4933,#4934));
#899=EDGE_LOOP('',(#4935,#4936,#4937,#4938));
#900=EDGE_LOOP('',(#4939,#4940,#4941,#4942));
#901=EDGE_LOOP('',(#4943,#4944,#4945,#4946));
#902=EDGE_LOOP('',(#4947,#4948,#4949,#4950));
#903=EDGE_LOOP('',(#4951,#4952,#4953,#4954));
#904=EDGE_LOOP('',(#4955,#4956,#4957,#4958));
#905=EDGE_LOOP('',(#4959,#4960,#4961,#4962));
#906=EDGE_LOOP('',(#4963,#4964,#4965,#4966));
#907=EDGE_LOOP('',(#4967,#4968,#4969,#4970));
#908=EDGE_LOOP('',(#4971,#4972,#4973,#4974));
#909=EDGE_LOOP('',(#4975,#4976,#4977,#4978));
#910=EDGE_LOOP('',(#4979,#4980,#4981,#4982,#4983,#4984,#4985,#4986));
#911=EDGE_LOOP('',(#4987,#4988,#4989,#4990));
#912=EDGE_LOOP('',(#4991,#4992,#4993,#4994));
#913=EDGE_LOOP('',(#4995,#4996,#4997,#4998));
#914=EDGE_LOOP('',(#4999,#5000,#5001,#5002));
#915=EDGE_LOOP('',(#5003,#5004,#5005,#5006));
#916=EDGE_LOOP('',(#5007,#5008,#5009,#5010));
#917=EDGE_LOOP('',(#5011,#5012,#5013,#5014));
#918=EDGE_LOOP('',(#5015,#5016,#5017,#5018));
#919=EDGE_LOOP('',(#5019,#5020,#5021,#5022));
#920=EDGE_LOOP('',(#5023,#5024,#5025,#5026));
#921=EDGE_LOOP('',(#5027,#5028,#5029,#5030));
#922=EDGE_LOOP('',(#5031,#5032,#5033,#5034));
#923=EDGE_LOOP('',(#5035,#5036,#5037,#5038));
#924=EDGE_LOOP('',(#5039,#5040,#5041,#5042));
#925=EDGE_LOOP('',(#5043,#5044,#5045,#5046));
#926=EDGE_LOOP('',(#5047,#5048,#5049,#5050,#5051,#5052,#5053,#5054,#5055,
#5056));
#927=EDGE_LOOP('',(#5057,#5058,#5059,#5060));
#928=EDGE_LOOP('',(#5061,#5062,#5063,#5064,#5065,#5066));
#929=EDGE_LOOP('',(#5067));
#930=EDGE_LOOP('',(#5068,#5069,#5070,#5071));
#931=EDGE_LOOP('',(#5072,#5073,#5074,#5075,#5076,#5077));
#932=EDGE_LOOP('',(#5078));
#933=EDGE_LOOP('',(#5079,#5080,#5081,#5082));
#934=EDGE_LOOP('',(#5083,#5084,#5085,#5086,#5087,#5088,#5089,#5090,#5091,
#5092));
#935=EDGE_LOOP('',(#5093,#5094,#5095,#5096));
#936=EDGE_LOOP('',(#5097,#5098,#5099,#5100,#5101,#5102));
#937=EDGE_LOOP('',(#5103));
#938=EDGE_LOOP('',(#5104,#5105,#5106,#5107,#5108,#5109));
#939=EDGE_LOOP('',(#5110));
#940=EDGE_LOOP('',(#5111,#5112,#5113,#5114));
#941=EDGE_LOOP('',(#5115,#5116,#5117,#5118));
#942=EDGE_LOOP('',(#5119,#5120,#5121,#5122));
#943=EDGE_LOOP('',(#5123,#5124,#5125,#5126));
#944=EDGE_LOOP('',(#5127,#5128,#5129,#5130));
#945=EDGE_LOOP('',(#5131,#5132,#5133,#5134));
#946=EDGE_LOOP('',(#5135,#5136,#5137,#5138,#5139,#5140,#5141,#5142));
#947=EDGE_LOOP('',(#5143,#5144,#5145,#5146));
#948=EDGE_LOOP('',(#5147,#5148,#5149,#5150));
#949=EDGE_LOOP('',(#5151,#5152,#5153,#5154));
#950=EDGE_LOOP('',(#5155));
#951=EDGE_LOOP('',(#5156));
#952=EDGE_LOOP('',(#5157,#5158,#5159,#5160));
#953=EDGE_LOOP('',(#5161));
#954=EDGE_LOOP('',(#5162));
#955=EDGE_LOOP('',(#5163,#5164,#5165,#5166));
#956=EDGE_LOOP('',(#5167));
#957=EDGE_LOOP('',(#5168));
#958=EDGE_LOOP('',(#5169,#5170,#5171,#5172));
#959=EDGE_LOOP('',(#5173,#5174,#5175,#5176));
#960=EDGE_LOOP('',(#5177,#5178,#5179,#5180));
#961=EDGE_LOOP('',(#5181));
#962=EDGE_LOOP('',(#5182));
#963=EDGE_LOOP('',(#5183,#5184,#5185,#5186));
#964=EDGE_LOOP('',(#5187,#5188,#5189,#5190));
#965=EDGE_LOOP('',(#5191,#5192,#5193,#5194));
#966=EDGE_LOOP('',(#5195,#5196,#5197,#5198,#5199,#5200,#5201,#5202,#5203,
#5204,#5205,#5206));
#967=EDGE_LOOP('',(#5207,#5208,#5209));
#968=EDGE_LOOP('',(#5210,#5211,#5212,#5213));
#969=EDGE_LOOP('',(#5214,#5215,#5216));
#970=EDGE_LOOP('',(#5217,#5218,#5219,#5220,#5221,#5222));
#971=EDGE_LOOP('',(#5223,#5224,#5225,#5226,#5227,#5228));
#972=EDGE_LOOP('',(#5229));
#973=EDGE_LOOP('',(#5230,#5231,#5232,#5233));
#974=EDGE_LOOP('',(#5234,#5235,#5236,#5237));
#975=EDGE_LOOP('',(#5238,#5239,#5240,#5241,#5242));
#976=EDGE_LOOP('',(#5243,#5244,#5245,#5246,#5247,#5248));
#977=EDGE_LOOP('',(#5249,#5250,#5251,#5252,#5253));
#978=EDGE_LOOP('',(#5254,#5255,#5256,#5257));
#979=EDGE_LOOP('',(#5258));
#980=EDGE_LOOP('',(#5259));
#981=EDGE_LOOP('',(#5260,#5261,#5262,#5263));
#982=EDGE_LOOP('',(#5264,#5265,#5266,#5267));
#983=EDGE_LOOP('',(#5268,#5269,#5270,#5271));
#984=EDGE_LOOP('',(#5272,#5273,#5274));
#985=EDGE_LOOP('',(#5275,#5276,#5277,#5278,#5279,#5280,#5281,#5282,#5283,
#5284,#5285,#5286));
#986=EDGE_LOOP('',(#5287,#5288,#5289,#5290,#5291));
#987=EDGE_LOOP('',(#5292,#5293,#5294,#5295));
#988=EDGE_LOOP('',(#5296,#5297,#5298));
#989=EDGE_LOOP('',(#5299,#5300,#5301,#5302));
#990=EDGE_LOOP('',(#5303,#5304,#5305,#5306,#5307,#5308));
#991=EDGE_LOOP('',(#5309,#5310,#5311,#5312,#5313));
#992=EDGE_LOOP('',(#5314,#5315,#5316,#5317));
#993=EDGE_LOOP('',(#5318,#5319,#5320,#5321));
#994=EDGE_LOOP('',(#5322,#5323,#5324,#5325));
#995=EDGE_LOOP('',(#5326,#5327,#5328,#5329,#5330,#5331));
#996=EDGE_LOOP('',(#5332,#5333,#5334,#5335));
#997=EDGE_LOOP('',(#5336,#5337,#5338,#5339));
#998=EDGE_LOOP('',(#5340,#5341,#5342,#5343,#5344,#5345));
#999=EDGE_LOOP('',(#5346,#5347,#5348,#5349));
#1000=EDGE_LOOP('',(#5350,#5351,#5352,#5353));
#1001=EDGE_LOOP('',(#5354,#5355,#5356,#5357,#5358,#5359));
#1002=EDGE_LOOP('',(#5360));
#1003=EDGE_LOOP('',(#5361,#5362,#5363,#5364));
#1004=EDGE_LOOP('',(#5365,#5366,#5367,#5368,#5369,#5370));
#1005=EDGE_LOOP('',(#5371,#5372,#5373,#5374));
#1006=EDGE_LOOP('',(#5375,#5376,#5377));
#1007=EDGE_LOOP('',(#5378,#5379,#5380));
#1008=EDGE_LOOP('',(#5381,#5382,#5383,#5384));
#1009=EDGE_LOOP('',(#5385,#5386,#5387));
#1010=EDGE_LOOP('',(#5388,#5389,#5390,#5391,#5392,#5393,#5394));
#1011=EDGE_LOOP('',(#5395,#5396,#5397,#5398));
#1012=EDGE_LOOP('',(#5399,#5400,#5401,#5402,#5403,#5404,#5405,#5406,#5407,
#5408,#5409));
#1013=EDGE_LOOP('',(#5410,#5411,#5412,#5413));
#1014=EDGE_LOOP('',(#5414,#5415,#5416,#5417));
#1015=EDGE_LOOP('',(#5418,#5419,#5420,#5421));
#1016=EDGE_LOOP('',(#5422,#5423,#5424,#5425));
#1017=EDGE_LOOP('',(#5426,#5427,#5428,#5429));
#1018=EDGE_LOOP('',(#5430,#5431,#5432,#5433));
#1019=EDGE_LOOP('',(#5434,#5435,#5436,#5437));
#1020=EDGE_LOOP('',(#5438,#5439,#5440,#5441));
#1021=EDGE_LOOP('',(#5442,#5443,#5444));
#1022=EDGE_LOOP('',(#5445,#5446,#5447,#5448));
#1023=EDGE_LOOP('',(#5449,#5450,#5451,#5452,#5453,#5454,#5455));
#1024=EDGE_LOOP('',(#5456,#5457,#5458,#5459));
#1025=EDGE_LOOP('',(#5460,#5461,#5462,#5463));
#1026=EDGE_LOOP('',(#5464,#5465,#5466,#5467));
#1027=EDGE_LOOP('',(#5468,#5469,#5470,#5471));
#1028=EDGE_LOOP('',(#5472,#5473,#5474,#5475));
#1029=EDGE_LOOP('',(#5476,#5477,#5478,#5479));
#1030=EDGE_LOOP('',(#5480,#5481,#5482));
#1031=EDGE_LOOP('',(#5483,#5484,#5485,#5486));
#1032=EDGE_LOOP('',(#5487,#5488,#5489,#5490));
#1033=EDGE_LOOP('',(#5491,#5492,#5493,#5494));
#1034=EDGE_LOOP('',(#5495,#5496,#5497,#5498,#5499,#5500,#5501));
#1035=EDGE_LOOP('',(#5502,#5503,#5504,#5505));
#1036=EDGE_LOOP('',(#5506,#5507,#5508,#5509,#5510,#5511,#5512,#5513,#5514));
#1037=EDGE_LOOP('',(#5515));
#1038=EDGE_LOOP('',(#5516,#5517,#5518,#5519));
#1039=EDGE_LOOP('',(#5520,#5521,#5522,#5523));
#1040=EDGE_LOOP('',(#5524,#5525,#5526,#5527));
#1041=EDGE_LOOP('',(#5528,#5529,#5530,#5531));
#1042=EDGE_LOOP('',(#5532,#5533,#5534));
#1043=EDGE_LOOP('',(#5535,#5536,#5537));
#1044=EDGE_LOOP('',(#5538,#5539,#5540));
#1045=EDGE_LOOP('',(#5541,#5542,#5543,#5544,#5545,#5546,#5547,#5548,#5549));
#1046=EDGE_LOOP('',(#5550));
#1047=EDGE_LOOP('',(#5551,#5552,#5553,#5554));
#1048=EDGE_LOOP('',(#5555,#5556,#5557,#5558));
#1049=EDGE_LOOP('',(#5559,#5560,#5561,#5562));
#1050=EDGE_LOOP('',(#5563,#5564,#5565,#5566));
#1051=EDGE_LOOP('',(#5567,#5568,#5569,#5570));
#1052=EDGE_LOOP('',(#5571,#5572,#5573,#5574));
#1053=EDGE_LOOP('',(#5575,#5576,#5577,#5578));
#1054=EDGE_LOOP('',(#5579,#5580,#5581,#5582));
#1055=EDGE_LOOP('',(#5583,#5584,#5585,#5586));
#1056=EDGE_LOOP('',(#5587,#5588,#5589,#5590));
#1057=EDGE_LOOP('',(#5591,#5592,#5593,#5594));
#1058=EDGE_LOOP('',(#5595,#5596,#5597,#5598));
#1059=EDGE_LOOP('',(#5599,#5600,#5601,#5602));
#1060=EDGE_LOOP('',(#5603,#5604,#5605,#5606));
#1061=EDGE_LOOP('',(#5607,#5608,#5609,#5610));
#1062=EDGE_LOOP('',(#5611,#5612,#5613,#5614));
#1063=EDGE_LOOP('',(#5615,#5616,#5617,#5618));
#1064=EDGE_LOOP('',(#5619,#5620,#5621,#5622));
#1065=EDGE_LOOP('',(#5623,#5624,#5625,#5626));
#1066=EDGE_LOOP('',(#5627,#5628,#5629,#5630));
#1067=EDGE_LOOP('',(#5631,#5632,#5633,#5634));
#1068=EDGE_LOOP('',(#5635,#5636,#5637,#5638));
#1069=EDGE_LOOP('',(#5639,#5640,#5641,#5642));
#1070=EDGE_LOOP('',(#5643,#5644,#5645,#5646));
#1071=EDGE_LOOP('',(#5647,#5648,#5649,#5650));
#1072=EDGE_LOOP('',(#5651,#5652,#5653,#5654,#5655,#5656,#5657,#5658,#5659,
#5660,#5661));
#1073=EDGE_LOOP('',(#5662,#5663,#5664,#5665,#5666,#5667,#5668));
#1074=EDGE_LOOP('',(#5669,#5670,#5671,#5672));
#1075=EDGE_LOOP('',(#5673,#5674,#5675,#5676));
#1076=EDGE_LOOP('',(#5677,#5678,#5679));
#1077=EDGE_LOOP('',(#5680,#5681,#5682,#5683));
#1078=EDGE_LOOP('',(#5684,#5685,#5686));
#1079=EDGE_LOOP('',(#5687,#5688,#5689,#5690,#5691,#5692,#5693,#5694,#5695));
#1080=EDGE_LOOP('',(#5696,#5697,#5698,#5699));
#1081=EDGE_LOOP('',(#5700,#5701,#5702,#5703));
#1082=EDGE_LOOP('',(#5704,#5705,#5706,#5707));
#1083=EDGE_LOOP('',(#5708,#5709,#5710,#5711,#5712,#5713,#5714,#5715,#5716));
#1084=EDGE_LOOP('',(#5717,#5718,#5719,#5720));
#1085=EDGE_LOOP('',(#5721,#5722,#5723,#5724));
#1086=EDGE_LOOP('',(#5725,#5726,#5727,#5728));
#1087=EDGE_LOOP('',(#5729,#5730,#5731,#5732));
#1088=EDGE_LOOP('',(#5733,#5734,#5735,#5736));
#1089=EDGE_LOOP('',(#5737,#5738,#5739,#5740));
#1090=EDGE_LOOP('',(#5741,#5742,#5743,#5744,#5745,#5746,#5747,#5748));
#1091=EDGE_LOOP('',(#5749,#5750,#5751,#5752));
#1092=EDGE_LOOP('',(#5753,#5754,#5755,#5756,#5757,#5758));
#1093=EDGE_LOOP('',(#5759,#5760,#5761,#5762,#5763,#5764));
#1094=EDGE_LOOP('',(#5765,#5766,#5767,#5768,#5769,#5770));
#1095=EDGE_LOOP('',(#5771,#5772,#5773,#5774,#5775,#5776));
#1096=EDGE_LOOP('',(#5777,#5778,#5779,#5780,#5781,#5782,#5783,#5784));
#1097=EDGE_LOOP('',(#5785,#5786,#5787,#5788,#5789,#5790,#5791,#5792,#5793,
#5794,#5795,#5796));
#1098=EDGE_LOOP('',(#5797));
#1099=EDGE_LOOP('',(#5798));
#1100=EDGE_LOOP('',(#5799,#5800,#5801,#5802,#5803,#5804));
#1101=EDGE_LOOP('',(#5805,#5806,#5807,#5808));
#1102=EDGE_LOOP('',(#5809,#5810,#5811,#5812,#5813,#5814));
#1103=EDGE_LOOP('',(#5815,#5816,#5817,#5818,#5819,#5820));
#1104=EDGE_LOOP('',(#5821,#5822,#5823,#5824,#5825,#5826));
#1105=EDGE_LOOP('',(#5827,#5828,#5829,#5830,#5831,#5832));
#1106=EDGE_LOOP('',(#5833,#5834,#5835,#5836,#5837,#5838));
#1107=EDGE_LOOP('',(#5839,#5840,#5841,#5842,#5843,#5844));
#1108=EDGE_LOOP('',(#5845,#5846,#5847,#5848,#5849,#5850));
#1109=EDGE_LOOP('',(#5851,#5852,#5853,#5854,#5855,#5856));
#1110=EDGE_LOOP('',(#5857,#5858,#5859,#5860,#5861,#5862));
#1111=EDGE_LOOP('',(#5863,#5864,#5865,#5866,#5867,#5868));
#1112=EDGE_LOOP('',(#5869,#5870,#5871,#5872,#5873,#5874));
#1113=EDGE_LOOP('',(#5875,#5876,#5877,#5878,#5879,#5880));
#1114=EDGE_LOOP('',(#5881,#5882,#5883,#5884,#5885,#5886));
#1115=EDGE_LOOP('',(#5887,#5888,#5889,#5890,#5891,#5892));
#1116=EDGE_LOOP('',(#5893,#5894,#5895,#5896,#5897,#5898));
#1117=EDGE_LOOP('',(#5899,#5900,#5901,#5902,#5903,#5904));
#1118=EDGE_LOOP('',(#5905,#5906,#5907,#5908,#5909,#5910,#5911));
#1119=EDGE_LOOP('',(#5912,#5913,#5914,#5915,#5916,#5917,#5918));
#1120=EDGE_LOOP('',(#5919,#5920,#5921,#5922,#5923,#5924));
#1121=EDGE_LOOP('',(#5925,#5926,#5927,#5928));
#1122=EDGE_LOOP('',(#5929,#5930,#5931,#5932));
#1123=EDGE_LOOP('',(#5933,#5934,#5935,#5936));
#1124=EDGE_LOOP('',(#5937,#5938,#5939,#5940,#5941,#5942));
#1125=EDGE_LOOP('',(#5943,#5944,#5945,#5946,#5947,#5948));
#1126=EDGE_LOOP('',(#5949,#5950,#5951,#5952));
#1127=EDGE_LOOP('',(#5953,#5954,#5955,#5956));
#1128=EDGE_LOOP('',(#5957,#5958,#5959,#5960));
#1129=EDGE_LOOP('',(#5961,#5962,#5963,#5964));
#1130=EDGE_LOOP('',(#5965,#5966,#5967,#5968));
#1131=EDGE_LOOP('',(#5969,#5970,#5971,#5972));
#1132=EDGE_LOOP('',(#5973,#5974,#5975,#5976));
#1133=EDGE_LOOP('',(#5977,#5978,#5979,#5980));
#1134=EDGE_LOOP('',(#5981,#5982,#5983,#5984));
#1135=EDGE_LOOP('',(#5985,#5986,#5987,#5988));
#1136=EDGE_LOOP('',(#5989,#5990,#5991,#5992));
#1137=EDGE_LOOP('',(#5993,#5994,#5995,#5996,#5997));
#1138=EDGE_LOOP('',(#5998,#5999,#6000,#6001));
#1139=EDGE_LOOP('',(#6002,#6003,#6004,#6005));
#1140=EDGE_LOOP('',(#6006,#6007,#6008,#6009));
#1141=EDGE_LOOP('',(#6010,#6011,#6012,#6013,#6014));
#1142=EDGE_LOOP('',(#6015,#6016,#6017,#6018));
#1143=EDGE_LOOP('',(#6019,#6020,#6021,#6022));
#1144=EDGE_LOOP('',(#6023,#6024,#6025,#6026));
#1145=EDGE_LOOP('',(#6027,#6028,#6029,#6030,#6031,#6032));
#1146=EDGE_LOOP('',(#6033,#6034,#6035,#6036,#6037,#6038));
#1147=EDGE_LOOP('',(#6039,#6040,#6041,#6042,#6043,#6044));
#1148=EDGE_LOOP('',(#6045,#6046,#6047,#6048,#6049,#6050));
#1149=EDGE_LOOP('',(#6051,#6052,#6053,#6054,#6055,#6056));
#1150=EDGE_LOOP('',(#6057,#6058,#6059,#6060,#6061,#6062));
#1151=EDGE_LOOP('',(#6063,#6064,#6065,#6066,#6067,#6068));
#1152=EDGE_LOOP('',(#6069,#6070,#6071,#6072,#6073,#6074));
#1153=EDGE_LOOP('',(#6075,#6076,#6077,#6078,#6079,#6080));
#1154=EDGE_LOOP('',(#6081,#6082,#6083,#6084,#6085,#6086));
#1155=EDGE_LOOP('',(#6087,#6088,#6089,#6090,#6091,#6092));
#1156=EDGE_LOOP('',(#6093,#6094,#6095,#6096,#6097,#6098));
#1157=EDGE_LOOP('',(#6099,#6100,#6101,#6102,#6103,#6104));
#1158=EDGE_LOOP('',(#6105,#6106,#6107,#6108,#6109,#6110));
#1159=EDGE_LOOP('',(#6111,#6112,#6113,#6114,#6115,#6116));
#1160=EDGE_LOOP('',(#6117,#6118,#6119,#6120,#6121,#6122));
#1161=EDGE_LOOP('',(#6123,#6124,#6125,#6126,#6127,#6128));
#1162=EDGE_LOOP('',(#6129,#6130,#6131,#6132,#6133,#6134));
#1163=EDGE_LOOP('',(#6135,#6136,#6137,#6138,#6139,#6140));
#1164=EDGE_LOOP('',(#6141,#6142,#6143,#6144,#6145,#6146));
#1165=EDGE_LOOP('',(#6147,#6148,#6149,#6150,#6151,#6152));
#1166=EDGE_LOOP('',(#6153,#6154,#6155,#6156,#6157,#6158,#6159,#6160));
#1167=EDGE_LOOP('',(#6161,#6162,#6163,#6164));
#1168=EDGE_LOOP('',(#6165,#6166,#6167,#6168,#6169,#6170));
#1169=EDGE_LOOP('',(#6171));
#1170=EDGE_LOOP('',(#6172));
#1171=EDGE_LOOP('',(#6173));
#1172=EDGE_LOOP('',(#6174));
#1173=EDGE_LOOP('',(#6175,#6176,#6177,#6178,#6179,#6180));
#1174=EDGE_LOOP('',(#6181,#6182,#6183,#6184));
#1175=EDGE_LOOP('',(#6185,#6186,#6187,#6188));
#1176=EDGE_LOOP('',(#6189,#6190,#6191,#6192));
#1177=EDGE_LOOP('',(#6193,#6194,#6195,#6196));
#1178=EDGE_LOOP('',(#6197,#6198,#6199,#6200));
#1179=EDGE_LOOP('',(#6201,#6202,#6203,#6204));
#1180=EDGE_LOOP('',(#6205,#6206,#6207,#6208));
#1181=EDGE_LOOP('',(#6209,#6210,#6211,#6212));
#1182=EDGE_LOOP('',(#6213,#6214,#6215,#6216));
#1183=EDGE_LOOP('',(#6217,#6218,#6219,#6220));
#1184=EDGE_LOOP('',(#6221,#6222,#6223,#6224));
#1185=EDGE_LOOP('',(#6225,#6226,#6227,#6228));
#1186=EDGE_LOOP('',(#6229,#6230,#6231,#6232));
#1187=EDGE_LOOP('',(#6233,#6234,#6235,#6236));
#1188=EDGE_LOOP('',(#6237,#6238,#6239,#6240));
#1189=EDGE_LOOP('',(#6241,#6242,#6243,#6244));
#1190=EDGE_LOOP('',(#6245,#6246,#6247,#6248));
#1191=EDGE_LOOP('',(#6249,#6250,#6251,#6252));
#1192=EDGE_LOOP('',(#6253,#6254,#6255,#6256));
#1193=EDGE_LOOP('',(#6257,#6258,#6259,#6260));
#1194=EDGE_LOOP('',(#6261,#6262,#6263,#6264));
#1195=EDGE_LOOP('',(#6265,#6266,#6267,#6268));
#1196=EDGE_LOOP('',(#6269,#6270,#6271,#6272));
#1197=EDGE_LOOP('',(#6273,#6274,#6275,#6276));
#1198=EDGE_LOOP('',(#6277,#6278,#6279,#6280));
#1199=EDGE_LOOP('',(#6281,#6282,#6283,#6284));
#1200=EDGE_LOOP('',(#6285,#6286,#6287,#6288));
#1201=EDGE_LOOP('',(#6289,#6290,#6291,#6292));
#1202=EDGE_LOOP('',(#6293,#6294,#6295,#6296));
#1203=EDGE_LOOP('',(#6297,#6298,#6299,#6300));
#1204=EDGE_LOOP('',(#6301,#6302,#6303,#6304));
#1205=EDGE_LOOP('',(#6305,#6306,#6307,#6308));
#1206=EDGE_LOOP('',(#6309,#6310,#6311,#6312));
#1207=EDGE_LOOP('',(#6313,#6314,#6315,#6316));
#1208=EDGE_LOOP('',(#6317,#6318,#6319,#6320));
#1209=EDGE_LOOP('',(#6321,#6322,#6323,#6324));
#1210=EDGE_LOOP('',(#6325,#6326,#6327,#6328));
#1211=EDGE_LOOP('',(#6329,#6330,#6331,#6332));
#1212=EDGE_LOOP('',(#6333,#6334,#6335,#6336));
#1213=EDGE_LOOP('',(#6337,#6338,#6339,#6340));
#1214=EDGE_LOOP('',(#6341,#6342,#6343,#6344));
#1215=EDGE_LOOP('',(#6345,#6346,#6347,#6348));
#1216=EDGE_LOOP('',(#6349,#6350,#6351,#6352));
#1217=EDGE_LOOP('',(#6353,#6354,#6355,#6356));
#1218=EDGE_LOOP('',(#6357,#6358,#6359,#6360));
#1219=EDGE_LOOP('',(#6361,#6362,#6363,#6364));
#1220=EDGE_LOOP('',(#6365,#6366,#6367,#6368));
#1221=EDGE_LOOP('',(#6369,#6370,#6371,#6372));
#1222=EDGE_LOOP('',(#6373,#6374,#6375,#6376));
#1223=EDGE_LOOP('',(#6377,#6378,#6379,#6380));
#1224=EDGE_LOOP('',(#6381,#6382,#6383,#6384));
#1225=EDGE_LOOP('',(#6385,#6386,#6387,#6388));
#1226=EDGE_LOOP('',(#6389,#6390,#6391,#6392));
#1227=EDGE_LOOP('',(#6393,#6394,#6395,#6396));
#1228=EDGE_LOOP('',(#6397,#6398,#6399,#6400));
#1229=EDGE_LOOP('',(#6401,#6402,#6403,#6404));
#1230=EDGE_LOOP('',(#6405,#6406,#6407,#6408));
#1231=EDGE_LOOP('',(#6409,#6410,#6411,#6412));
#1232=EDGE_LOOP('',(#6413,#6414,#6415,#6416));
#1233=EDGE_LOOP('',(#6417,#6418,#6419,#6420));
#1234=EDGE_LOOP('',(#6421,#6422,#6423,#6424));
#1235=EDGE_LOOP('',(#6425,#6426,#6427,#6428));
#1236=EDGE_LOOP('',(#6429,#6430,#6431,#6432));
#1237=EDGE_LOOP('',(#6433,#6434,#6435,#6436));
#1238=EDGE_LOOP('',(#6437,#6438,#6439,#6440));
#1239=EDGE_LOOP('',(#6441,#6442,#6443,#6444));
#1240=EDGE_LOOP('',(#6445,#6446,#6447,#6448));
#1241=EDGE_LOOP('',(#6449,#6450,#6451,#6452));
#1242=EDGE_LOOP('',(#6453,#6454,#6455,#6456));
#1243=EDGE_LOOP('',(#6457,#6458,#6459,#6460));
#1244=EDGE_LOOP('',(#6461,#6462,#6463,#6464));
#1245=EDGE_LOOP('',(#6465,#6466,#6467,#6468));
#1246=EDGE_LOOP('',(#6469,#6470,#6471,#6472));
#1247=EDGE_LOOP('',(#6473,#6474,#6475,#6476));
#1248=EDGE_LOOP('',(#6477,#6478,#6479,#6480));
#1249=EDGE_LOOP('',(#6481,#6482,#6483,#6484));
#1250=EDGE_LOOP('',(#6485,#6486,#6487,#6488));
#1251=EDGE_LOOP('',(#6489,#6490,#6491,#6492));
#1252=EDGE_LOOP('',(#6493,#6494,#6495,#6496));
#1253=EDGE_LOOP('',(#6497,#6498,#6499,#6500));
#1254=EDGE_LOOP('',(#6501,#6502,#6503,#6504));
#1255=EDGE_LOOP('',(#6505,#6506,#6507,#6508));
#1256=EDGE_LOOP('',(#6509,#6510,#6511,#6512));
#1257=EDGE_LOOP('',(#6513,#6514,#6515,#6516));
#1258=EDGE_LOOP('',(#6517,#6518,#6519,#6520));
#1259=EDGE_LOOP('',(#6521,#6522,#6523,#6524));
#1260=EDGE_LOOP('',(#6525,#6526,#6527,#6528));
#1261=EDGE_LOOP('',(#6529,#6530,#6531,#6532));
#1262=EDGE_LOOP('',(#6533,#6534,#6535,#6536));
#1263=EDGE_LOOP('',(#6537,#6538,#6539,#6540));
#1264=EDGE_LOOP('',(#6541,#6542,#6543,#6544));
#1265=EDGE_LOOP('',(#6545,#6546,#6547,#6548));
#1266=EDGE_LOOP('',(#6549,#6550,#6551,#6552));
#1267=EDGE_LOOP('',(#6553,#6554,#6555,#6556));
#1268=EDGE_LOOP('',(#6557,#6558,#6559,#6560));
#1269=EDGE_LOOP('',(#6561,#6562,#6563,#6564));
#1270=EDGE_LOOP('',(#6565,#6566,#6567,#6568));
#1271=EDGE_LOOP('',(#6569,#6570,#6571,#6572));
#1272=EDGE_LOOP('',(#6573,#6574,#6575,#6576));
#1273=EDGE_LOOP('',(#6577,#6578,#6579,#6580));
#1274=LINE('',#10280,#1883);
#1275=LINE('',#10285,#1884);
#1276=LINE('',#10287,#1885);
#1277=LINE('',#10289,#1886);
#1278=LINE('',#10291,#1887);
#1279=LINE('',#10293,#1888);
#1280=LINE('',#10295,#1889);
#1281=LINE('',#10297,#1890);
#1282=LINE('',#10298,#1891);
#1283=LINE('',#10301,#1892);
#1284=LINE('',#10303,#1893);
#1285=LINE('',#10304,#1894);
#1286=LINE('',#10307,#1895);
#1287=LINE('',#10309,#1896);
#1288=LINE('',#10310,#1897);
#1289=LINE('',#10313,#1898);
#1290=LINE('',#10314,#1899);
#1291=LINE('',#10317,#1900);
#1292=LINE('',#10318,#1901);
#1293=LINE('',#10320,#1902);
#1294=LINE('',#10323,#1903);
#1295=LINE('',#10325,#1904);
#1296=LINE('',#10326,#1905);
#1297=LINE('',#10328,#1906);
#1298=LINE('',#10330,#1907);
#1299=LINE('',#10341,#1908);
#1300=LINE('',#10343,#1909);
#1301=LINE('',#10345,#1910);
#1302=LINE('',#10347,#1911);
#1303=LINE('',#10349,#1912);
#1304=LINE('',#10351,#1913);
#1305=LINE('',#10353,#1914);
#1306=LINE('',#10355,#1915);
#1307=LINE('',#10357,#1916);
#1308=LINE('',#10358,#1917);
#1309=LINE('',#10366,#1918);
#1310=LINE('',#10367,#1919);
#1311=LINE('',#10368,#1920);
#1312=LINE('',#10372,#1921);
#1313=LINE('',#10374,#1922);
#1314=LINE('',#10375,#1923);
#1315=LINE('',#10377,#1924);
#1316=LINE('',#10378,#1925);
#1317=LINE('',#10381,#1926);
#1318=LINE('',#10382,#1927);
#1319=LINE('',#10386,#1928);
#1320=LINE('',#10388,#1929);
#1321=LINE('',#10390,#1930);
#1322=LINE('',#10392,#1931);
#1323=LINE('',#10394,#1932);
#1324=LINE('',#10395,#1933);
#1325=LINE('',#10401,#1934);
#1326=LINE('',#10402,#1935);
#1327=LINE('',#10403,#1936);
#1328=LINE('',#10406,#1937);
#1329=LINE('',#10407,#1938);
#1330=LINE('',#10410,#1939);
#1331=LINE('',#10411,#1940);
#1332=LINE('',#10414,#1941);
#1333=LINE('',#10415,#1942);
#1334=LINE('',#10418,#1943);
#1335=LINE('',#10419,#1944);
#1336=LINE('',#10421,#1945);
#1337=LINE('',#10424,#1946);
#1338=LINE('',#10425,#1947);
#1339=LINE('',#10428,#1948);
#1340=LINE('',#10429,#1949);
#1341=LINE('',#10433,#1950);
#1342=LINE('',#10435,#1951);
#1343=LINE('',#10437,#1952);
#1344=LINE('',#10439,#1953);
#1345=LINE('',#10441,#1954);
#1346=LINE('',#10442,#1955);
#1347=LINE('',#10445,#1956);
#1348=LINE('',#10447,#1957);
#1349=LINE('',#10448,#1958);
#1350=LINE('',#10451,#1959);
#1351=LINE('',#10453,#1960);
#1352=LINE('',#10454,#1961);
#1353=LINE('',#10456,#1962);
#1354=LINE('',#10459,#1963);
#1355=LINE('',#10461,#1964);
#1356=LINE('',#10462,#1965);
#1357=LINE('',#10464,#1966);
#1358=LINE('',#10465,#1967);
#1359=LINE('',#10466,#1968);
#1360=LINE('',#10470,#1969);
#1361=LINE('',#10471,#1970);
#1362=LINE('',#10475,#1971);
#1363=LINE('',#10477,#1972);
#1364=LINE('',#10479,#1973);
#1365=LINE('',#10481,#1974);
#1366=LINE('',#10482,#1975);
#1367=LINE('',#10483,#1976);
#1368=LINE('',#10486,#1977);
#1369=LINE('',#10487,#1978);
#1370=LINE('',#10490,#1979);
#1371=LINE('',#10491,#1980);
#1372=LINE('',#10494,#1981);
#1373=LINE('',#10495,#1982);
#1374=LINE('',#10498,#1983);
#1375=LINE('',#10500,#1984);
#1376=LINE('',#10501,#1985);
#1377=LINE('',#10504,#1986);
#1378=LINE('',#10505,#1987);
#1379=LINE('',#10507,#1988);
#1380=LINE('',#10510,#1989);
#1381=LINE('',#10511,#1990);
#1382=LINE('',#10515,#1991);
#1383=LINE('',#10518,#1992);
#1384=LINE('',#10520,#1993);
#1385=LINE('',#10522,#1994);
#1386=LINE('',#10530,#1995);
#1387=LINE('',#10533,#1996);
#1388=LINE('',#10544,#1997);
#1389=LINE('',#10545,#1998);
#1390=LINE('',#10556,#1999);
#1391=LINE('',#10557,#2000);
#1392=LINE('',#10559,#2001);
#1393=LINE('',#10562,#2002);
#1394=LINE('',#10564,#2003);
#1395=LINE('',#10565,#2004);
#1396=LINE('',#10571,#2005);
#1397=LINE('',#10574,#2006);
#1398=LINE('',#10585,#2007);
#1399=LINE('',#10586,#2008);
#1400=LINE('',#10595,#2009);
#1401=LINE('',#10597,#2010);
#1402=LINE('',#10599,#2011);
#1403=LINE('',#10600,#2012);
#1404=LINE('',#10602,#2013);
#1405=LINE('',#10604,#2014);
#1406=LINE('',#10611,#2015);
#1407=LINE('',#10614,#2016);
#1408=LINE('',#10617,#2017);
#1409=LINE('',#10621,#2018);
#1410=LINE('',#10623,#2019);
#1411=LINE('',#10624,#2020);
#1412=LINE('',#10627,#2021);
#1413=LINE('',#10628,#2022);
#1414=LINE('',#10632,#2023);
#1415=LINE('',#10635,#2024);
#1416=LINE('',#10637,#2025);
#1417=LINE('',#10638,#2026);
#1418=LINE('',#10640,#2027);
#1419=LINE('',#10642,#2028);
#1420=LINE('',#10655,#2029);
#1421=LINE('',#10658,#2030);
#1422=LINE('',#10661,#2031);
#1423=LINE('',#10663,#2032);
#1424=LINE('',#10664,#2033);
#1425=LINE('',#10674,#2034);
#1426=LINE('',#10678,#2035);
#1427=LINE('',#10680,#2036);
#1428=LINE('',#10681,#2037);
#1429=LINE('',#10691,#2038);
#1430=LINE('',#10695,#2039);
#1431=LINE('',#10697,#2040);
#1432=LINE('',#10698,#2041);
#1433=LINE('',#10708,#2042);
#1434=LINE('',#10711,#2043);
#1435=LINE('',#10712,#2044);
#1436=LINE('',#10735,#2045);
#1437=LINE('',#10736,#2046);
#1438=LINE('',#10755,#2047);
#1439=LINE('',#10756,#2048);
#1440=LINE('',#10775,#2049);
#1441=LINE('',#10776,#2050);
#1442=LINE('',#10792,#2051);
#1443=LINE('',#10793,#2052);
#1444=LINE('',#10796,#2053);
#1445=LINE('',#10798,#2054);
#1446=LINE('',#10799,#2055);
#1447=LINE('',#10802,#2056);
#1448=LINE('',#10806,#2057);
#1449=LINE('',#10807,#2058);
#1450=LINE('',#10810,#2059);
#1451=LINE('',#10815,#2060);
#1452=LINE('',#10817,#2061);
#1453=LINE('',#10819,#2062);
#1454=LINE('',#10820,#2063);
#1455=LINE('',#10917,#2064);
#1456=LINE('',#10959,#2065);
#1457=LINE('',#10997,#2066);
#1458=LINE('',#10998,#2067);
#1459=LINE('',#11001,#2068);
#1460=LINE('',#11007,#2069);
#1461=LINE('',#11013,#2070);
#1462=LINE('',#11020,#2071);
#1463=LINE('',#11024,#2072);
#1464=LINE('',#11028,#2073);
#1465=LINE('',#11043,#2074);
#1466=LINE('',#11055,#2075);
#1467=LINE('',#11056,#2076);
#1468=LINE('',#11059,#2077);
#1469=LINE('',#11062,#2078);
#1470=LINE('',#11065,#2079);
#1471=LINE('',#11066,#2080);
#1472=LINE('',#11069,#2081);
#1473=LINE('',#11071,#2082);
#1474=LINE('',#11073,#2083);
#1475=LINE('',#11077,#2084);
#1476=LINE('',#11084,#2085);
#1477=LINE('',#11087,#2086);
#1478=LINE('',#11100,#2087);
#1479=LINE('',#11112,#2088);
#1480=LINE('',#11114,#2089);
#1481=LINE('',#11116,#2090);
#1482=LINE('',#11118,#2091);
#1483=LINE('',#11120,#2092);
#1484=LINE('',#11121,#2093);
#1485=LINE('',#11124,#2094);
#1486=LINE('',#11128,#2095);
#1487=LINE('',#11129,#2096);
#1488=LINE('',#11133,#2097);
#1489=LINE('',#11135,#2098);
#1490=LINE('',#11146,#2099);
#1491=LINE('',#11149,#2100);
#1492=LINE('',#11152,#2101);
#1493=LINE('',#11154,#2102);
#1494=LINE('',#11155,#2103);
#1495=LINE('',#11158,#2104);
#1496=LINE('',#11159,#2105);
#1497=LINE('',#11166,#2106);
#1498=LINE('',#11173,#2107);
#1499=LINE('',#11181,#2108);
#1500=LINE('',#11185,#2109);
#1501=LINE('',#11188,#2110);
#1502=LINE('',#11189,#2111);
#1503=LINE('',#11191,#2112);
#1504=LINE('',#11199,#2113);
#1505=LINE('',#11202,#2114);
#1506=LINE('',#11215,#2115);
#1507=LINE('',#11219,#2116);
#1508=LINE('',#11222,#2117);
#1509=LINE('',#11233,#2118);
#1510=LINE('',#11244,#2119);
#1511=LINE('',#11254,#2120);
#1512=LINE('',#11262,#2121);
#1513=LINE('',#11264,#2122);
#1514=LINE('',#11271,#2123);
#1515=LINE('',#11283,#2124);
#1516=LINE('',#11286,#2125);
#1517=LINE('',#11290,#2126);
#1518=LINE('',#11292,#2127);
#1519=LINE('',#11293,#2128);
#1520=LINE('',#11298,#2129);
#1521=LINE('',#11299,#2130);
#1522=LINE('',#11302,#2131);
#1523=LINE('',#11308,#2132);
#1524=LINE('',#11309,#2133);
#1525=LINE('',#11314,#2134);
#1526=LINE('',#11316,#2135);
#1527=LINE('',#11318,#2136);
#1528=LINE('',#11321,#2137);
#1529=LINE('',#11324,#2138);
#1530=LINE('',#11325,#2139);
#1531=LINE('',#11332,#2140);
#1532=LINE('',#11336,#2141);
#1533=LINE('',#11337,#2142);
#1534=LINE('',#11342,#2143);
#1535=LINE('',#11348,#2144);
#1536=LINE('',#11359,#2145);
#1537=LINE('',#11370,#2146);
#1538=LINE('',#11380,#2147);
#1539=LINE('',#11382,#2148);
#1540=LINE('',#11386,#2149);
#1541=LINE('',#11388,#2150);
#1542=LINE('',#11392,#2151);
#1543=LINE('',#11395,#2152);
#1544=LINE('',#11396,#2153);
#1545=LINE('',#11398,#2154);
#1546=LINE('',#11400,#2155);
#1547=LINE('',#11402,#2156);
#1548=LINE('',#11405,#2157);
#1549=LINE('',#11408,#2158);
#1550=LINE('',#11412,#2159);
#1551=LINE('',#11415,#2160);
#1552=LINE('',#11416,#2161);
#1553=LINE('',#11418,#2162);
#1554=LINE('',#11421,#2163);
#1555=LINE('',#11426,#2164);
#1556=LINE('',#11427,#2165);
#1557=LINE('',#11430,#2166);
#1558=LINE('',#11438,#2167);
#1559=LINE('',#11441,#2168);
#1560=LINE('',#11456,#2169);
#1561=LINE('',#11457,#2170);
#1562=LINE('',#11462,#2171);
#1563=LINE('',#11464,#2172);
#1564=LINE('',#11466,#2173);
#1565=LINE('',#11470,#2174);
#1566=LINE('',#11471,#2175);
#1567=LINE('',#11474,#2176);
#1568=LINE('',#11478,#2177);
#1569=LINE('',#11484,#2178);
#1570=LINE('',#11486,#2179);
#1571=LINE('',#11488,#2180);
#1572=LINE('',#11492,#2181);
#1573=LINE('',#11496,#2182);
#1574=LINE('',#11500,#2183);
#1575=LINE('',#11503,#2184);
#1576=LINE('',#11509,#2185);
#1577=LINE('',#11512,#2186);
#1578=LINE('',#11532,#2187);
#1579=LINE('',#11537,#2188);
#1580=LINE('',#11541,#2189);
#1581=LINE('',#11543,#2190);
#1582=LINE('',#11547,#2191);
#1583=LINE('',#11548,#2192);
#1584=LINE('',#11551,#2193);
#1585=LINE('',#11555,#2194);
#1586=LINE('',#11564,#2195);
#1587=LINE('',#11572,#2196);
#1588=LINE('',#11577,#2197);
#1589=LINE('',#11581,#2198);
#1590=LINE('',#11582,#2199);
#1591=LINE('',#11585,#2200);
#1592=LINE('',#11589,#2201);
#1593=LINE('',#11591,#2202);
#1594=LINE('',#11593,#2203);
#1595=LINE('',#11596,#2204);
#1596=LINE('',#11599,#2205);
#1597=LINE('',#11602,#2206);
#1598=LINE('',#11609,#2207);
#1599=LINE('',#11615,#2208);
#1600=LINE('',#11618,#2209);
#1601=LINE('',#11620,#2210);
#1602=LINE('',#11624,#2211);
#1603=LINE('',#11632,#2212);
#1604=LINE('',#11634,#2213);
#1605=LINE('',#11636,#2214);
#1606=LINE('',#11642,#2215);
#1607=LINE('',#11644,#2216);
#1608=LINE('',#11645,#2217);
#1609=LINE('',#11652,#2218);
#1610=LINE('',#11660,#2219);
#1611=LINE('',#11668,#2220);
#1612=LINE('',#11676,#2221);
#1613=LINE('',#11686,#2222);
#1614=LINE('',#11689,#2223);
#1615=LINE('',#11704,#2224);
#1616=LINE('',#11717,#2225);
#1617=LINE('',#11722,#2226);
#1618=LINE('',#11724,#2227);
#1619=LINE('',#11726,#2228);
#1620=LINE('',#11728,#2229);
#1621=LINE('',#11737,#2230);
#1622=LINE('',#11740,#2231);
#1623=LINE('',#11745,#2232);
#1624=LINE('',#11748,#2233);
#1625=LINE('',#11756,#2234);
#1626=LINE('',#11758,#2235);
#1627=LINE('',#11763,#2236);
#1628=LINE('',#11765,#2237);
#1629=LINE('',#11767,#2238);
#1630=LINE('',#11769,#2239);
#1631=LINE('',#11773,#2240);
#1632=LINE('',#11775,#2241);
#1633=LINE('',#11776,#2242);
#1634=LINE('',#11779,#2243);
#1635=LINE('',#11783,#2244);
#1636=LINE('',#11784,#2245);
#1637=LINE('',#11787,#2246);
#1638=LINE('',#11791,#2247);
#1639=LINE('',#11793,#2248);
#1640=LINE('',#11795,#2249);
#1641=LINE('',#11799,#2250);
#1642=LINE('',#11801,#2251);
#1643=LINE('',#11802,#2252);
#1644=LINE('',#11807,#2253);
#1645=LINE('',#11822,#2254);
#1646=LINE('',#11824,#2255);
#1647=LINE('',#11825,#2256);
#1648=LINE('',#11841,#2257);
#1649=LINE('',#11845,#2258);
#1650=LINE('',#11847,#2259);
#1651=LINE('',#11848,#2260);
#1652=LINE('',#11879,#2261);
#1653=LINE('',#11881,#2262);
#1654=LINE('',#11883,#2263);
#1655=LINE('',#11901,#2264);
#1656=LINE('',#11905,#2265);
#1657=LINE('',#11909,#2266);
#1658=LINE('',#11922,#2267);
#1659=LINE('',#11925,#2268);
#1660=LINE('',#11929,#2269);
#1661=LINE('',#11932,#2270);
#1662=LINE('',#11945,#2271);
#1663=LINE('',#11949,#2272);
#1664=LINE('',#11952,#2273);
#1665=LINE('',#11957,#2274);
#1666=LINE('',#11960,#2275);
#1667=LINE('',#11965,#2276);
#1668=LINE('',#11971,#2277);
#1669=LINE('',#11979,#2278);
#1670=LINE('',#11984,#2279);
#1671=LINE('',#11991,#2280);
#1672=LINE('',#11996,#2281);
#1673=LINE('',#12003,#2282);
#1674=LINE('',#12008,#2283);
#1675=LINE('',#12015,#2284);
#1676=LINE('',#12020,#2285);
#1677=LINE('',#12027,#2286);
#1678=LINE('',#12032,#2287);
#1679=LINE('',#12039,#2288);
#1680=LINE('',#12044,#2289);
#1681=LINE('',#12051,#2290);
#1682=LINE('',#12056,#2291);
#1683=LINE('',#12063,#2292);
#1684=LINE('',#12068,#2293);
#1685=LINE('',#12075,#2294);
#1686=LINE('',#12080,#2295);
#1687=LINE('',#12087,#2296);
#1688=LINE('',#12092,#2297);
#1689=LINE('',#12099,#2298);
#1690=LINE('',#12104,#2299);
#1691=LINE('',#12111,#2300);
#1692=LINE('',#12116,#2301);
#1693=LINE('',#12123,#2302);
#1694=LINE('',#12128,#2303);
#1695=LINE('',#12135,#2304);
#1696=LINE('',#12140,#2305);
#1697=LINE('',#12147,#2306);
#1698=LINE('',#12152,#2307);
#1699=LINE('',#12156,#2308);
#1700=LINE('',#12157,#2309);
#1701=LINE('',#12159,#2310);
#1702=LINE('',#12160,#2311);
#1703=LINE('',#12164,#2312);
#1704=LINE('',#12166,#2313);
#1705=LINE('',#12167,#2314);
#1706=LINE('',#12168,#2315);
#1707=LINE('',#12171,#2316);
#1708=LINE('',#12175,#2317);
#1709=LINE('',#12187,#2318);
#1710=LINE('',#12188,#2319);
#1711=LINE('',#12198,#2320);
#1712=LINE('',#12199,#2321);
#1713=LINE('',#12203,#2322);
#1714=LINE('',#12206,#2323);
#1715=LINE('',#12209,#2324);
#1716=LINE('',#12210,#2325);
#1717=LINE('',#12214,#2326);
#1718=LINE('',#12217,#2327);
#1719=LINE('',#12221,#2328);
#1720=LINE('',#12224,#2329);
#1721=LINE('',#12228,#2330);
#1722=LINE('',#12231,#2331);
#1723=LINE('',#12232,#2332);
#1724=LINE('',#12237,#2333);
#1725=LINE('',#12241,#2334);
#1726=LINE('',#12246,#2335);
#1727=LINE('',#12248,#2336);
#1728=LINE('',#12250,#2337);
#1729=LINE('',#12252,#2338);
#1730=LINE('',#12253,#2339);
#1731=LINE('',#12259,#2340);
#1732=LINE('',#12262,#2341);
#1733=LINE('',#12264,#2342);
#1734=LINE('',#12265,#2343);
#1735=LINE('',#12271,#2344);
#1736=LINE('',#12274,#2345);
#1737=LINE('',#12276,#2346);
#1738=LINE('',#12278,#2347);
#1739=LINE('',#12279,#2348);
#1740=LINE('',#12285,#2349);
#1741=LINE('',#12288,#2350);
#1742=LINE('',#12290,#2351);
#1743=LINE('',#12291,#2352);
#1744=LINE('',#12296,#2353);
#1745=LINE('',#12300,#2354);
#1746=LINE('',#12304,#2355);
#1747=LINE('',#12307,#2356);
#1748=LINE('',#12312,#2357);
#1749=LINE('',#12318,#2358);
#1750=LINE('',#12324,#2359);
#1751=LINE('',#12330,#2360);
#1752=LINE('',#12336,#2361);
#1753=LINE('',#12342,#2362);
#1754=LINE('',#12348,#2363);
#1755=LINE('',#12354,#2364);
#1756=LINE('',#12360,#2365);
#1757=LINE('',#12366,#2366);
#1758=LINE('',#12372,#2367);
#1759=LINE('',#12378,#2368);
#1760=LINE('',#12384,#2369);
#1761=LINE('',#12390,#2370);
#1762=LINE('',#12396,#2371);
#1763=LINE('',#12402,#2372);
#1764=LINE('',#12408,#2373);
#1765=LINE('',#12414,#2374);
#1766=LINE('',#12420,#2375);
#1767=LINE('',#12426,#2376);
#1768=LINE('',#12432,#2377);
#1769=LINE('',#12438,#2378);
#1770=LINE('',#12444,#2379);
#1771=LINE('',#12450,#2380);
#1772=LINE('',#12456,#2381);
#1773=LINE('',#12462,#2382);
#1774=LINE('',#12468,#2383);
#1775=LINE('',#12474,#2384);
#1776=LINE('',#12480,#2385);
#1777=LINE('',#12486,#2386);
#1778=LINE('',#12490,#2387);
#1779=LINE('',#12494,#2388);
#1780=LINE('',#12497,#2389);
#1781=LINE('',#12503,#2390);
#1782=LINE('',#12504,#2391);
#1783=LINE('',#12507,#2392);
#1784=LINE('',#12508,#2393);
#1785=LINE('',#12513,#2394);
#1786=LINE('',#12514,#2395);
#1787=LINE('',#12517,#2396);
#1788=LINE('',#12520,#2397);
#1789=LINE('',#12522,#2398);
#1790=LINE('',#12525,#2399);
#1791=LINE('',#12527,#2400);
#1792=LINE('',#12530,#2401);
#1793=LINE('',#12533,#2402);
#1794=LINE('',#12534,#2403);
#1795=LINE('',#12536,#2404);
#1796=LINE('',#12538,#2405);
#1797=LINE('',#12540,#2406);
#1798=LINE('',#12542,#2407);
#1799=LINE('',#12545,#2408);
#1800=LINE('',#12546,#2409);
#1801=LINE('',#12548,#2410);
#1802=LINE('',#12550,#2411);
#1803=LINE('',#12552,#2412);
#1804=LINE('',#12554,#2413);
#1805=LINE('',#12557,#2414);
#1806=LINE('',#12558,#2415);
#1807=LINE('',#12560,#2416);
#1808=LINE('',#12562,#2417);
#1809=LINE('',#12564,#2418);
#1810=LINE('',#12566,#2419);
#1811=LINE('',#12569,#2420);
#1812=LINE('',#12570,#2421);
#1813=LINE('',#12572,#2422);
#1814=LINE('',#12574,#2423);
#1815=LINE('',#12576,#2424);
#1816=LINE('',#12578,#2425);
#1817=LINE('',#12581,#2426);
#1818=LINE('',#12582,#2427);
#1819=LINE('',#12584,#2428);
#1820=LINE('',#12586,#2429);
#1821=LINE('',#12588,#2430);
#1822=LINE('',#12590,#2431);
#1823=LINE('',#12593,#2432);
#1824=LINE('',#12594,#2433);
#1825=LINE('',#12596,#2434);
#1826=LINE('',#12598,#2435);
#1827=LINE('',#12600,#2436);
#1828=LINE('',#12602,#2437);
#1829=LINE('',#12605,#2438);
#1830=LINE('',#12606,#2439);
#1831=LINE('',#12608,#2440);
#1832=LINE('',#12610,#2441);
#1833=LINE('',#12612,#2442);
#1834=LINE('',#12614,#2443);
#1835=LINE('',#12617,#2444);
#1836=LINE('',#12618,#2445);
#1837=LINE('',#12620,#2446);
#1838=LINE('',#12622,#2447);
#1839=LINE('',#12624,#2448);
#1840=LINE('',#12626,#2449);
#1841=LINE('',#12629,#2450);
#1842=LINE('',#12630,#2451);
#1843=LINE('',#12632,#2452);
#1844=LINE('',#12634,#2453);
#1845=LINE('',#12636,#2454);
#1846=LINE('',#12638,#2455);
#1847=LINE('',#12641,#2456);
#1848=LINE('',#12642,#2457);
#1849=LINE('',#12644,#2458);
#1850=LINE('',#12646,#2459);
#1851=LINE('',#12648,#2460);
#1852=LINE('',#12650,#2461);
#1853=LINE('',#12653,#2462);
#1854=LINE('',#12654,#2463);
#1855=LINE('',#12656,#2464);
#1856=LINE('',#12658,#2465);
#1857=LINE('',#12660,#2466);
#1858=LINE('',#12662,#2467);
#1859=LINE('',#12665,#2468);
#1860=LINE('',#12666,#2469);
#1861=LINE('',#12668,#2470);
#1862=LINE('',#12670,#2471);
#1863=LINE('',#12672,#2472);
#1864=LINE('',#12674,#2473);
#1865=LINE('',#12677,#2474);
#1866=LINE('',#12678,#2475);
#1867=LINE('',#12680,#2476);
#1868=LINE('',#12682,#2477);
#1869=LINE('',#12684,#2478);
#1870=LINE('',#12686,#2479);
#1871=LINE('',#12689,#2480);
#1872=LINE('',#12690,#2481);
#1873=LINE('',#12692,#2482);
#1874=LINE('',#12694,#2483);
#1875=LINE('',#12696,#2484);
#1876=LINE('',#12698,#2485);
#1877=LINE('',#12701,#2486);
#1878=LINE('',#12702,#2487);
#1879=LINE('',#12704,#2488);
#1880=LINE('',#12706,#2489);
#1881=LINE('',#12708,#2490);
#1882=LINE('',#12710,#2491);
#1883=VECTOR('',#8073,1.5);
#1884=VECTOR('',#8078,10.);
#1885=VECTOR('',#8079,10.);
#1886=VECTOR('',#8080,10.);
#1887=VECTOR('',#8081,10.);
#1888=VECTOR('',#8082,10.);
#1889=VECTOR('',#8083,10.);
#1890=VECTOR('',#8084,10.);
#1891=VECTOR('',#8085,10.);
#1892=VECTOR('',#8088,10.);
#1893=VECTOR('',#8089,10.);
#1894=VECTOR('',#8090,10.);
#1895=VECTOR('',#8093,10.);
#1896=VECTOR('',#8094,10.);
#1897=VECTOR('',#8095,10.);
#1898=VECTOR('',#8098,10.);
#1899=VECTOR('',#8099,10.);
#1900=VECTOR('',#8102,10.);
#1901=VECTOR('',#8103,10.);
#1902=VECTOR('',#8106,10.);
#1903=VECTOR('',#8109,10.);
#1904=VECTOR('',#8110,10.);
#1905=VECTOR('',#8111,10.);
#1906=VECTOR('',#8114,10.);
#1907=VECTOR('',#8117,10.);
#1908=VECTOR('',#8130,10.);
#1909=VECTOR('',#8131,10.);
#1910=VECTOR('',#8132,10.);
#1911=VECTOR('',#8133,10.);
#1912=VECTOR('',#8134,10.);
#1913=VECTOR('',#8135,10.);
#1914=VECTOR('',#8136,10.);
#1915=VECTOR('',#8137,10.);
#1916=VECTOR('',#8138,10.);
#1917=VECTOR('',#8139,10.);
#1918=VECTOR('',#8146,10.);
#1919=VECTOR('',#8147,10.);
#1920=VECTOR('',#8148,10.);
#1921=VECTOR('',#8151,10.);
#1922=VECTOR('',#8152,10.);
#1923=VECTOR('',#8153,10.);
#1924=VECTOR('',#8154,10.);
#1925=VECTOR('',#8155,10.);
#1926=VECTOR('',#8158,10.);
#1927=VECTOR('',#8159,10.);
#1928=VECTOR('',#8162,10.);
#1929=VECTOR('',#8163,10.);
#1930=VECTOR('',#8164,10.);
#1931=VECTOR('',#8165,10.);
#1932=VECTOR('',#8166,10.);
#1933=VECTOR('',#8167,10.);
#1934=VECTOR('',#8172,10.);
#1935=VECTOR('',#8173,10.);
#1936=VECTOR('',#8174,10.);
#1937=VECTOR('',#8177,10.);
#1938=VECTOR('',#8178,10.);
#1939=VECTOR('',#8181,10.);
#1940=VECTOR('',#8182,10.);
#1941=VECTOR('',#8185,10.);
#1942=VECTOR('',#8186,10.);
#1943=VECTOR('',#8189,10.);
#1944=VECTOR('',#8190,10.);
#1945=VECTOR('',#8193,10.);
#1946=VECTOR('',#8196,10.);
#1947=VECTOR('',#8197,10.);
#1948=VECTOR('',#8200,10.);
#1949=VECTOR('',#8201,10.);
#1950=VECTOR('',#8204,10.);
#1951=VECTOR('',#8205,10.);
#1952=VECTOR('',#8206,10.);
#1953=VECTOR('',#8207,10.);
#1954=VECTOR('',#8208,10.);
#1955=VECTOR('',#8209,10.);
#1956=VECTOR('',#8212,10.);
#1957=VECTOR('',#8213,10.);
#1958=VECTOR('',#8214,10.);
#1959=VECTOR('',#8217,10.);
#1960=VECTOR('',#8218,10.);
#1961=VECTOR('',#8219,10.);
#1962=VECTOR('',#8222,10.);
#1963=VECTOR('',#8225,10.);
#1964=VECTOR('',#8226,10.);
#1965=VECTOR('',#8227,10.);
#1966=VECTOR('',#8230,10.);
#1967=VECTOR('',#8231,10.);
#1968=VECTOR('',#8232,10.);
#1969=VECTOR('',#8237,10.);
#1970=VECTOR('',#8238,10.);
#1971=VECTOR('',#8241,10.);
#1972=VECTOR('',#8242,10.);
#1973=VECTOR('',#8243,10.);
#1974=VECTOR('',#8244,10.);
#1975=VECTOR('',#8245,10.);
#1976=VECTOR('',#8246,10.);
#1977=VECTOR('',#8249,10.);
#1978=VECTOR('',#8250,10.);
#1979=VECTOR('',#8253,10.);
#1980=VECTOR('',#8254,10.);
#1981=VECTOR('',#8257,10.);
#1982=VECTOR('',#8258,10.);
#1983=VECTOR('',#8261,10.);
#1984=VECTOR('',#8262,10.);
#1985=VECTOR('',#8263,10.);
#1986=VECTOR('',#8266,10.);
#1987=VECTOR('',#8267,10.);
#1988=VECTOR('',#8270,10.);
#1989=VECTOR('',#8273,10.);
#1990=VECTOR('',#8274,10.);
#1991=VECTOR('',#8279,10.);
#1992=VECTOR('',#8284,0.800000000000002);
#1993=VECTOR('',#8287,4.);
#1994=VECTOR('',#8290,1.25);
#1995=VECTOR('',#8299,10.);
#1996=VECTOR('',#8302,10.);
#1997=VECTOR('',#8315,10.);
#1998=VECTOR('',#8316,10.);
#1999=VECTOR('',#8329,10.);
#2000=VECTOR('',#8330,10.);
#2001=VECTOR('',#8333,10.);
#2002=VECTOR('',#8336,10.);
#2003=VECTOR('',#8337,10.);
#2004=VECTOR('',#8338,10.);
#2005=VECTOR('',#8343,10.);
#2006=VECTOR('',#8346,10.);
#2007=VECTOR('',#8359,10.);
#2008=VECTOR('',#8360,10.);
#2009=VECTOR('',#8373,10.);
#2010=VECTOR('',#8376,10.);
#2011=VECTOR('',#8379,10.);
#2012=VECTOR('',#8380,10.);
#2013=VECTOR('',#8383,10.);
#2014=VECTOR('',#8386,10.);
#2015=VECTOR('',#8393,10.);
#2016=VECTOR('',#8396,10.);
#2017=VECTOR('',#8399,10.);
#2018=VECTOR('',#8402,10.);
#2019=VECTOR('',#8403,10.);
#2020=VECTOR('',#8404,10.);
#2021=VECTOR('',#8407,10.);
#2022=VECTOR('',#8408,10.);
#2023=VECTOR('',#8413,10.);
#2024=VECTOR('',#8416,10.);
#2025=VECTOR('',#8417,10.);
#2026=VECTOR('',#8418,10.);
#2027=VECTOR('',#8421,10.);
#2028=VECTOR('',#8424,10.);
#2029=VECTOR('',#8431,10.);
#2030=VECTOR('',#8434,10.);
#2031=VECTOR('',#8437,10.);
#2032=VECTOR('',#8438,10.);
#2033=VECTOR('',#8439,10.);
#2034=VECTOR('',#8442,10.);
#2035=VECTOR('',#8447,10.);
#2036=VECTOR('',#8448,10.);
#2037=VECTOR('',#8449,10.);
#2038=VECTOR('',#8452,10.);
#2039=VECTOR('',#8457,10.);
#2040=VECTOR('',#8458,10.);
#2041=VECTOR('',#8459,10.);
#2042=VECTOR('',#8462,10.);
#2043=VECTOR('',#8467,10.);
#2044=VECTOR('',#8468,10.);
#2045=VECTOR('',#8483,10.);
#2046=VECTOR('',#8484,10.);
#2047=VECTOR('',#8495,10.);
#2048=VECTOR('',#8496,10.);
#2049=VECTOR('',#8507,10.);
#2050=VECTOR('',#8508,10.);
#2051=VECTOR('',#8517,10.);
#2052=VECTOR('',#8518,10.);
#2053=VECTOR('',#8521,10.);
#2054=VECTOR('',#8522,10.);
#2055=VECTOR('',#8523,10.);
#2056=VECTOR('',#8526,10.);
#2057=VECTOR('',#8531,10.);
#2058=VECTOR('',#8532,10.);
#2059=VECTOR('',#8535,10.);
#2060=VECTOR('',#8540,10.);
#2061=VECTOR('',#8541,10.);
#2062=VECTOR('',#8542,10.);
#2063=VECTOR('',#8543,10.);
#2064=VECTOR('',#8564,10.);
#2065=VECTOR('',#8573,10.);
#2066=VECTOR('',#8576,10.);
#2067=VECTOR('',#8577,10.);
#2068=VECTOR('',#8582,10.);
#2069=VECTOR('',#8589,1.5);
#2070=VECTOR('',#8596,1.5);
#2071=VECTOR('',#8603,10.);
#2072=VECTOR('',#8606,10.);
#2073=VECTOR('',#8609,10.);
#2074=VECTOR('',#8612,10.);
#2075=VECTOR('',#8615,10.);
#2076=VECTOR('',#8616,10.);
#2077=VECTOR('',#8619,10.);
#2078=VECTOR('',#8622,10.);
#2079=VECTOR('',#8625,10.);
#2080=VECTOR('',#8626,10.);
#2081=VECTOR('',#8629,10.);
#2082=VECTOR('',#8630,10.);
#2083=VECTOR('',#8631,10.);
#2084=VECTOR('',#8636,10.);
#2085=VECTOR('',#8643,10.);
#2086=VECTOR('',#8646,10.);
#2087=VECTOR('',#8647,10.);
#2088=VECTOR('',#8650,10.);
#2089=VECTOR('',#8653,10.);
#2090=VECTOR('',#8656,10.);
#2091=VECTOR('',#8657,10.);
#2092=VECTOR('',#8658,10.);
#2093=VECTOR('',#8659,10.);
#2094=VECTOR('',#8662,10.);
#2095=VECTOR('',#8667,10.);
#2096=VECTOR('',#8668,10.);
#2097=VECTOR('',#8673,10.);
#2098=VECTOR('',#8676,10.);
#2099=VECTOR('',#8691,10.);
#2100=VECTOR('',#8694,10.);
#2101=VECTOR('',#8697,10.);
#2102=VECTOR('',#8698,10.);
#2103=VECTOR('',#8699,10.);
#2104=VECTOR('',#8702,10.);
#2105=VECTOR('',#8703,10.);
#2106=VECTOR('',#8710,3.25);
#2107=VECTOR('',#8719,3.25);
#2108=VECTOR('',#8730,1.5);
#2109=VECTOR('',#8735,1.5);
#2110=VECTOR('',#8738,10.);
#2111=VECTOR('',#8739,10.);
#2112=VECTOR('',#8742,10.);
#2113=VECTOR('',#8751,10.);
#2114=VECTOR('',#8754,10.);
#2115=VECTOR('',#8757,10.);
#2116=VECTOR('',#8760,10.);
#2117=VECTOR('',#8763,10.);
#2118=VECTOR('',#8764,10.);
#2119=VECTOR('',#8765,10.);
#2120=VECTOR('',#8766,10.);
#2121=VECTOR('',#8775,10.);
#2122=VECTOR('',#8778,10.);
#2123=VECTOR('',#8787,10.);
#2124=VECTOR('',#8790,10.);
#2125=VECTOR('',#8793,10.);
#2126=VECTOR('',#8796,10.);
#2127=VECTOR('',#8797,10.);
#2128=VECTOR('',#8798,10.);
#2129=VECTOR('',#8803,10.);
#2130=VECTOR('',#8804,10.);
#2131=VECTOR('',#8807,10.);
#2132=VECTOR('',#8814,10.);
#2133=VECTOR('',#8815,10.);
#2134=VECTOR('',#8820,10.);
#2135=VECTOR('',#8821,10.);
#2136=VECTOR('',#8822,10.);
#2137=VECTOR('',#8827,10.);
#2138=VECTOR('',#8830,10.);
#2139=VECTOR('',#8831,10.);
#2140=VECTOR('',#8838,10.);
#2141=VECTOR('',#8843,10.);
#2142=VECTOR('',#8844,10.);
#2143=VECTOR('',#8849,10.);
#2144=VECTOR('',#8858,10.);
#2145=VECTOR('',#8859,10.);
#2146=VECTOR('',#8860,10.);
#2147=VECTOR('',#8861,10.);
#2148=VECTOR('',#8862,10.);
#2149=VECTOR('',#8867,10.);
#2150=VECTOR('',#8868,10.);
#2151=VECTOR('',#8875,10.);
#2152=VECTOR('',#8880,10.);
#2153=VECTOR('',#8881,10.);
#2154=VECTOR('',#8884,10.);
#2155=VECTOR('',#8887,10.);
#2156=VECTOR('',#8890,1.5);
#2157=VECTOR('',#8893,1.5);
#2158=VECTOR('',#8898,10.);
#2159=VECTOR('',#8903,10.);
#2160=VECTOR('',#8906,10.);
#2161=VECTOR('',#8907,10.);
#2162=VECTOR('',#8910,10.);
#2163=VECTOR('',#8913,10.);
#2164=VECTOR('',#8920,10.);
#2165=VECTOR('',#8921,10.);
#2166=VECTOR('',#8926,10.);
#2167=VECTOR('',#8935,10.);
#2168=VECTOR('',#8938,10.);
#2169=VECTOR('',#8957,10.);
#2170=VECTOR('',#8958,10.);
#2171=VECTOR('',#8965,10.);
#2172=VECTOR('',#8966,10.);
#2173=VECTOR('',#8967,10.);
#2174=VECTOR('',#8970,10.);
#2175=VECTOR('',#8971,10.);
#2176=VECTOR('',#8974,10.);
#2177=VECTOR('',#8979,10.);
#2178=VECTOR('',#8984,10.);
#2179=VECTOR('',#8985,10.);
#2180=VECTOR('',#8986,10.);
#2181=VECTOR('',#8989,10.);
#2182=VECTOR('',#8994,10.);
#2183=VECTOR('',#8999,10.);
#2184=VECTOR('',#9002,10.);
#2185=VECTOR('',#9007,10.);
#2186=VECTOR('',#9010,10.);
#2187=VECTOR('',#9041,10.);
#2188=VECTOR('',#9048,10.);
#2189=VECTOR('',#9053,10.);
#2190=VECTOR('',#9054,10.);
#2191=VECTOR('',#9057,10.);
#2192=VECTOR('',#9058,10.);
#2193=VECTOR('',#9061,10.);
#2194=VECTOR('',#9066,10.);
#2195=VECTOR('',#9079,10.);
#2196=VECTOR('',#9090,10.);
#2197=VECTOR('',#9097,10.);
#2198=VECTOR('',#9102,10.);
#2199=VECTOR('',#9103,10.);
#2200=VECTOR('',#9106,10.);
#2201=VECTOR('',#9111,10.);
#2202=VECTOR('',#9112,10.);
#2203=VECTOR('',#9113,10.);
#2204=VECTOR('',#9116,10.);
#2205=VECTOR('',#9119,10.);
#2206=VECTOR('',#9124,10.);
#2207=VECTOR('',#9131,10.);
#2208=VECTOR('',#9138,10.);
#2209=VECTOR('',#9141,10.);
#2210=VECTOR('',#9144,10.);
#2211=VECTOR('',#9151,10.);
#2212=VECTOR('',#9164,10.);
#2213=VECTOR('',#9165,10.);
#2214=VECTOR('',#9166,10.);
#2215=VECTOR('',#9171,10.);
#2216=VECTOR('',#9172,10.);
#2217=VECTOR('',#9173,10.);
#2218=VECTOR('',#9184,1.25);
#2219=VECTOR('',#9195,10.);
#2220=VECTOR('',#9206,10.);
#2221=VECTOR('',#9217,10.);
#2222=VECTOR('',#9230,10.);
#2223=VECTOR('',#9233,10.);
#2224=VECTOR('',#9254,10.);
#2225=VECTOR('',#9277,10.);
#2226=VECTOR('',#9286,10.);
#2227=VECTOR('',#9289,10.);
#2228=VECTOR('',#9292,10.);
#2229=VECTOR('',#9295,10.);
#2230=VECTOR('',#9306,10.);
#2231=VECTOR('',#9309,10.);
#2232=VECTOR('',#9314,10.);
#2233=VECTOR('',#9317,10.);
#2234=VECTOR('',#9326,10.);
#2235=VECTOR('',#9329,10.);
#2236=VECTOR('',#9336,10.);
#2237=VECTOR('',#9337,10.);
#2238=VECTOR('',#9338,10.);
#2239=VECTOR('',#9339,10.);
#2240=VECTOR('',#9342,10.);
#2241=VECTOR('',#9343,10.);
#2242=VECTOR('',#9344,10.);
#2243=VECTOR('',#9347,10.);
#2244=VECTOR('',#9352,10.);
#2245=VECTOR('',#9353,10.);
#2246=VECTOR('',#9356,10.);
#2247=VECTOR('',#9361,10.);
#2248=VECTOR('',#9362,10.);
#2249=VECTOR('',#9363,10.);
#2250=VECTOR('',#9366,10.);
#2251=VECTOR('',#9367,10.);
#2252=VECTOR('',#9368,10.);
#2253=VECTOR('',#9373,10.);
#2254=VECTOR('',#9376,10.);
#2255=VECTOR('',#9377,10.);
#2256=VECTOR('',#9378,10.);
#2257=VECTOR('',#9381,10.);
#2258=VECTOR('',#9386,10.);
#2259=VECTOR('',#9387,10.);
#2260=VECTOR('',#9388,10.);
#2261=VECTOR('',#9401,10.);
#2262=VECTOR('',#9404,10.);
#2263=VECTOR('',#9407,10.);
#2264=VECTOR('',#9414,10.);
#2265=VECTOR('',#9417,10.);
#2266=VECTOR('',#9420,10.);
#2267=VECTOR('',#9421,10.);
#2268=VECTOR('',#9424,10.);
#2269=VECTOR('',#9427,10.);
#2270=VECTOR('',#9430,10.);
#2271=VECTOR('',#9445,10.);
#2272=VECTOR('',#9448,10.);
#2273=VECTOR('',#9451,10.);
#2274=VECTOR('',#9454,10.);
#2275=VECTOR('',#9457,10.);
#2276=VECTOR('',#9460,10.);
#2277=VECTOR('',#9465,10.);
#2278=VECTOR('',#9472,10.);
#2279=VECTOR('',#9477,10.);
#2280=VECTOR('',#9482,10.);
#2281=VECTOR('',#9487,10.);
#2282=VECTOR('',#9492,10.);
#2283=VECTOR('',#9497,10.);
#2284=VECTOR('',#9502,10.);
#2285=VECTOR('',#9507,10.);
#2286=VECTOR('',#9512,10.);
#2287=VECTOR('',#9517,10.);
#2288=VECTOR('',#9522,10.);
#2289=VECTOR('',#9527,10.);
#2290=VECTOR('',#9532,10.);
#2291=VECTOR('',#9537,10.);
#2292=VECTOR('',#9542,10.);
#2293=VECTOR('',#9547,10.);
#2294=VECTOR('',#9552,10.);
#2295=VECTOR('',#9557,10.);
#2296=VECTOR('',#9562,10.);
#2297=VECTOR('',#9567,10.);
#2298=VECTOR('',#9572,10.);
#2299=VECTOR('',#9577,10.);
#2300=VECTOR('',#9582,10.);
#2301=VECTOR('',#9587,10.);
#2302=VECTOR('',#9592,10.);
#2303=VECTOR('',#9597,10.);
#2304=VECTOR('',#9602,10.);
#2305=VECTOR('',#9607,10.);
#2306=VECTOR('',#9612,10.);
#2307=VECTOR('',#9617,10.);
#2308=VECTOR('',#9620,10.);
#2309=VECTOR('',#9621,10.);
#2310=VECTOR('',#9622,10.);
#2311=VECTOR('',#9623,10.);
#2312=VECTOR('',#9626,10.);
#2313=VECTOR('',#9627,10.);
#2314=VECTOR('',#9628,10.);
#2315=VECTOR('',#9629,10.);
#2316=VECTOR('',#9632,10.);
#2317=VECTOR('',#9635,10.);
#2318=VECTOR('',#9650,10.);
#2319=VECTOR('',#9651,10.);
#2320=VECTOR('',#9664,10.);
#2321=VECTOR('',#9665,10.);
#2322=VECTOR('',#9670,10.);
#2323=VECTOR('',#9673,10.);
#2324=VECTOR('',#9676,10.);
#2325=VECTOR('',#9677,10.);
#2326=VECTOR('',#9682,10.);
#2327=VECTOR('',#9685,10.);
#2328=VECTOR('',#9690,10.);
#2329=VECTOR('',#9695,10.);
#2330=VECTOR('',#9700,10.);
#2331=VECTOR('',#9703,10.);
#2332=VECTOR('',#9704,10.);
#2333=VECTOR('',#9711,1.25);
#2334=VECTOR('',#9716,1.25);
#2335=VECTOR('',#9721,10.);
#2336=VECTOR('',#9722,10.);
#2337=VECTOR('',#9723,10.);
#2338=VECTOR('',#9724,10.);
#2339=VECTOR('',#9725,10.);
#2340=VECTOR('',#9732,10.);
#2341=VECTOR('',#9735,10.);
#2342=VECTOR('',#9736,10.);
#2343=VECTOR('',#9737,10.);
#2344=VECTOR('',#9744,10.);
#2345=VECTOR('',#9747,10.);
#2346=VECTOR('',#9748,10.);
#2347=VECTOR('',#9749,10.);
#2348=VECTOR('',#9750,10.);
#2349=VECTOR('',#9757,10.);
#2350=VECTOR('',#9760,10.);
#2351=VECTOR('',#9761,10.);
#2352=VECTOR('',#9762,10.);
#2353=VECTOR('',#9771,10.);
#2354=VECTOR('',#9776,1.25);
#2355=VECTOR('',#9781,1.25);
#2356=VECTOR('',#9786,10.);
#2357=VECTOR('',#9789,10.);
#2358=VECTOR('',#9794,10.);
#2359=VECTOR('',#9799,10.);
#2360=VECTOR('',#9804,10.);
#2361=VECTOR('',#9809,10.);
#2362=VECTOR('',#9814,10.);
#2363=VECTOR('',#9819,10.);
#2364=VECTOR('',#9824,10.);
#2365=VECTOR('',#9829,10.);
#2366=VECTOR('',#9834,10.);
#2367=VECTOR('',#9839,10.);
#2368=VECTOR('',#9844,10.);
#2369=VECTOR('',#9849,10.);
#2370=VECTOR('',#9854,10.);
#2371=VECTOR('',#9859,10.);
#2372=VECTOR('',#9864,10.);
#2373=VECTOR('',#9869,10.);
#2374=VECTOR('',#9874,10.);
#2375=VECTOR('',#9879,10.);
#2376=VECTOR('',#9884,10.);
#2377=VECTOR('',#9889,10.);
#2378=VECTOR('',#9894,10.);
#2379=VECTOR('',#9899,10.);
#2380=VECTOR('',#9904,10.);
#2381=VECTOR('',#9909,10.);
#2382=VECTOR('',#9914,10.);
#2383=VECTOR('',#9919,10.);
#2384=VECTOR('',#9924,10.);
#2385=VECTOR('',#9929,10.);
#2386=VECTOR('',#9934,10.);
#2387=VECTOR('',#9937,10.);
#2388=VECTOR('',#9940,10.);
#2389=VECTOR('',#9945,10.);
#2390=VECTOR('',#9952,10.);
#2391=VECTOR('',#9953,10.);
#2392=VECTOR('',#9956,10.);
#2393=VECTOR('',#9957,10.);
#2394=VECTOR('',#9962,10.);
#2395=VECTOR('',#9963,10.);
#2396=VECTOR('',#9966,10.);
#2397=VECTOR('',#9969,10.);
#2398=VECTOR('',#9970,10.);
#2399=VECTOR('',#9975,10.);
#2400=VECTOR('',#9978,10.);
#2401=VECTOR('',#9983,10.);
#2402=VECTOR('',#9988,10.);
#2403=VECTOR('',#9989,10.);
#2404=VECTOR('',#9992,10.);
#2405=VECTOR('',#9995,10.);
#2406=VECTOR('',#9998,10.);
#2407=VECTOR('',#10001,10.);
#2408=VECTOR('',#10006,10.);
#2409=VECTOR('',#10007,10.);
#2410=VECTOR('',#10010,10.);
#2411=VECTOR('',#10013,10.);
#2412=VECTOR('',#10016,10.);
#2413=VECTOR('',#10019,10.);
#2414=VECTOR('',#10024,10.);
#2415=VECTOR('',#10025,10.);
#2416=VECTOR('',#10028,10.);
#2417=VECTOR('',#10031,10.);
#2418=VECTOR('',#10034,10.);
#2419=VECTOR('',#10037,10.);
#2420=VECTOR('',#10042,10.);
#2421=VECTOR('',#10043,10.);
#2422=VECTOR('',#10046,10.);
#2423=VECTOR('',#10049,10.);
#2424=VECTOR('',#10052,10.);
#2425=VECTOR('',#10055,10.);
#2426=VECTOR('',#10060,10.);
#2427=VECTOR('',#10061,10.);
#2428=VECTOR('',#10064,10.);
#2429=VECTOR('',#10067,10.);
#2430=VECTOR('',#10070,10.);
#2431=VECTOR('',#10073,10.);
#2432=VECTOR('',#10078,10.);
#2433=VECTOR('',#10079,10.);
#2434=VECTOR('',#10082,10.);
#2435=VECTOR('',#10085,10.);
#2436=VECTOR('',#10088,10.);
#2437=VECTOR('',#10091,10.);
#2438=VECTOR('',#10096,10.);
#2439=VECTOR('',#10097,10.);
#2440=VECTOR('',#10100,10.);
#2441=VECTOR('',#10103,10.);
#2442=VECTOR('',#10106,10.);
#2443=VECTOR('',#10109,10.);
#2444=VECTOR('',#10114,10.);
#2445=VECTOR('',#10115,10.);
#2446=VECTOR('',#10118,10.);
#2447=VECTOR('',#10121,10.);
#2448=VECTOR('',#10124,10.);
#2449=VECTOR('',#10127,10.);
#2450=VECTOR('',#10132,10.);
#2451=VECTOR('',#10133,10.);
#2452=VECTOR('',#10136,10.);
#2453=VECTOR('',#10139,10.);
#2454=VECTOR('',#10142,10.);
#2455=VECTOR('',#10145,10.);
#2456=VECTOR('',#10150,10.);
#2457=VECTOR('',#10151,10.);
#2458=VECTOR('',#10154,10.);
#2459=VECTOR('',#10157,10.);
#2460=VECTOR('',#10160,10.);
#2461=VECTOR('',#10163,10.);
#2462=VECTOR('',#10168,10.);
#2463=VECTOR('',#10169,10.);
#2464=VECTOR('',#10172,10.);
#2465=VECTOR('',#10175,10.);
#2466=VECTOR('',#10178,10.);
#2467=VECTOR('',#10181,10.);
#2468=VECTOR('',#10186,10.);
#2469=VECTOR('',#10187,10.);
#2470=VECTOR('',#10190,10.);
#2471=VECTOR('',#10193,10.);
#2472=VECTOR('',#10196,10.);
#2473=VECTOR('',#10199,10.);
#2474=VECTOR('',#10204,10.);
#2475=VECTOR('',#10205,10.);
#2476=VECTOR('',#10208,10.);
#2477=VECTOR('',#10211,10.);
#2478=VECTOR('',#10214,10.);
#2479=VECTOR('',#10217,10.);
#2480=VECTOR('',#10222,10.);
#2481=VECTOR('',#10223,10.);
#2482=VECTOR('',#10226,10.);
#2483=VECTOR('',#10229,10.);
#2484=VECTOR('',#10232,10.);
#2485=VECTOR('',#10235,10.);
#2486=VECTOR('',#10240,10.);
#2487=VECTOR('',#10241,10.);
#2488=VECTOR('',#10244,10.);
#2489=VECTOR('',#10247,10.);
#2490=VECTOR('',#10250,10.);
#2491=VECTOR('',#10253,10.);
#2492=CIRCLE('',#7268,1.5);
#2493=CIRCLE('',#7269,1.5);
#2494=CIRCLE('',#7282,4.);
#2495=CIRCLE('',#7283,1.2645);
#2496=CIRCLE('',#7285,4.);
#2497=CIRCLE('',#7286,0.8115);
#2498=CIRCLE('',#7291,1.2645);
#2499=CIRCLE('',#7316,0.8115);
#2500=CIRCLE('',#7325,1.);
#2501=CIRCLE('',#7326,1.);
#2502=CIRCLE('',#7328,1.);
#2503=CIRCLE('',#7329,5.);
#2504=CIRCLE('',#7330,4.);
#2505=CIRCLE('',#7332,1.);
#2506=CIRCLE('',#7334,1.);
#2507=CIRCLE('',#7335,5.);
#2508=CIRCLE('',#7336,4.);
#2509=CIRCLE('',#7338,1.);
#2510=CIRCLE('',#7342,1.);
#2511=CIRCLE('',#7343,1.);
#2512=CIRCLE('',#7345,1.);
#2513=CIRCLE('',#7346,5.);
#2514=CIRCLE('',#7347,4.);
#2515=CIRCLE('',#7349,1.);
#2516=CIRCLE('',#7351,1.);
#2517=CIRCLE('',#7352,5.);
#2518=CIRCLE('',#7353,4.);
#2519=CIRCLE('',#7355,1.);
#2520=CIRCLE('',#7362,5.);
#2521=CIRCLE('',#7363,5.);
#2522=CIRCLE('',#7365,5.);
#2523=CIRCLE('',#7368,5.);
#2524=CIRCLE('',#7387,5.);
#2525=CIRCLE('',#7388,5.);
#2526=CIRCLE('',#7389,5.);
#2527=CIRCLE('',#7390,10.);
#2528=CIRCLE('',#7392,5.);
#2529=CIRCLE('',#7393,5.);
#2530=CIRCLE('',#7394,10.);
#2531=CIRCLE('',#7395,5.);
#2532=CIRCLE('',#7397,5.);
#2533=CIRCLE('',#7398,5.);
#2534=CIRCLE('',#7399,10.);
#2535=CIRCLE('',#7400,5.);
#2536=CIRCLE('',#7402,5.);
#2537=CIRCLE('',#7403,5.);
#2538=CIRCLE('',#7404,10.);
#2539=CIRCLE('',#7405,5.);
#2540=CIRCLE('',#7415,5.);
#2541=CIRCLE('',#7416,5.);
#2542=CIRCLE('',#7417,5.);
#2543=CIRCLE('',#7419,5.);
#2544=CIRCLE('',#7420,5.);
#2545=CIRCLE('',#7423,5.);
#2546=CIRCLE('',#7424,5.);
#2547=CIRCLE('',#7427,5.);
#2548=CIRCLE('',#7433,1.5);
#2549=CIRCLE('',#7434,1.5);
#2550=CIRCLE('',#7436,1.5);
#2551=CIRCLE('',#7437,1.5);
#2552=CIRCLE('',#7439,5.);
#2553=CIRCLE('',#7440,5.);
#2554=CIRCLE('',#7441,5.);
#2555=CIRCLE('',#7442,5.);
#2556=CIRCLE('',#7445,5.);
#2557=CIRCLE('',#7448,5.);
#2558=CIRCLE('',#7450,1.);
#2559=CIRCLE('',#7452,5.);
#2560=CIRCLE('',#7453,5.);
#2561=CIRCLE('',#7458,1.);
#2562=CIRCLE('',#7461,1.);
#2563=CIRCLE('',#7464,1.);
#2564=CIRCLE('',#7469,2.);
#2565=CIRCLE('',#7470,2.);
#2566=CIRCLE('',#7476,3.25);
#2567=CIRCLE('',#7478,1.5);
#2568=CIRCLE('',#7480,3.25);
#2569=CIRCLE('',#7482,1.5);
#2570=CIRCLE('',#7484,1.5);
#2571=CIRCLE('',#7486,1.5);
#2572=CIRCLE('',#7492,3.);
#2573=CIRCLE('',#7493,3.);
#2574=CIRCLE('',#7495,3.);
#2575=CIRCLE('',#7496,3.);
#2576=CIRCLE('',#7498,3.);
#2577=CIRCLE('',#7500,3.);
#2578=CIRCLE('',#7501,3.);
#2579=CIRCLE('',#7503,3.);
#2580=CIRCLE('',#7505,1.);
#2581=CIRCLE('',#7506,1.);
#2582=CIRCLE('',#7508,3.);
#2583=CIRCLE('',#7509,1.5);
#2584=CIRCLE('',#7512,3.);
#2585=CIRCLE('',#7514,1.);
#2586=CIRCLE('',#7516,1.);
#2587=CIRCLE('',#7517,1.);
#2588=CIRCLE('',#7520,1.5);
#2589=CIRCLE('',#7521,1.5);
#2590=CIRCLE('',#7523,3.);
#2591=CIRCLE('',#7526,3.);
#2592=CIRCLE('',#7527,3.);
#2593=CIRCLE('',#7529,3.);
#2594=CIRCLE('',#7531,3.);
#2595=CIRCLE('',#7533,1.);
#2596=CIRCLE('',#7535,3.);
#2597=CIRCLE('',#7542,1.5);
#2598=CIRCLE('',#7545,1.);
#2599=CIRCLE('',#7549,1.);
#2600=CIRCLE('',#7557,1.);
#2601=CIRCLE('',#7558,1.);
#2602=CIRCLE('',#7560,0.999999999999998);
#2603=CIRCLE('',#7561,1.);
#2604=CIRCLE('',#7563,1.);
#2605=CIRCLE('',#7564,1.);
#2606=CIRCLE('',#7565,1.);
#2607=CIRCLE('',#7567,0.999999999999996);
#2608=CIRCLE('',#7569,1.);
#2609=CIRCLE('',#7571,6.);
#2610=CIRCLE('',#7573,1.00000000000001);
#2611=CIRCLE('',#7575,6.);
#2612=CIRCLE('',#7576,6.);
#2613=CIRCLE('',#7577,4.);
#2614=CIRCLE('',#7578,4.);
#2615=CIRCLE('',#7580,1.);
#2616=CIRCLE('',#7582,1.);
#2617=CIRCLE('',#7584,1.);
#2618=CIRCLE('',#7585,1.);
#2619=CIRCLE('',#7587,0.999999999999996);
#2620=CIRCLE('',#7588,6.);
#2621=CIRCLE('',#7589,5.);
#2622=CIRCLE('',#7591,6.);
#2623=CIRCLE('',#7592,5.);
#2624=CIRCLE('',#7594,1.00000000000001);
#2625=CIRCLE('',#7595,5.);
#2626=CIRCLE('',#7597,1.);
#2627=CIRCLE('',#7598,5.);
#2628=CIRCLE('',#7600,1.);
#2629=CIRCLE('',#7602,1.);
#2630=CIRCLE('',#7604,1.);
#2631=CIRCLE('',#7606,6.);
#2632=CIRCLE('',#7608,5.);
#2633=CIRCLE('',#7610,5.);
#2634=CIRCLE('',#7612,1.);
#2635=CIRCLE('',#7613,5.);
#2636=CIRCLE('',#7615,1.);
#2637=CIRCLE('',#7617,1.);
#2638=CIRCLE('',#7618,5.);
#2639=CIRCLE('',#7620,0.999999999999996);
#2640=CIRCLE('',#7622,1.);
#2641=CIRCLE('',#7624,5.);
#2642=CIRCLE('',#7627,5.);
#2643=CIRCLE('',#7629,6.);
#2644=CIRCLE('',#7631,1.);
#2645=CIRCLE('',#7633,1.2645);
#2646=CIRCLE('',#7635,1.);
#2647=CIRCLE('',#7636,0.999999999999996);
#2648=CIRCLE('',#7638,1.);
#2649=CIRCLE('',#7639,0.999999999999996);
#2650=CIRCLE('',#7641,0.999999999999996);
#2651=CIRCLE('',#7643,1.);
#2652=CIRCLE('',#7645,1.);
#2653=CIRCLE('',#7647,1.);
#2654=CIRCLE('',#7650,6.);
#2655=CIRCLE('',#7651,6.);
#2656=CIRCLE('',#7652,1.2645);
#2657=CIRCLE('',#7654,1.);
#2658=CIRCLE('',#7658,1.);
#2659=CIRCLE('',#7659,5.);
#2660=CIRCLE('',#7661,1.);
#2661=CIRCLE('',#7663,0.999999999999996);
#2662=CIRCLE('',#7664,4.);
#2663=CIRCLE('',#7666,0.999999999999996);
#2664=CIRCLE('',#7668,1.);
#2665=CIRCLE('',#7669,4.);
#2666=CIRCLE('',#7671,1.);
#2667=CIRCLE('',#7673,1.);
#2668=CIRCLE('',#7674,5.);
#2669=CIRCLE('',#7677,0.999999999999996);
#2670=CIRCLE('',#7678,1.);
#2671=CIRCLE('',#7680,0.999999999999996);
#2672=CIRCLE('',#7681,6.);
#2673=CIRCLE('',#7682,5.);
#2674=CIRCLE('',#7684,0.999999999999996);
#2675=CIRCLE('',#7685,6.);
#2676=CIRCLE('',#7686,5.);
#2677=CIRCLE('',#7688,1.);
#2678=CIRCLE('',#7690,1.);
#2679=CIRCLE('',#7691,5.);
#2680=CIRCLE('',#7693,1.);
#2681=CIRCLE('',#7695,0.999999999999997);
#2682=CIRCLE('',#7697,1.);
#2683=CIRCLE('',#7699,1.);
#2684=CIRCLE('',#7701,5.);
#2685=CIRCLE('',#7702,6.);
#2686=CIRCLE('',#7712,0.500000000000009);
#2687=CIRCLE('',#7714,0.500000000000001);
#2688=CIRCLE('',#7715,0.500000000000009);
#2689=CIRCLE('',#7717,0.500000000000001);
#2690=CIRCLE('',#7720,0.5);
#2691=CIRCLE('',#7722,0.5);
#2692=CIRCLE('',#7724,1.);
#2693=CIRCLE('',#7731,1.);
#2694=CIRCLE('',#7733,0.5);
#2695=CIRCLE('',#7736,0.5);
#2696=CIRCLE('',#7739,0.5);
#2697=CIRCLE('',#7741,0.5);
#2698=CIRCLE('',#7749,2.);
#2699=CIRCLE('',#7750,2.);
#2700=CIRCLE('',#7752,2.);
#2701=CIRCLE('',#7753,2.);
#2702=CIRCLE('',#7754,1.2645);
#2703=CIRCLE('',#7755,1.2645);
#2704=CIRCLE('',#7756,1.2645);
#2705=CIRCLE('',#7757,1.2645);
#2706=CIRCLE('',#7758,1.2645);
#2707=CIRCLE('',#7759,1.2645);
#2708=CIRCLE('',#7761,5.);
#2709=CIRCLE('',#7762,5.);
#2710=CIRCLE('',#7763,4.5);
#2711=CIRCLE('',#7764,4.5);
#2712=CIRCLE('',#7765,2.);
#2713=CIRCLE('',#7766,2.);
#2714=CIRCLE('',#7767,2.);
#2715=CIRCLE('',#7768,2.);
#2716=CIRCLE('',#7769,2.);
#2717=CIRCLE('',#7770,2.);
#2718=CIRCLE('',#7771,2.);
#2719=CIRCLE('',#7772,2.);
#2720=CIRCLE('',#7773,2.);
#2721=CIRCLE('',#7774,2.);
#2722=CIRCLE('',#7775,2.);
#2723=CIRCLE('',#7776,2.);
#2724=CIRCLE('',#7777,2.);
#2725=CIRCLE('',#7778,2.);
#2726=CIRCLE('',#7779,2.);
#2727=CIRCLE('',#7780,2.);
#2728=CIRCLE('',#7781,2.);
#2729=CIRCLE('',#7782,2.);
#2730=CIRCLE('',#7783,2.);
#2731=CIRCLE('',#7784,2.);
#2732=CIRCLE('',#7785,2.);
#2733=CIRCLE('',#7786,2.);
#2734=CIRCLE('',#7787,2.);
#2735=CIRCLE('',#7788,2.);
#2736=CIRCLE('',#7789,2.);
#2737=CIRCLE('',#7790,2.);
#2738=CIRCLE('',#7791,2.);
#2739=CIRCLE('',#7792,2.);
#2740=CIRCLE('',#7793,2.);
#2741=CIRCLE('',#7794,2.);
#2742=CIRCLE('',#7795,2.);
#2743=CIRCLE('',#7796,2.);
#2744=CIRCLE('',#7797,2.);
#2745=CIRCLE('',#7798,2.);
#2746=CIRCLE('',#7799,2.);
#2747=CIRCLE('',#7800,2.);
#2748=CIRCLE('',#7801,2.);
#2749=CIRCLE('',#7802,2.);
#2750=CIRCLE('',#7803,2.);
#2751=CIRCLE('',#7804,2.);
#2752=CIRCLE('',#7805,2.);
#2753=CIRCLE('',#7806,2.);
#2754=CIRCLE('',#7807,2.);
#2755=CIRCLE('',#7808,2.);
#2756=CIRCLE('',#7809,2.);
#2757=CIRCLE('',#7810,2.);
#2758=CIRCLE('',#7811,2.);
#2759=CIRCLE('',#7812,2.);
#2760=CIRCLE('',#7813,2.);
#2761=CIRCLE('',#7814,2.);
#2762=CIRCLE('',#7815,2.);
#2763=CIRCLE('',#7816,2.);
#2764=CIRCLE('',#7817,2.);
#2765=CIRCLE('',#7818,2.);
#2766=CIRCLE('',#7819,2.);
#2767=CIRCLE('',#7820,2.);
#2768=CIRCLE('',#7821,2.);
#2769=CIRCLE('',#7822,2.);
#2770=CIRCLE('',#7823,2.);
#2771=CIRCLE('',#7824,2.);
#2772=CIRCLE('',#7825,2.);
#2773=CIRCLE('',#7826,2.);
#2774=CIRCLE('',#7827,2.);
#2775=CIRCLE('',#7828,2.);
#2776=CIRCLE('',#7832,2.);
#2777=CIRCLE('',#7833,2.);
#2778=CIRCLE('',#7835,2.);
#2779=CIRCLE('',#7836,13.);
#2780=CIRCLE('',#7837,13.);
#2781=CIRCLE('',#7839,2.);
#2782=CIRCLE('',#7841,2.);
#2783=CIRCLE('',#7842,13.);
#2784=CIRCLE('',#7843,13.);
#2785=CIRCLE('',#7845,2.);
#2786=CIRCLE('',#7848,2.);
#2787=CIRCLE('',#7851,2.);
#2788=CIRCLE('',#7853,2.);
#2789=CIRCLE('',#7855,2.);
#2790=CIRCLE('',#7858,5.);
#2791=CIRCLE('',#7861,5.);
#2792=CIRCLE('',#7863,1.2645);
#2793=CIRCLE('',#7865,1.2645);
#2794=CIRCLE('',#7869,0.5);
#2795=CIRCLE('',#7873,0.5);
#2796=CIRCLE('',#7885,1.2645);
#2797=CIRCLE('',#7887,1.2645);
#2798=CIRCLE('',#7889,2.);
#2799=CIRCLE('',#7890,2.);
#2800=CIRCLE('',#7891,2.);
#2801=CIRCLE('',#7892,2.);
#2802=CIRCLE('',#7893,2.);
#2803=CIRCLE('',#7894,2.);
#2804=CIRCLE('',#7895,2.);
#2805=CIRCLE('',#7896,2.);
#2806=CIRCLE('',#7897,2.);
#2807=CIRCLE('',#7898,2.);
#2808=CIRCLE('',#7899,2.);
#2809=CIRCLE('',#7900,2.);
#2810=CIRCLE('',#7901,2.);
#2811=CIRCLE('',#7902,2.);
#2812=CIRCLE('',#7903,2.);
#2813=CIRCLE('',#7904,2.);
#2814=CIRCLE('',#7905,2.);
#2815=CIRCLE('',#7906,2.);
#2816=CIRCLE('',#7907,2.);
#2817=CIRCLE('',#7908,2.);
#2818=CIRCLE('',#7909,2.);
#2819=CIRCLE('',#7910,2.);
#2820=CIRCLE('',#7911,2.);
#2821=CIRCLE('',#7912,2.);
#2822=CIRCLE('',#7913,2.);
#2823=CIRCLE('',#7914,2.);
#2824=CIRCLE('',#7915,2.);
#2825=CIRCLE('',#7916,2.);
#2826=CIRCLE('',#7917,2.);
#2827=CIRCLE('',#7918,2.);
#2828=CIRCLE('',#7919,2.);
#2829=CIRCLE('',#7920,2.);
#2830=CIRCLE('',#7921,2.);
#2831=CIRCLE('',#7922,2.);
#2832=CIRCLE('',#7923,2.);
#2833=CIRCLE('',#7924,2.);
#2834=CIRCLE('',#7925,2.);
#2835=CIRCLE('',#7926,2.);
#2836=CIRCLE('',#7927,2.);
#2837=CIRCLE('',#7928,2.);
#2838=CIRCLE('',#7929,2.);
#2839=CIRCLE('',#7930,2.);
#2840=CIRCLE('',#7931,2.);
#2841=CIRCLE('',#7932,2.);
#2842=CIRCLE('',#7933,2.);
#2843=CIRCLE('',#7934,2.);
#2844=CIRCLE('',#7935,2.);
#2845=CIRCLE('',#7936,2.);
#2846=CIRCLE('',#7937,2.);
#2847=CIRCLE('',#7938,2.);
#2848=CIRCLE('',#7939,2.);
#2849=CIRCLE('',#7940,2.);
#2850=CIRCLE('',#7941,2.);
#2851=CIRCLE('',#7942,2.);
#2852=CIRCLE('',#7943,2.);
#2853=CIRCLE('',#7944,2.);
#2854=CIRCLE('',#7945,2.);
#2855=CIRCLE('',#7946,2.);
#2856=CIRCLE('',#7947,2.);
#2857=CIRCLE('',#7948,2.);
#2858=CIRCLE('',#7949,1.75);
#2859=CIRCLE('',#7950,1.75);
#2860=CIRCLE('',#7954,1.75);
#2861=CIRCLE('',#7957,4.5);
#2862=CIRCLE('',#7959,4.5);
#2863=CIRCLE('',#7960,1.75);
#2864=VERTEX_POINT('',#10277);
#2865=VERTEX_POINT('',#10279);
#2866=VERTEX_POINT('',#10283);
#2867=VERTEX_POINT('',#10284);
#2868=VERTEX_POINT('',#10286);
#2869=VERTEX_POINT('',#10288);
#2870=VERTEX_POINT('',#10290);
#2871=VERTEX_POINT('',#10292);
#2872=VERTEX_POINT('',#10294);
#2873=VERTEX_POINT('',#10296);
#2874=VERTEX_POINT('',#10300);
#2875=VERTEX_POINT('',#10302);
#2876=VERTEX_POINT('',#10306);
#2877=VERTEX_POINT('',#10308);
#2878=VERTEX_POINT('',#10312);
#2879=VERTEX_POINT('',#10316);
#2880=VERTEX_POINT('',#10322);
#2881=VERTEX_POINT('',#10324);
#2882=VERTEX_POINT('',#10334);
#2883=VERTEX_POINT('',#10336);
#2884=VERTEX_POINT('',#10339);
#2885=VERTEX_POINT('',#10340);
#2886=VERTEX_POINT('',#10342);
#2887=VERTEX_POINT('',#10344);
#2888=VERTEX_POINT('',#10346);
#2889=VERTEX_POINT('',#10348);
#2890=VERTEX_POINT('',#10350);
#2891=VERTEX_POINT('',#10352);
#2892=VERTEX_POINT('',#10354);
#2893=VERTEX_POINT('',#10356);
#2894=VERTEX_POINT('',#10359);
#2895=VERTEX_POINT('',#10361);
#2896=VERTEX_POINT('',#10364);
#2897=VERTEX_POINT('',#10365);
#2898=VERTEX_POINT('',#10370);
#2899=VERTEX_POINT('',#10371);
#2900=VERTEX_POINT('',#10373);
#2901=VERTEX_POINT('',#10376);
#2902=VERTEX_POINT('',#10380);
#2903=VERTEX_POINT('',#10384);
#2904=VERTEX_POINT('',#10385);
#2905=VERTEX_POINT('',#10387);
#2906=VERTEX_POINT('',#10389);
#2907=VERTEX_POINT('',#10391);
#2908=VERTEX_POINT('',#10393);
#2909=VERTEX_POINT('',#10396);
#2910=VERTEX_POINT('',#10399);
#2911=VERTEX_POINT('',#10400);
#2912=VERTEX_POINT('',#10405);
#2913=VERTEX_POINT('',#10409);
#2914=VERTEX_POINT('',#10413);
#2915=VERTEX_POINT('',#10417);
#2916=VERTEX_POINT('',#10423);
#2917=VERTEX_POINT('',#10427);
#2918=VERTEX_POINT('',#10431);
#2919=VERTEX_POINT('',#10432);
#2920=VERTEX_POINT('',#10434);
#2921=VERTEX_POINT('',#10436);
#2922=VERTEX_POINT('',#10438);
#2923=VERTEX_POINT('',#10440);
#2924=VERTEX_POINT('',#10444);
#2925=VERTEX_POINT('',#10446);
#2926=VERTEX_POINT('',#10450);
#2927=VERTEX_POINT('',#10452);
#2928=VERTEX_POINT('',#10458);
#2929=VERTEX_POINT('',#10460);
#2930=VERTEX_POINT('',#10469);
#2931=VERTEX_POINT('',#10473);
#2932=VERTEX_POINT('',#10474);
#2933=VERTEX_POINT('',#10476);
#2934=VERTEX_POINT('',#10478);
#2935=VERTEX_POINT('',#10480);
#2936=VERTEX_POINT('',#10485);
#2937=VERTEX_POINT('',#10489);
#2938=VERTEX_POINT('',#10493);
#2939=VERTEX_POINT('',#10497);
#2940=VERTEX_POINT('',#10499);
#2941=VERTEX_POINT('',#10503);
#2942=VERTEX_POINT('',#10509);
#2943=VERTEX_POINT('',#10512);
#2944=VERTEX_POINT('',#10526);
#2945=VERTEX_POINT('',#10527);
#2946=VERTEX_POINT('',#10529);
#2947=VERTEX_POINT('',#10531);
#2948=VERTEX_POINT('',#10535);
#2949=VERTEX_POINT('',#10536);
#2950=VERTEX_POINT('',#10541);
#2951=VERTEX_POINT('',#10542);
#2952=VERTEX_POINT('',#10547);
#2953=VERTEX_POINT('',#10548);
#2954=VERTEX_POINT('',#10553);
#2955=VERTEX_POINT('',#10554);
#2956=VERTEX_POINT('',#10561);
#2957=VERTEX_POINT('',#10563);
#2958=VERTEX_POINT('',#10567);
#2959=VERTEX_POINT('',#10568);
#2960=VERTEX_POINT('',#10570);
#2961=VERTEX_POINT('',#10572);
#2962=VERTEX_POINT('',#10576);
#2963=VERTEX_POINT('',#10577);
#2964=VERTEX_POINT('',#10582);
#2965=VERTEX_POINT('',#10583);
#2966=VERTEX_POINT('',#10588);
#2967=VERTEX_POINT('',#10593);
#2968=VERTEX_POINT('',#10607);
#2969=VERTEX_POINT('',#10608);
#2970=VERTEX_POINT('',#10610);
#2971=VERTEX_POINT('',#10612);
#2972=VERTEX_POINT('',#10616);
#2973=VERTEX_POINT('',#10618);
#2974=VERTEX_POINT('',#10620);
#2975=VERTEX_POINT('',#10622);
#2976=VERTEX_POINT('',#10626);
#2977=VERTEX_POINT('',#10630);
#2978=VERTEX_POINT('',#10634);
#2979=VERTEX_POINT('',#10636);
#2980=VERTEX_POINT('',#10651);
#2981=VERTEX_POINT('',#10652);
#2982=VERTEX_POINT('',#10654);
#2983=VERTEX_POINT('',#10656);
#2984=VERTEX_POINT('',#10660);
#2985=VERTEX_POINT('',#10662);
#2986=VERTEX_POINT('',#10671);
#2987=VERTEX_POINT('',#10673);
#2988=VERTEX_POINT('',#10677);
#2989=VERTEX_POINT('',#10679);
#2990=VERTEX_POINT('',#10688);
#2991=VERTEX_POINT('',#10690);
#2992=VERTEX_POINT('',#10694);
#2993=VERTEX_POINT('',#10696);
#2994=VERTEX_POINT('',#10705);
#2995=VERTEX_POINT('',#10707);
#2996=VERTEX_POINT('',#10723);
#2997=VERTEX_POINT('',#10724);
#2998=VERTEX_POINT('',#10726);
#2999=VERTEX_POINT('',#10728);
#3000=VERTEX_POINT('',#10732);
#3001=VERTEX_POINT('',#10733);
#3002=VERTEX_POINT('',#10746);
#3003=VERTEX_POINT('',#10747);
#3004=VERTEX_POINT('',#10752);
#3005=VERTEX_POINT('',#10753);
#3006=VERTEX_POINT('',#10766);
#3007=VERTEX_POINT('',#10767);
#3008=VERTEX_POINT('',#10772);
#3009=VERTEX_POINT('',#10773);
#3010=VERTEX_POINT('',#10786);
#3011=VERTEX_POINT('',#10787);
#3012=VERTEX_POINT('',#10795);
#3013=VERTEX_POINT('',#10797);
#3014=VERTEX_POINT('',#10801);
#3015=VERTEX_POINT('',#10805);
#3016=VERTEX_POINT('',#10809);
#3017=VERTEX_POINT('',#10813);
#3018=VERTEX_POINT('',#10814);
#3019=VERTEX_POINT('',#10816);
#3020=VERTEX_POINT('',#10818);
#3021=VERTEX_POINT('',#10911);
#3022=VERTEX_POINT('',#10915);
#3023=VERTEX_POINT('',#10954);
#3024=VERTEX_POINT('',#11004);
#3025=VERTEX_POINT('',#11006);
#3026=VERTEX_POINT('',#11010);
#3027=VERTEX_POINT('',#11012);
#3028=VERTEX_POINT('',#11016);
#3029=VERTEX_POINT('',#11017);
#3030=VERTEX_POINT('',#11019);
#3031=VERTEX_POINT('',#11021);
#3032=VERTEX_POINT('',#11023);
#3033=VERTEX_POINT('',#11025);
#3034=VERTEX_POINT('',#11027);
#3035=VERTEX_POINT('',#11029);
#3036=VERTEX_POINT('',#11031);
#3037=VERTEX_POINT('',#11042);
#3038=VERTEX_POINT('',#11058);
#3039=VERTEX_POINT('',#11060);
#3040=VERTEX_POINT('',#11064);
#3041=VERTEX_POINT('',#11068);
#3042=VERTEX_POINT('',#11070);
#3043=VERTEX_POINT('',#11072);
#3044=VERTEX_POINT('',#11076);
#3045=VERTEX_POINT('',#11080);
#3046=VERTEX_POINT('',#11081);
#3047=VERTEX_POINT('',#11083);
#3048=VERTEX_POINT('',#11085);
#3049=VERTEX_POINT('',#11088);
#3050=VERTEX_POINT('',#11099);
#3051=VERTEX_POINT('',#11117);
#3052=VERTEX_POINT('',#11119);
#3053=VERTEX_POINT('',#11123);
#3054=VERTEX_POINT('',#11127);
#3055=VERTEX_POINT('',#11131);
#3056=VERTEX_POINT('',#11142);
#3057=VERTEX_POINT('',#11143);
#3058=VERTEX_POINT('',#11145);
#3059=VERTEX_POINT('',#11147);
#3060=VERTEX_POINT('',#11151);
#3061=VERTEX_POINT('',#11153);
#3062=VERTEX_POINT('',#11157);
#3063=VERTEX_POINT('',#11160);
#3064=VERTEX_POINT('',#11162);
#3065=VERTEX_POINT('',#11165);
#3066=VERTEX_POINT('',#11169);
#3067=VERTEX_POINT('',#11172);
#3068=VERTEX_POINT('',#11176);
#3069=VERTEX_POINT('',#11179);
#3070=VERTEX_POINT('',#11183);
#3071=VERTEX_POINT('',#11187);
#3072=VERTEX_POINT('',#11195);
#3073=VERTEX_POINT('',#11196);
#3074=VERTEX_POINT('',#11198);
#3075=VERTEX_POINT('',#11200);
#3076=VERTEX_POINT('',#11204);
#3077=VERTEX_POINT('',#11205);
#3078=VERTEX_POINT('',#11214);
#3079=VERTEX_POINT('',#11216);
#3080=VERTEX_POINT('',#11218);
#3081=VERTEX_POINT('',#11221);
#3082=VERTEX_POINT('',#11223);
#3083=VERTEX_POINT('',#11232);
#3084=VERTEX_POINT('',#11234);
#3085=VERTEX_POINT('',#11243);
#3086=VERTEX_POINT('',#11245);
#3087=VERTEX_POINT('',#11258);
#3088=VERTEX_POINT('',#11259);
#3089=VERTEX_POINT('',#11261);
#3090=VERTEX_POINT('',#11268);
#3091=VERTEX_POINT('',#11270);
#3092=VERTEX_POINT('',#11272);
#3093=VERTEX_POINT('',#11274);
#3094=VERTEX_POINT('',#11285);
#3095=VERTEX_POINT('',#11287);
#3096=VERTEX_POINT('',#11289);
#3097=VERTEX_POINT('',#11291);
#3098=VERTEX_POINT('',#11294);
#3099=VERTEX_POINT('',#11297);
#3100=VERTEX_POINT('',#11301);
#3101=VERTEX_POINT('',#11305);
#3102=VERTEX_POINT('',#11307);
#3103=VERTEX_POINT('',#11311);
#3104=VERTEX_POINT('',#11313);
#3105=VERTEX_POINT('',#11315);
#3106=VERTEX_POINT('',#11317);
#3107=VERTEX_POINT('',#11323);
#3108=VERTEX_POINT('',#11326);
#3109=VERTEX_POINT('',#11328);
#3110=VERTEX_POINT('',#11331);
#3111=VERTEX_POINT('',#11335);
#3112=VERTEX_POINT('',#11339);
#3113=VERTEX_POINT('',#11341);
#3114=VERTEX_POINT('',#11347);
#3115=VERTEX_POINT('',#11349);
#3116=VERTEX_POINT('',#11358);
#3117=VERTEX_POINT('',#11360);
#3118=VERTEX_POINT('',#11369);
#3119=VERTEX_POINT('',#11371);
#3120=VERTEX_POINT('',#11381);
#3121=VERTEX_POINT('',#11385);
#3122=VERTEX_POINT('',#11387);
#3123=VERTEX_POINT('',#11404);
#3124=VERTEX_POINT('',#11410);
#3125=VERTEX_POINT('',#11414);
#3126=VERTEX_POINT('',#11420);
#3127=VERTEX_POINT('',#11425);
#3128=VERTEX_POINT('',#11434);
#3129=VERTEX_POINT('',#11435);
#3130=VERTEX_POINT('',#11437);
#3131=VERTEX_POINT('',#11439);
#3132=VERTEX_POINT('',#11443);
#3133=VERTEX_POINT('',#11447);
#3134=VERTEX_POINT('',#11448);
#3135=VERTEX_POINT('',#11450);
#3136=VERTEX_POINT('',#11454);
#3137=VERTEX_POINT('',#11461);
#3138=VERTEX_POINT('',#11463);
#3139=VERTEX_POINT('',#11465);
#3140=VERTEX_POINT('',#11467);
#3141=VERTEX_POINT('',#11469);
#3142=VERTEX_POINT('',#11473);
#3143=VERTEX_POINT('',#11477);
#3144=VERTEX_POINT('',#11479);
#3145=VERTEX_POINT('',#11481);
#3146=VERTEX_POINT('',#11483);
#3147=VERTEX_POINT('',#11485);
#3148=VERTEX_POINT('',#11487);
#3149=VERTEX_POINT('',#11489);
#3150=VERTEX_POINT('',#11491);
#3151=VERTEX_POINT('',#11495);
#3152=VERTEX_POINT('',#11499);
#3153=VERTEX_POINT('',#11501);
#3154=VERTEX_POINT('',#11505);
#3155=VERTEX_POINT('',#11506);
#3156=VERTEX_POINT('',#11508);
#3157=VERTEX_POINT('',#11510);
#3158=VERTEX_POINT('',#11514);
#3159=VERTEX_POINT('',#11515);
#3160=VERTEX_POINT('',#11523);
#3161=VERTEX_POINT('',#11527);
#3162=VERTEX_POINT('',#11536);
#3163=VERTEX_POINT('',#11540);
#3164=VERTEX_POINT('',#11542);
#3165=VERTEX_POINT('',#11544);
#3166=VERTEX_POINT('',#11546);
#3167=VERTEX_POINT('',#11550);
#3168=VERTEX_POINT('',#11554);
#3169=VERTEX_POINT('',#11558);
#3170=VERTEX_POINT('',#11562);
#3171=VERTEX_POINT('',#11566);
#3172=VERTEX_POINT('',#11570);
#3173=VERTEX_POINT('',#11576);
#3174=VERTEX_POINT('',#11580);
#3175=VERTEX_POINT('',#11584);
#3176=VERTEX_POINT('',#11588);
#3177=VERTEX_POINT('',#11590);
#3178=VERTEX_POINT('',#11592);
#3179=VERTEX_POINT('',#11594);
#3180=VERTEX_POINT('',#11598);
#3181=VERTEX_POINT('',#11603);
#3182=VERTEX_POINT('',#11606);
#3183=VERTEX_POINT('',#11608);
#3184=VERTEX_POINT('',#11612);
#3185=VERTEX_POINT('',#11614);
#3186=VERTEX_POINT('',#11616);
#3187=VERTEX_POINT('',#11631);
#3188=VERTEX_POINT('',#11633);
#3189=VERTEX_POINT('',#11635);
#3190=VERTEX_POINT('',#11637);
#3191=VERTEX_POINT('',#11639);
#3192=VERTEX_POINT('',#11641);
#3193=VERTEX_POINT('',#11643);
#3194=VERTEX_POINT('',#11646);
#3195=VERTEX_POINT('',#11654);
#3196=VERTEX_POINT('',#11658);
#3197=VERTEX_POINT('',#11662);
#3198=VERTEX_POINT('',#11666);
#3199=VERTEX_POINT('',#11670);
#3200=VERTEX_POINT('',#11674);
#3201=VERTEX_POINT('',#11682);
#3202=VERTEX_POINT('',#11683);
#3203=VERTEX_POINT('',#11685);
#3204=VERTEX_POINT('',#11687);
#3205=VERTEX_POINT('',#11691);
#3206=VERTEX_POINT('',#11692);
#3207=VERTEX_POINT('',#11697);
#3208=VERTEX_POINT('',#11702);
#3209=VERTEX_POINT('',#11715);
#3210=VERTEX_POINT('',#11733);
#3211=VERTEX_POINT('',#11734);
#3212=VERTEX_POINT('',#11736);
#3213=VERTEX_POINT('',#11738);
#3214=VERTEX_POINT('',#11742);
#3215=VERTEX_POINT('',#11744);
#3216=VERTEX_POINT('',#11746);
#3217=VERTEX_POINT('',#11752);
#3218=VERTEX_POINT('',#11753);
#3219=VERTEX_POINT('',#11755);
#3220=VERTEX_POINT('',#11762);
#3221=VERTEX_POINT('',#11764);
#3222=VERTEX_POINT('',#11766);
#3223=VERTEX_POINT('',#11768);
#3224=VERTEX_POINT('',#11770);
#3225=VERTEX_POINT('',#11772);
#3226=VERTEX_POINT('',#11774);
#3227=VERTEX_POINT('',#11778);
#3228=VERTEX_POINT('',#11782);
#3229=VERTEX_POINT('',#11786);
#3230=VERTEX_POINT('',#11790);
#3231=VERTEX_POINT('',#11792);
#3232=VERTEX_POINT('',#11794);
#3233=VERTEX_POINT('',#11796);
#3234=VERTEX_POINT('',#11798);
#3235=VERTEX_POINT('',#11800);
#3236=VERTEX_POINT('',#11804);
#3237=VERTEX_POINT('',#11806);
#3238=VERTEX_POINT('',#11821);
#3239=VERTEX_POINT('',#11823);
#3240=VERTEX_POINT('',#11827);
#3241=VERTEX_POINT('',#11840);
#3242=VERTEX_POINT('',#11844);
#3243=VERTEX_POINT('',#11846);
#3244=VERTEX_POINT('',#11887);
#3245=VERTEX_POINT('',#11888);
#3246=VERTEX_POINT('',#11900);
#3247=VERTEX_POINT('',#11902);
#3248=VERTEX_POINT('',#11904);
#3249=VERTEX_POINT('',#11906);
#3250=VERTEX_POINT('',#11908);
#3251=VERTEX_POINT('',#11910);
#3252=VERTEX_POINT('',#11924);
#3253=VERTEX_POINT('',#11926);
#3254=VERTEX_POINT('',#11928);
#3255=VERTEX_POINT('',#11930);
#3256=VERTEX_POINT('',#11933);
#3257=VERTEX_POINT('',#11936);
#3258=VERTEX_POINT('',#11939);
#3259=VERTEX_POINT('',#11941);
#3260=VERTEX_POINT('',#11944);
#3261=VERTEX_POINT('',#11946);
#3262=VERTEX_POINT('',#11948);
#3263=VERTEX_POINT('',#11950);
#3264=VERTEX_POINT('',#11953);
#3265=VERTEX_POINT('',#11954);
#3266=VERTEX_POINT('',#11956);
#3267=VERTEX_POINT('',#11958);
#3268=VERTEX_POINT('',#11961);
#3269=VERTEX_POINT('',#11962);
#3270=VERTEX_POINT('',#11964);
#3271=VERTEX_POINT('',#11966);
#3272=VERTEX_POINT('',#11968);
#3273=VERTEX_POINT('',#11970);
#3274=VERTEX_POINT('',#11973);
#3275=VERTEX_POINT('',#11974);
#3276=VERTEX_POINT('',#11976);
#3277=VERTEX_POINT('',#11978);
#3278=VERTEX_POINT('',#11980);
#3279=VERTEX_POINT('',#11982);
#3280=VERTEX_POINT('',#11985);
#3281=VERTEX_POINT('',#11986);
#3282=VERTEX_POINT('',#11988);
#3283=VERTEX_POINT('',#11990);
#3284=VERTEX_POINT('',#11992);
#3285=VERTEX_POINT('',#11994);
#3286=VERTEX_POINT('',#11997);
#3287=VERTEX_POINT('',#11998);
#3288=VERTEX_POINT('',#12000);
#3289=VERTEX_POINT('',#12002);
#3290=VERTEX_POINT('',#12004);
#3291=VERTEX_POINT('',#12006);
#3292=VERTEX_POINT('',#12009);
#3293=VERTEX_POINT('',#12010);
#3294=VERTEX_POINT('',#12012);
#3295=VERTEX_POINT('',#12014);
#3296=VERTEX_POINT('',#12016);
#3297=VERTEX_POINT('',#12018);
#3298=VERTEX_POINT('',#12021);
#3299=VERTEX_POINT('',#12022);
#3300=VERTEX_POINT('',#12024);
#3301=VERTEX_POINT('',#12026);
#3302=VERTEX_POINT('',#12028);
#3303=VERTEX_POINT('',#12030);
#3304=VERTEX_POINT('',#12033);
#3305=VERTEX_POINT('',#12034);
#3306=VERTEX_POINT('',#12036);
#3307=VERTEX_POINT('',#12038);
#3308=VERTEX_POINT('',#12040);
#3309=VERTEX_POINT('',#12042);
#3310=VERTEX_POINT('',#12045);
#3311=VERTEX_POINT('',#12046);
#3312=VERTEX_POINT('',#12048);
#3313=VERTEX_POINT('',#12050);
#3314=VERTEX_POINT('',#12052);
#3315=VERTEX_POINT('',#12054);
#3316=VERTEX_POINT('',#12057);
#3317=VERTEX_POINT('',#12058);
#3318=VERTEX_POINT('',#12060);
#3319=VERTEX_POINT('',#12062);
#3320=VERTEX_POINT('',#12064);
#3321=VERTEX_POINT('',#12066);
#3322=VERTEX_POINT('',#12069);
#3323=VERTEX_POINT('',#12070);
#3324=VERTEX_POINT('',#12072);
#3325=VERTEX_POINT('',#12074);
#3326=VERTEX_POINT('',#12076);
#3327=VERTEX_POINT('',#12078);
#3328=VERTEX_POINT('',#12081);
#3329=VERTEX_POINT('',#12082);
#3330=VERTEX_POINT('',#12084);
#3331=VERTEX_POINT('',#12086);
#3332=VERTEX_POINT('',#12088);
#3333=VERTEX_POINT('',#12090);
#3334=VERTEX_POINT('',#12093);
#3335=VERTEX_POINT('',#12094);
#3336=VERTEX_POINT('',#12096);
#3337=VERTEX_POINT('',#12098);
#3338=VERTEX_POINT('',#12100);
#3339=VERTEX_POINT('',#12102);
#3340=VERTEX_POINT('',#12105);
#3341=VERTEX_POINT('',#12106);
#3342=VERTEX_POINT('',#12108);
#3343=VERTEX_POINT('',#12110);
#3344=VERTEX_POINT('',#12112);
#3345=VERTEX_POINT('',#12114);
#3346=VERTEX_POINT('',#12117);
#3347=VERTEX_POINT('',#12118);
#3348=VERTEX_POINT('',#12120);
#3349=VERTEX_POINT('',#12122);
#3350=VERTEX_POINT('',#12124);
#3351=VERTEX_POINT('',#12126);
#3352=VERTEX_POINT('',#12129);
#3353=VERTEX_POINT('',#12130);
#3354=VERTEX_POINT('',#12132);
#3355=VERTEX_POINT('',#12134);
#3356=VERTEX_POINT('',#12136);
#3357=VERTEX_POINT('',#12138);
#3358=VERTEX_POINT('',#12141);
#3359=VERTEX_POINT('',#12142);
#3360=VERTEX_POINT('',#12144);
#3361=VERTEX_POINT('',#12146);
#3362=VERTEX_POINT('',#12148);
#3363=VERTEX_POINT('',#12150);
#3364=VERTEX_POINT('',#12154);
#3365=VERTEX_POINT('',#12155);
#3366=VERTEX_POINT('',#12158);
#3367=VERTEX_POINT('',#12162);
#3368=VERTEX_POINT('',#12163);
#3369=VERTEX_POINT('',#12165);
#3370=VERTEX_POINT('',#12170);
#3371=VERTEX_POINT('',#12172);
#3372=VERTEX_POINT('',#12174);
#3373=VERTEX_POINT('',#12178);
#3374=VERTEX_POINT('',#12179);
#3375=VERTEX_POINT('',#12184);
#3376=VERTEX_POINT('',#12185);
#3377=VERTEX_POINT('',#12190);
#3378=VERTEX_POINT('',#12191);
#3379=VERTEX_POINT('',#12196);
#3380=VERTEX_POINT('',#12202);
#3381=VERTEX_POINT('',#12204);
#3382=VERTEX_POINT('',#12208);
#3383=VERTEX_POINT('',#12212);
#3384=VERTEX_POINT('',#12216);
#3385=VERTEX_POINT('',#12220);
#3386=VERTEX_POINT('',#12226);
#3387=VERTEX_POINT('',#12230);
#3388=VERTEX_POINT('',#12236);
#3389=VERTEX_POINT('',#12240);
#3390=VERTEX_POINT('',#12244);
#3391=VERTEX_POINT('',#12245);
#3392=VERTEX_POINT('',#12247);
#3393=VERTEX_POINT('',#12249);
#3394=VERTEX_POINT('',#12251);
#3395=VERTEX_POINT('',#12255);
#3396=VERTEX_POINT('',#12257);
#3397=VERTEX_POINT('',#12261);
#3398=VERTEX_POINT('',#12263);
#3399=VERTEX_POINT('',#12267);
#3400=VERTEX_POINT('',#12269);
#3401=VERTEX_POINT('',#12273);
#3402=VERTEX_POINT('',#12275);
#3403=VERTEX_POINT('',#12277);
#3404=VERTEX_POINT('',#12281);
#3405=VERTEX_POINT('',#12283);
#3406=VERTEX_POINT('',#12287);
#3407=VERTEX_POINT('',#12289);
#3408=VERTEX_POINT('',#12299);
#3409=VERTEX_POINT('',#12303);
#3410=VERTEX_POINT('',#12308);
#3411=VERTEX_POINT('',#12309);
#3412=VERTEX_POINT('',#12311);
#3413=VERTEX_POINT('',#12313);
#3414=VERTEX_POINT('',#12315);
#3415=VERTEX_POINT('',#12317);
#3416=VERTEX_POINT('',#12320);
#3417=VERTEX_POINT('',#12321);
#3418=VERTEX_POINT('',#12323);
#3419=VERTEX_POINT('',#12325);
#3420=VERTEX_POINT('',#12327);
#3421=VERTEX_POINT('',#12329);
#3422=VERTEX_POINT('',#12332);
#3423=VERTEX_POINT('',#12333);
#3424=VERTEX_POINT('',#12335);
#3425=VERTEX_POINT('',#12337);
#3426=VERTEX_POINT('',#12339);
#3427=VERTEX_POINT('',#12341);
#3428=VERTEX_POINT('',#12344);
#3429=VERTEX_POINT('',#12345);
#3430=VERTEX_POINT('',#12347);
#3431=VERTEX_POINT('',#12349);
#3432=VERTEX_POINT('',#12351);
#3433=VERTEX_POINT('',#12353);
#3434=VERTEX_POINT('',#12356);
#3435=VERTEX_POINT('',#12357);
#3436=VERTEX_POINT('',#12359);
#3437=VERTEX_POINT('',#12361);
#3438=VERTEX_POINT('',#12363);
#3439=VERTEX_POINT('',#12365);
#3440=VERTEX_POINT('',#12368);
#3441=VERTEX_POINT('',#12369);
#3442=VERTEX_POINT('',#12371);
#3443=VERTEX_POINT('',#12373);
#3444=VERTEX_POINT('',#12375);
#3445=VERTEX_POINT('',#12377);
#3446=VERTEX_POINT('',#12380);
#3447=VERTEX_POINT('',#12381);
#3448=VERTEX_POINT('',#12383);
#3449=VERTEX_POINT('',#12385);
#3450=VERTEX_POINT('',#12387);
#3451=VERTEX_POINT('',#12389);
#3452=VERTEX_POINT('',#12392);
#3453=VERTEX_POINT('',#12393);
#3454=VERTEX_POINT('',#12395);
#3455=VERTEX_POINT('',#12397);
#3456=VERTEX_POINT('',#12399);
#3457=VERTEX_POINT('',#12401);
#3458=VERTEX_POINT('',#12404);
#3459=VERTEX_POINT('',#12405);
#3460=VERTEX_POINT('',#12407);
#3461=VERTEX_POINT('',#12409);
#3462=VERTEX_POINT('',#12411);
#3463=VERTEX_POINT('',#12413);
#3464=VERTEX_POINT('',#12416);
#3465=VERTEX_POINT('',#12417);
#3466=VERTEX_POINT('',#12419);
#3467=VERTEX_POINT('',#12421);
#3468=VERTEX_POINT('',#12423);
#3469=VERTEX_POINT('',#12425);
#3470=VERTEX_POINT('',#12428);
#3471=VERTEX_POINT('',#12429);
#3472=VERTEX_POINT('',#12431);
#3473=VERTEX_POINT('',#12433);
#3474=VERTEX_POINT('',#12435);
#3475=VERTEX_POINT('',#12437);
#3476=VERTEX_POINT('',#12440);
#3477=VERTEX_POINT('',#12441);
#3478=VERTEX_POINT('',#12443);
#3479=VERTEX_POINT('',#12445);
#3480=VERTEX_POINT('',#12447);
#3481=VERTEX_POINT('',#12449);
#3482=VERTEX_POINT('',#12452);
#3483=VERTEX_POINT('',#12453);
#3484=VERTEX_POINT('',#12455);
#3485=VERTEX_POINT('',#12457);
#3486=VERTEX_POINT('',#12459);
#3487=VERTEX_POINT('',#12461);
#3488=VERTEX_POINT('',#12464);
#3489=VERTEX_POINT('',#12465);
#3490=VERTEX_POINT('',#12467);
#3491=VERTEX_POINT('',#12469);
#3492=VERTEX_POINT('',#12471);
#3493=VERTEX_POINT('',#12473);
#3494=VERTEX_POINT('',#12476);
#3495=VERTEX_POINT('',#12477);
#3496=VERTEX_POINT('',#12479);
#3497=VERTEX_POINT('',#12481);
#3498=VERTEX_POINT('',#12483);
#3499=VERTEX_POINT('',#12485);
#3500=VERTEX_POINT('',#12488);
#3501=VERTEX_POINT('',#12489);
#3502=VERTEX_POINT('',#12491);
#3503=VERTEX_POINT('',#12493);
#3504=VERTEX_POINT('',#12500);
#3505=VERTEX_POINT('',#12501);
#3506=VERTEX_POINT('',#12506);
#3507=VERTEX_POINT('',#12510);
#3508=VERTEX_POINT('',#12511);
#3509=VERTEX_POINT('',#12516);
#3510=VERTEX_POINT('',#12518);
#3511=VERTEX_POINT('',#12521);
#3512=EDGE_CURVE('',#2864,#2864,#2492,.T.);
#3513=EDGE_CURVE('',#2864,#2865,#1274,.T.);
#3514=EDGE_CURVE('',#2865,#2865,#2493,.T.);
#3515=EDGE_CURVE('',#2866,#2867,#1275,.T.);
#3516=EDGE_CURVE('',#2867,#2868,#1276,.T.);
#3517=EDGE_CURVE('',#2868,#2869,#1277,.T.);
#3518=EDGE_CURVE('',#2869,#2870,#1278,.T.);
#3519=EDGE_CURVE('',#2870,#2871,#1279,.T.);
#3520=EDGE_CURVE('',#2871,#2872,#1280,.T.);
#3521=EDGE_CURVE('',#2872,#2873,#1281,.T.);
#3522=EDGE_CURVE('',#2873,#2866,#1282,.T.);
#3523=EDGE_CURVE('',#2874,#2872,#1283,.T.);
#3524=EDGE_CURVE('',#2875,#2871,#1284,.T.);
#3525=EDGE_CURVE('',#2875,#2874,#1285,.T.);
#3526=EDGE_CURVE('',#2876,#2867,#1286,.T.);
#3527=EDGE_CURVE('',#2876,#2877,#1287,.T.);
#3528=EDGE_CURVE('',#2877,#2868,#1288,.T.);
#3529=EDGE_CURVE('',#2878,#2874,#1289,.T.);
#3530=EDGE_CURVE('',#2878,#2873,#1290,.T.);
#3531=EDGE_CURVE('',#2879,#2878,#1291,.T.);
#3532=EDGE_CURVE('',#2879,#2866,#1292,.T.);
#3533=EDGE_CURVE('',#2876,#2879,#1293,.T.);
#3534=EDGE_CURVE('',#2880,#2875,#1294,.T.);
#3535=EDGE_CURVE('',#2881,#2880,#1295,.T.);
#3536=EDGE_CURVE('',#2877,#2881,#1296,.T.);
#3537=EDGE_CURVE('',#2881,#2869,#1297,.T.);
#3538=EDGE_CURVE('',#2880,#2870,#1298,.T.);
#3539=EDGE_CURVE('',#2882,#2882,#2494,.T.);
#3540=EDGE_CURVE('',#2883,#2883,#2495,.T.);
#3541=EDGE_CURVE('',#2884,#2885,#1299,.T.);
#3542=EDGE_CURVE('',#2885,#2886,#1300,.T.);
#3543=EDGE_CURVE('',#2886,#2887,#1301,.T.);
#3544=EDGE_CURVE('',#2888,#2887,#1302,.T.);
#3545=EDGE_CURVE('',#2889,#2888,#1303,.T.);
#3546=EDGE_CURVE('',#2889,#2890,#1304,.T.);
#3547=EDGE_CURVE('',#2890,#2891,#1305,.T.);
#3548=EDGE_CURVE('',#2891,#2892,#1306,.T.);
#3549=EDGE_CURVE('',#2893,#2892,#1307,.T.);
#3550=EDGE_CURVE('',#2884,#2893,#1308,.T.);
#3551=EDGE_CURVE('',#2894,#2894,#2496,.T.);
#3552=EDGE_CURVE('',#2895,#2895,#2497,.T.);
#3553=EDGE_CURVE('',#2896,#2897,#1309,.T.);
#3554=EDGE_CURVE('',#2897,#2885,#1310,.T.);
#3555=EDGE_CURVE('',#2896,#2884,#1311,.T.);
#3556=EDGE_CURVE('',#2898,#2899,#1312,.T.);
#3557=EDGE_CURVE('',#2900,#2899,#1313,.T.);
#3558=EDGE_CURVE('',#2900,#2890,#1314,.T.);
#3559=EDGE_CURVE('',#2901,#2889,#1315,.T.);
#3560=EDGE_CURVE('',#2901,#2898,#1316,.T.);
#3561=EDGE_CURVE('',#2902,#2900,#1317,.T.);
#3562=EDGE_CURVE('',#2902,#2891,#1318,.T.);
#3563=EDGE_CURVE('',#2903,#2904,#1319,.T.);
#3564=EDGE_CURVE('',#2905,#2903,#1320,.T.);
#3565=EDGE_CURVE('',#2906,#2905,#1321,.T.);
#3566=EDGE_CURVE('',#2907,#2906,#1322,.T.);
#3567=EDGE_CURVE('',#2908,#2907,#1323,.T.);
#3568=EDGE_CURVE('',#2904,#2908,#1324,.T.);
#3569=EDGE_CURVE('',#2909,#2909,#2498,.F.);
#3570=EDGE_CURVE('',#2910,#2911,#1325,.T.);
#3571=EDGE_CURVE('',#2910,#2903,#1326,.T.);
#3572=EDGE_CURVE('',#2911,#2904,#1327,.T.);
#3573=EDGE_CURVE('',#2911,#2912,#1328,.T.);
#3574=EDGE_CURVE('',#2912,#2908,#1329,.T.);
#3575=EDGE_CURVE('',#2913,#2910,#1330,.T.);
#3576=EDGE_CURVE('',#2913,#2905,#1331,.T.);
#3577=EDGE_CURVE('',#2914,#2913,#1332,.T.);
#3578=EDGE_CURVE('',#2914,#2906,#1333,.T.);
#3579=EDGE_CURVE('',#2915,#2914,#1334,.T.);
#3580=EDGE_CURVE('',#2915,#2907,#1335,.T.);
#3581=EDGE_CURVE('',#2912,#2915,#1336,.T.);
#3582=EDGE_CURVE('',#2916,#2893,#1337,.T.);
#3583=EDGE_CURVE('',#2896,#2916,#1338,.T.);
#3584=EDGE_CURVE('',#2902,#2917,#1339,.T.);
#3585=EDGE_CURVE('',#2892,#2917,#1340,.T.);
#3586=EDGE_CURVE('',#2918,#2919,#1341,.T.);
#3587=EDGE_CURVE('',#2920,#2919,#1342,.T.);
#3588=EDGE_CURVE('',#2921,#2920,#1343,.T.);
#3589=EDGE_CURVE('',#2921,#2922,#1344,.T.);
#3590=EDGE_CURVE('',#2922,#2923,#1345,.T.);
#3591=EDGE_CURVE('',#2918,#2923,#1346,.T.);
#3592=EDGE_CURVE('',#2924,#2922,#1347,.T.);
#3593=EDGE_CURVE('',#2925,#2921,#1348,.T.);
#3594=EDGE_CURVE('',#2925,#2924,#1349,.T.);
#3595=EDGE_CURVE('',#2926,#2918,#1350,.T.);
#3596=EDGE_CURVE('',#2923,#2927,#1351,.T.);
#3597=EDGE_CURVE('',#2927,#2926,#1352,.T.);
#3598=EDGE_CURVE('',#2924,#2927,#1353,.T.);
#3599=EDGE_CURVE('',#2928,#2926,#1354,.T.);
#3600=EDGE_CURVE('',#2929,#2925,#1355,.T.);
#3601=EDGE_CURVE('',#2929,#2928,#1356,.T.);
#3602=EDGE_CURVE('',#2919,#2928,#1357,.T.);
#3603=EDGE_CURVE('',#2929,#2916,#1358,.T.);
#3604=EDGE_CURVE('',#2917,#2920,#1359,.T.);
#3605=EDGE_CURVE('',#2930,#2901,#1360,.T.);
#3606=EDGE_CURVE('',#2930,#2888,#1361,.T.);
#3607=EDGE_CURVE('',#2931,#2932,#1362,.T.);
#3608=EDGE_CURVE('',#2932,#2933,#1363,.T.);
#3609=EDGE_CURVE('',#2933,#2934,#1364,.T.);
#3610=EDGE_CURVE('',#2934,#2935,#1365,.T.);
#3611=EDGE_CURVE('',#2935,#2930,#1366,.T.);
#3612=EDGE_CURVE('',#2887,#2931,#1367,.T.);
#3613=EDGE_CURVE('',#2936,#2931,#1368,.T.);
#3614=EDGE_CURVE('',#2936,#2886,#1369,.T.);
#3615=EDGE_CURVE('',#2937,#2935,#1370,.T.);
#3616=EDGE_CURVE('',#2937,#2898,#1371,.T.);
#3617=EDGE_CURVE('',#2938,#2934,#1372,.T.);
#3618=EDGE_CURVE('',#2938,#2937,#1373,.T.);
#3619=EDGE_CURVE('',#2939,#2936,#1374,.T.);
#3620=EDGE_CURVE('',#2939,#2940,#1375,.T.);
#3621=EDGE_CURVE('',#2932,#2940,#1376,.T.);
#3622=EDGE_CURVE('',#2933,#2941,#1377,.T.);
#3623=EDGE_CURVE('',#2940,#2941,#1378,.T.);
#3624=EDGE_CURVE('',#2899,#2938,#1379,.T.);
#3625=EDGE_CURVE('',#2941,#2942,#1380,.T.);
#3626=EDGE_CURVE('',#2897,#2942,#1381,.T.);
#3627=EDGE_CURVE('',#2943,#2943,#2499,.F.);
#3628=EDGE_CURVE('',#2942,#2939,#1382,.T.);
#3629=EDGE_CURVE('',#2943,#2895,#1383,.T.);
#3630=EDGE_CURVE('',#2882,#2894,#1384,.T.);
#3631=EDGE_CURVE('',#2883,#2909,#1385,.T.);
#3632=EDGE_CURVE('',#2944,#2945,#2500,.T.);
#3633=EDGE_CURVE('',#2945,#2946,#1386,.T.);
#3634=EDGE_CURVE('',#2946,#2947,#2501,.T.);
#3635=EDGE_CURVE('',#2947,#2944,#1387,.T.);
#3636=EDGE_CURVE('',#2948,#2949,#2502,.T.);
#3637=EDGE_CURVE('',#2949,#2947,#2503,.T.);
#3638=EDGE_CURVE('',#2946,#2948,#2504,.T.);
#3639=EDGE_CURVE('',#2950,#2951,#2505,.T.);
#3640=EDGE_CURVE('',#2951,#2949,#1388,.T.);
#3641=EDGE_CURVE('',#2948,#2950,#1389,.T.);
#3642=EDGE_CURVE('',#2952,#2953,#2506,.T.);
#3643=EDGE_CURVE('',#2953,#2951,#2507,.T.);
#3644=EDGE_CURVE('',#2950,#2952,#2508,.T.);
#3645=EDGE_CURVE('',#2954,#2955,#2509,.T.);
#3646=EDGE_CURVE('',#2955,#2953,#1390,.T.);
#3647=EDGE_CURVE('',#2952,#2954,#1391,.T.);
#3648=EDGE_CURVE('',#2954,#2945,#1392,.T.);
#3649=EDGE_CURVE('',#2956,#2947,#1393,.T.);
#3650=EDGE_CURVE('',#2957,#2956,#1394,.T.);
#3651=EDGE_CURVE('',#2944,#2957,#1395,.T.);
#3652=EDGE_CURVE('',#2958,#2959,#2510,.T.);
#3653=EDGE_CURVE('',#2959,#2960,#1396,.T.);
#3654=EDGE_CURVE('',#2960,#2961,#2511,.T.);
#3655=EDGE_CURVE('',#2961,#2958,#1397,.T.);
#3656=EDGE_CURVE('',#2962,#2963,#2512,.T.);
#3657=EDGE_CURVE('',#2963,#2961,#2513,.T.);
#3658=EDGE_CURVE('',#2960,#2962,#2514,.T.);
#3659=EDGE_CURVE('',#2964,#2965,#2515,.T.);
#3660=EDGE_CURVE('',#2965,#2963,#1398,.T.);
#3661=EDGE_CURVE('',#2962,#2964,#1399,.T.);
#3662=EDGE_CURVE('',#2966,#2956,#2516,.T.);
#3663=EDGE_CURVE('',#2956,#2965,#2517,.T.);
#3664=EDGE_CURVE('',#2964,#2966,#2518,.T.);
#3665=EDGE_CURVE('',#2967,#2957,#2519,.T.);
#3666=EDGE_CURVE('',#2966,#2967,#1400,.T.);
#3667=EDGE_CURVE('',#2967,#2959,#1401,.T.);
#3668=EDGE_CURVE('',#2958,#2955,#1402,.T.);
#3669=EDGE_CURVE('',#2953,#2961,#1403,.T.);
#3670=EDGE_CURVE('',#2949,#2965,#1404,.T.);
#3671=EDGE_CURVE('',#2963,#2951,#1405,.T.);
#3672=EDGE_CURVE('',#2968,#2969,#2520,.T.);
#3673=EDGE_CURVE('',#2968,#2970,#1406,.T.);
#3674=EDGE_CURVE('',#2971,#2970,#2521,.T.);
#3675=EDGE_CURVE('',#2971,#2969,#1407,.T.);
#3676=EDGE_CURVE('',#2972,#2970,#1408,.T.);
#3677=EDGE_CURVE('',#2972,#2973,#2522,.T.);
#3678=EDGE_CURVE('',#2974,#2973,#1409,.T.);
#3679=EDGE_CURVE('',#2974,#2975,#1410,.T.);
#3680=EDGE_CURVE('',#2975,#2971,#1411,.T.);
#3681=EDGE_CURVE('',#2968,#2976,#1412,.T.);
#3682=EDGE_CURVE('',#2972,#2976,#1413,.T.);
#3683=EDGE_CURVE('',#2977,#2976,#2523,.T.);
#3684=EDGE_CURVE('',#2977,#2973,#1414,.T.);
#3685=EDGE_CURVE('',#2978,#2969,#1415,.T.);
#3686=EDGE_CURVE('',#2978,#2979,#1416,.T.);
#3687=EDGE_CURVE('',#2979,#2977,#1417,.T.);
#3688=EDGE_CURVE('',#2975,#2978,#1418,.T.);
#3689=EDGE_CURVE('',#2979,#2974,#1419,.T.);
#3690=EDGE_CURVE('',#2980,#2981,#83,.T.);
#3691=EDGE_CURVE('',#2980,#2982,#1420,.T.);
#3692=EDGE_CURVE('',#2982,#2983,#84,.T.);
#3693=EDGE_CURVE('',#2981,#2983,#1421,.T.);
#3694=EDGE_CURVE('',#2984,#2980,#1422,.T.);
#3695=EDGE_CURVE('',#2984,#2985,#1423,.T.);
#3696=EDGE_CURVE('',#2985,#2982,#1424,.T.);
#3697=EDGE_CURVE('',#2986,#2984,#85,.T.);
#3698=EDGE_CURVE('',#2986,#2987,#1425,.T.);
#3699=EDGE_CURVE('',#2987,#2985,#86,.T.);
#3700=EDGE_CURVE('',#2988,#2986,#1426,.T.);
#3701=EDGE_CURVE('',#2988,#2989,#1427,.T.);
#3702=EDGE_CURVE('',#2989,#2987,#1428,.T.);
#3703=EDGE_CURVE('',#2990,#2988,#87,.T.);
#3704=EDGE_CURVE('',#2990,#2991,#1429,.T.);
#3705=EDGE_CURVE('',#2991,#2989,#88,.T.);
#3706=EDGE_CURVE('',#2992,#2990,#1430,.T.);
#3707=EDGE_CURVE('',#2992,#2993,#1431,.T.);
#3708=EDGE_CURVE('',#2993,#2991,#1432,.T.);
#3709=EDGE_CURVE('',#2994,#2992,#89,.T.);
#3710=EDGE_CURVE('',#2994,#2995,#1433,.T.);
#3711=EDGE_CURVE('',#2995,#2993,#90,.T.);
#3712=EDGE_CURVE('',#2981,#2994,#1434,.T.);
#3713=EDGE_CURVE('',#2983,#2995,#1435,.T.);
#3714=EDGE_CURVE('',#2996,#2997,#2524,.T.);
#3715=EDGE_CURVE('',#2997,#2998,#2525,.T.);
#3716=EDGE_CURVE('',#2998,#2999,#2526,.T.);
#3717=EDGE_CURVE('',#2999,#2996,#2527,.T.);
#3718=EDGE_CURVE('',#3000,#3001,#2528,.T.);
#3719=EDGE_CURVE('',#3001,#2999,#1436,.T.);
#3720=EDGE_CURVE('',#2998,#3000,#1437,.T.);
#3721=EDGE_CURVE('',#3002,#3003,#2529,.T.);
#3722=EDGE_CURVE('',#3003,#3001,#2530,.T.);
#3723=EDGE_CURVE('',#3000,#3002,#2531,.T.);
#3724=EDGE_CURVE('',#3004,#3005,#2532,.T.);
#3725=EDGE_CURVE('',#3005,#3003,#1438,.T.);
#3726=EDGE_CURVE('',#3002,#3004,#1439,.T.);
#3727=EDGE_CURVE('',#3006,#3007,#2533,.T.);
#3728=EDGE_CURVE('',#3007,#3005,#2534,.T.);
#3729=EDGE_CURVE('',#3004,#3006,#2535,.T.);
#3730=EDGE_CURVE('',#3008,#3009,#2536,.T.);
#3731=EDGE_CURVE('',#3009,#3007,#1440,.T.);
#3732=EDGE_CURVE('',#3006,#3008,#1441,.T.);
#3733=EDGE_CURVE('',#3010,#3011,#2537,.T.);
#3734=EDGE_CURVE('',#3011,#3009,#2538,.T.);
#3735=EDGE_CURVE('',#3008,#3010,#2539,.T.);
#3736=EDGE_CURVE('',#3010,#2997,#1442,.T.);
#3737=EDGE_CURVE('',#2996,#3011,#1443,.T.);
#3738=EDGE_CURVE('',#3012,#3009,#1444,.T.);
#3739=EDGE_CURVE('',#3013,#3012,#1445,.T.);
#3740=EDGE_CURVE('',#3007,#3013,#1446,.T.);
#3741=EDGE_CURVE('',#3011,#3014,#1447,.T.);
#3742=EDGE_CURVE('',#3012,#3014,#91,.T.);
#3743=EDGE_CURVE('',#3015,#2996,#1448,.T.);
#3744=EDGE_CURVE('',#3014,#3015,#1449,.T.);
#3745=EDGE_CURVE('',#2999,#3016,#1450,.T.);
#3746=EDGE_CURVE('',#3015,#3016,#92,.T.);
#3747=EDGE_CURVE('',#3017,#3018,#1451,.T.);
#3748=EDGE_CURVE('',#3018,#3019,#1452,.T.);
#3749=EDGE_CURVE('',#3019,#3020,#1453,.T.);
#3750=EDGE_CURVE('',#3020,#3017,#1454,.T.);
#3751=EDGE_CURVE('',#3015,#2981,#2540,.T.);
#3752=EDGE_CURVE('',#2994,#3014,#2541,.T.);
#3753=EDGE_CURVE('',#2992,#3012,#2542,.T.);
#3754=EDGE_CURVE('',#2990,#3013,#2543,.T.);
#3755=EDGE_CURVE('',#2988,#3021,#2544,.T.);
#3756=EDGE_CURVE('',#3021,#3013,#93,.T.);
#3757=EDGE_CURVE('',#2986,#3022,#2545,.T.);
#3758=EDGE_CURVE('',#3022,#3021,#1455,.T.);
#3759=EDGE_CURVE('',#2984,#3023,#2546,.T.);
#3760=EDGE_CURVE('',#3023,#3022,#94,.T.);
#3761=EDGE_CURVE('',#2980,#3016,#2547,.T.);
#3762=EDGE_CURVE('',#3016,#3023,#1456,.T.);
#3763=EDGE_CURVE('',#3003,#3022,#1457,.T.);
#3764=EDGE_CURVE('',#3023,#3001,#1458,.T.);
#3765=EDGE_CURVE('',#3021,#3005,#1459,.T.);
#3766=EDGE_CURVE('',#3024,#3024,#2548,.T.);
#3767=EDGE_CURVE('',#3024,#3025,#1460,.T.);
#3768=EDGE_CURVE('',#3025,#3025,#2549,.T.);
#3769=EDGE_CURVE('',#3026,#3026,#2550,.T.);
#3770=EDGE_CURVE('',#3026,#3027,#1461,.T.);
#3771=EDGE_CURVE('',#3027,#3027,#2551,.T.);
#3772=EDGE_CURVE('',#3028,#3029,#2552,.T.);
#3773=EDGE_CURVE('',#3029,#3030,#1462,.T.);
#3774=EDGE_CURVE('',#3030,#3031,#2553,.T.);
#3775=EDGE_CURVE('',#3031,#3032,#1463,.T.);
#3776=EDGE_CURVE('',#3032,#3033,#2554,.T.);
#3777=EDGE_CURVE('',#3033,#3034,#1464,.T.);
#3778=EDGE_CURVE('',#3034,#3035,#2555,.T.);
#3779=EDGE_CURVE('',#3035,#3036,#61,.T.);
#3780=EDGE_CURVE('',#3036,#3037,#1465,.T.);
#3781=EDGE_CURVE('',#3037,#3028,#62,.T.);
#3782=EDGE_CURVE('',#3019,#3031,#1466,.T.);
#3783=EDGE_CURVE('',#3018,#3032,#1467,.T.);
#3784=EDGE_CURVE('',#3038,#3030,#1468,.T.);
#3785=EDGE_CURVE('',#3039,#3038,#2556,.T.);
#3786=EDGE_CURVE('',#3020,#3039,#1469,.T.);
#3787=EDGE_CURVE('',#3029,#3040,#1470,.T.);
#3788=EDGE_CURVE('',#3038,#3040,#1471,.T.);
#3789=EDGE_CURVE('',#3041,#3028,#1472,.T.);
#3790=EDGE_CURVE('',#3042,#3041,#1473,.T.);
#3791=EDGE_CURVE('',#3043,#3042,#1474,.T.);
#3792=EDGE_CURVE('',#3040,#3043,#2557,.T.);
#3793=EDGE_CURVE('',#3037,#3044,#1475,.T.);
#3794=EDGE_CURVE('',#3041,#3044,#2558,.T.);
#3795=EDGE_CURVE('',#3045,#3046,#2559,.T.);
#3796=EDGE_CURVE('',#3046,#3047,#1476,.T.);
#3797=EDGE_CURVE('',#3047,#3048,#2560,.T.);
#3798=EDGE_CURVE('',#3048,#3039,#1477,.T.);
#3799=EDGE_CURVE('',#3043,#3049,#63,.T.);
#3800=EDGE_CURVE('',#3049,#3050,#1478,.T.);
#3801=EDGE_CURVE('',#3050,#3045,#64,.T.);
#3802=EDGE_CURVE('',#3017,#3048,#1479,.T.);
#3803=EDGE_CURVE('',#3033,#3047,#1480,.T.);
#3804=EDGE_CURVE('',#3046,#3034,#1481,.T.);
#3805=EDGE_CURVE('',#3051,#3045,#1482,.T.);
#3806=EDGE_CURVE('',#3052,#3051,#1483,.T.);
#3807=EDGE_CURVE('',#3035,#3052,#1484,.T.);
#3808=EDGE_CURVE('',#3050,#3053,#1485,.T.);
#3809=EDGE_CURVE('',#3051,#3053,#2561,.T.);
#3810=EDGE_CURVE('',#3054,#3036,#1486,.T.);
#3811=EDGE_CURVE('',#3044,#3054,#1487,.T.);
#3812=EDGE_CURVE('',#3055,#3042,#2562,.T.);
#3813=EDGE_CURVE('',#3055,#3049,#1488,.T.);
#3814=EDGE_CURVE('',#3053,#3055,#1489,.T.);
#3815=EDGE_CURVE('',#3054,#3052,#2563,.T.);
#3816=EDGE_CURVE('',#3056,#3057,#2564,.T.);
#3817=EDGE_CURVE('',#3057,#3058,#1490,.T.);
#3818=EDGE_CURVE('',#3058,#3059,#2565,.T.);
#3819=EDGE_CURVE('',#3059,#3056,#1491,.T.);
#3820=EDGE_CURVE('',#3058,#3060,#1492,.T.);
#3821=EDGE_CURVE('',#3061,#3060,#1493,.T.);
#3822=EDGE_CURVE('',#3061,#3059,#1494,.T.);
#3823=EDGE_CURVE('',#3062,#3057,#1495,.T.);
#3824=EDGE_CURVE('',#3060,#3062,#1496,.T.);
#3825=EDGE_CURVE('',#3063,#3063,#95,.T.);
#3826=EDGE_CURVE('',#3064,#3064,#96,.T.);
#3827=EDGE_CURVE('',#3064,#3065,#1497,.T.);
#3828=EDGE_CURVE('',#3065,#3065,#2566,.T.);
#3829=EDGE_CURVE('',#3066,#3066,#2567,.T.);
#3830=EDGE_CURVE('',#3063,#3067,#1498,.T.);
#3831=EDGE_CURVE('',#3067,#3067,#2568,.T.);
#3832=EDGE_CURVE('',#3068,#3068,#2569,.T.);
#3833=EDGE_CURVE('',#3069,#3069,#2570,.T.);
#3834=EDGE_CURVE('',#3069,#3068,#1499,.T.);
#3835=EDGE_CURVE('',#3070,#3070,#2571,.T.);
#3836=EDGE_CURVE('',#3070,#3066,#1500,.T.);
#3837=EDGE_CURVE('',#3071,#3062,#1501,.T.);
#3838=EDGE_CURVE('',#3061,#3071,#1502,.T.);
#3839=EDGE_CURVE('',#3056,#3071,#1503,.T.);
#3840=EDGE_CURVE('',#3072,#3073,#2572,.T.);
#3841=EDGE_CURVE('',#3073,#3074,#1504,.T.);
#3842=EDGE_CURVE('',#3074,#3075,#2573,.T.);
#3843=EDGE_CURVE('',#3075,#3072,#1505,.T.);
#3844=EDGE_CURVE('',#3076,#3077,#65,.T.);
#3845=EDGE_CURVE('',#3077,#3078,#1506,.T.);
#3846=EDGE_CURVE('',#3078,#3079,#2574,.T.);
#3847=EDGE_CURVE('',#3079,#3080,#1507,.T.);
#3848=EDGE_CURVE('',#3080,#3074,#2575,.T.);
#3849=EDGE_CURVE('',#3074,#3081,#1508,.T.);
#3850=EDGE_CURVE('',#3081,#3082,#66,.T.);
#3851=EDGE_CURVE('',#3082,#3083,#1509,.T.);
#3852=EDGE_CURVE('',#3083,#3084,#67,.T.);
#3853=EDGE_CURVE('',#3084,#3085,#1510,.T.);
#3854=EDGE_CURVE('',#3085,#3086,#68,.T.);
#3855=EDGE_CURVE('',#3086,#3076,#1511,.T.);
#3856=EDGE_CURVE('',#3080,#3075,#2576,.T.);
#3857=EDGE_CURVE('',#3087,#3088,#2577,.T.);
#3858=EDGE_CURVE('',#3088,#3089,#1512,.T.);
#3859=EDGE_CURVE('',#3089,#3078,#2578,.T.);
#3860=EDGE_CURVE('',#3078,#3087,#1513,.T.);
#3861=EDGE_CURVE('',#3089,#3079,#2579,.T.);
#3862=EDGE_CURVE('',#3081,#3090,#2580,.T.);
#3863=EDGE_CURVE('',#3090,#3091,#1514,.T.);
#3864=EDGE_CURVE('',#3091,#3092,#2581,.T.);
#3865=EDGE_CURVE('',#3093,#3092,#69,.T.);
#3866=EDGE_CURVE('',#3093,#3082,#1515,.T.);
#3867=EDGE_CURVE('',#3094,#3072,#1516,.T.);
#3868=EDGE_CURVE('',#3095,#3094,#2582,.T.);
#3869=EDGE_CURVE('',#3096,#3095,#1517,.T.);
#3870=EDGE_CURVE('',#3096,#3097,#1518,.T.);
#3871=EDGE_CURVE('',#3073,#3097,#1519,.T.);
#3872=EDGE_CURVE('',#3098,#3098,#2583,.T.);
#3873=EDGE_CURVE('',#3099,#3075,#1520,.T.);
#3874=EDGE_CURVE('',#3094,#3099,#1521,.T.);
#3875=EDGE_CURVE('',#3080,#3100,#1522,.T.);
#3876=EDGE_CURVE('',#3099,#3100,#2584,.T.);
#3877=EDGE_CURVE('',#3101,#3077,#2585,.T.);
#3878=EDGE_CURVE('',#3101,#3102,#1523,.T.);
#3879=EDGE_CURVE('',#3102,#3087,#1524,.T.);
#3880=EDGE_CURVE('',#3103,#3084,#2586,.T.);
#3881=EDGE_CURVE('',#3103,#3104,#1525,.T.);
#3882=EDGE_CURVE('',#3104,#3105,#1526,.T.);
#3883=EDGE_CURVE('',#3105,#3106,#1527,.T.);
#3884=EDGE_CURVE('',#3085,#3106,#2587,.T.);
#3885=EDGE_CURVE('',#3097,#3090,#1528,.T.);
#3886=EDGE_CURVE('',#3107,#3079,#1529,.T.);
#3887=EDGE_CURVE('',#3100,#3107,#1530,.T.);
#3888=EDGE_CURVE('',#3108,#3108,#2588,.T.);
#3889=EDGE_CURVE('',#3109,#3109,#2589,.T.);
#3890=EDGE_CURVE('',#3089,#3110,#1531,.T.);
#3891=EDGE_CURVE('',#3110,#3107,#2590,.T.);
#3892=EDGE_CURVE('',#3088,#3111,#1532,.T.);
#3893=EDGE_CURVE('',#3110,#3111,#1533,.T.);
#3894=EDGE_CURVE('',#3111,#3112,#2591,.T.);
#3895=EDGE_CURVE('',#3112,#3113,#1534,.T.);
#3896=EDGE_CURVE('',#3113,#3110,#2592,.T.);
#3897=EDGE_CURVE('',#3113,#3107,#2593,.T.);
#3898=EDGE_CURVE('',#3113,#3114,#1535,.T.);
#3899=EDGE_CURVE('',#3114,#3115,#70,.T.);
#3900=EDGE_CURVE('',#3115,#3116,#1536,.T.);
#3901=EDGE_CURVE('',#3116,#3117,#71,.T.);
#3902=EDGE_CURVE('',#3117,#3118,#1537,.T.);
#3903=EDGE_CURVE('',#3118,#3119,#72,.T.);
#3904=EDGE_CURVE('',#3119,#3093,#1538,.T.);
#3905=EDGE_CURVE('',#3092,#3120,#1539,.T.);
#3906=EDGE_CURVE('',#3120,#3100,#2594,.T.);
#3907=EDGE_CURVE('',#3112,#3121,#1540,.T.);
#3908=EDGE_CURVE('',#3121,#3122,#1541,.T.);
#3909=EDGE_CURVE('',#3114,#3122,#2595,.T.);
#3910=EDGE_CURVE('',#3099,#3120,#2596,.T.);
#3911=EDGE_CURVE('',#3120,#3095,#1542,.T.);
#3912=EDGE_CURVE('',#3116,#3086,#1543,.T.);
#3913=EDGE_CURVE('',#3076,#3115,#1544,.T.);
#3914=EDGE_CURVE('',#3122,#3101,#1545,.T.);
#3915=EDGE_CURVE('',#3091,#3096,#1546,.T.);
#3916=EDGE_CURVE('',#3108,#3098,#1547,.T.);
#3917=EDGE_CURVE('',#3109,#3123,#1548,.T.);
#3918=EDGE_CURVE('',#3123,#3123,#2597,.T.);
#3919=EDGE_CURVE('',#3083,#3119,#1549,.T.);
#3920=EDGE_CURVE('',#3118,#3124,#2598,.T.);
#3921=EDGE_CURVE('',#3124,#3103,#1550,.T.);
#3922=EDGE_CURVE('',#3125,#3124,#1551,.T.);
#3923=EDGE_CURVE('',#3104,#3125,#1552,.T.);
#3924=EDGE_CURVE('',#3102,#3121,#1553,.T.);
#3925=EDGE_CURVE('',#3106,#3126,#1554,.T.);
#3926=EDGE_CURVE('',#3126,#3117,#2599,.T.);
#3927=EDGE_CURVE('',#3127,#3105,#1555,.T.);
#3928=EDGE_CURVE('',#3126,#3127,#1556,.T.);
#3929=EDGE_CURVE('',#3127,#3125,#1557,.T.);
#3930=EDGE_CURVE('',#3128,#3129,#2600,.T.);
#3931=EDGE_CURVE('',#3129,#3130,#1558,.T.);
#3932=EDGE_CURVE('',#3130,#3131,#2601,.T.);
#3933=EDGE_CURVE('',#3131,#3128,#1559,.T.);
#3934=EDGE_CURVE('',#3130,#3132,#2602,.T.);
#3935=EDGE_CURVE('',#3132,#3131,#2603,.T.);
#3936=EDGE_CURVE('',#3133,#3134,#2604,.T.);
#3937=EDGE_CURVE('',#3134,#3135,#2605,.T.);
#3938=EDGE_CURVE('',#3135,#3133,#2606,.T.);
#3939=EDGE_CURVE('',#3136,#3128,#2607,.T.);
#3940=EDGE_CURVE('',#3128,#3134,#1560,.T.);
#3941=EDGE_CURVE('',#3133,#3136,#1561,.T.);
#3942=EDGE_CURVE('',#3136,#3129,#2608,.T.);
#3943=EDGE_CURVE('',#3137,#3129,#1562,.T.);
#3944=EDGE_CURVE('',#3138,#3137,#1563,.T.);
#3945=EDGE_CURVE('',#3139,#3138,#1564,.T.);
#3946=EDGE_CURVE('',#3140,#3139,#2609,.T.);
#3947=EDGE_CURVE('',#3141,#3140,#1565,.T.);
#3948=EDGE_CURVE('',#3130,#3141,#1566,.T.);
#3949=EDGE_CURVE('',#3136,#3142,#1567,.T.);
#3950=EDGE_CURVE('',#3142,#3137,#2610,.T.);
#3951=EDGE_CURVE('',#3143,#3133,#1568,.T.);
#3952=EDGE_CURVE('',#3144,#3143,#2611,.T.);
#3953=EDGE_CURVE('',#3145,#3144,#2612,.T.);
#3954=EDGE_CURVE('',#3146,#3145,#1569,.T.);
#3955=EDGE_CURVE('',#3147,#3146,#1570,.T.);
#3956=EDGE_CURVE('',#3148,#3147,#1571,.T.);
#3957=EDGE_CURVE('',#3149,#3148,#2613,.T.);
#3958=EDGE_CURVE('',#3150,#3149,#1572,.T.);
#3959=EDGE_CURVE('',#3142,#3150,#2614,.T.);
#3960=EDGE_CURVE('',#3135,#3151,#1573,.T.);
#3961=EDGE_CURVE('',#3151,#3143,#2615,.T.);
#3962=EDGE_CURVE('',#3134,#3152,#1574,.T.);
#3963=EDGE_CURVE('',#3153,#3152,#2616,.T.);
#3964=EDGE_CURVE('',#3153,#3135,#1575,.T.);
#3965=EDGE_CURVE('',#3154,#3155,#2617,.T.);
#3966=EDGE_CURVE('',#3155,#3156,#1576,.T.);
#3967=EDGE_CURVE('',#3156,#3157,#2618,.T.);
#3968=EDGE_CURVE('',#3157,#3154,#1577,.T.);
#3969=EDGE_CURVE('',#3158,#3159,#2619,.T.);
#3970=EDGE_CURVE('',#3159,#3157,#2620,.T.);
#3971=EDGE_CURVE('',#3156,#3158,#2621,.T.);
#3972=EDGE_CURVE('',#3152,#3159,#2622,.T.);
#3973=EDGE_CURVE('',#3158,#3153,#2623,.T.);
#3974=EDGE_CURVE('',#3160,#3144,#2624,.T.);
#3975=EDGE_CURVE('',#3151,#3160,#2625,.T.);
#3976=EDGE_CURVE('',#3161,#3145,#2626,.T.);
#3977=EDGE_CURVE('',#3160,#3161,#2627,.T.);
#3978=EDGE_CURVE('',#3155,#3146,#2628,.T.);
#3979=EDGE_CURVE('',#3161,#3155,#1578,.T.);
#3980=EDGE_CURVE('',#3154,#3146,#2629,.T.);
#3981=EDGE_CURVE('',#3154,#3162,#1579,.T.);
#3982=EDGE_CURVE('',#3162,#3147,#2630,.T.);
#3983=EDGE_CURVE('',#3163,#3153,#1580,.T.);
#3984=EDGE_CURVE('',#3164,#3163,#1581,.T.);
#3985=EDGE_CURVE('',#3165,#3164,#2631,.T.);
#3986=EDGE_CURVE('',#3166,#3165,#1582,.T.);
#3987=EDGE_CURVE('',#3151,#3166,#1583,.T.);
#3988=EDGE_CURVE('',#3167,#3158,#1584,.T.);
#3989=EDGE_CURVE('',#3163,#3167,#2632,.T.);
#3990=EDGE_CURVE('',#3156,#3168,#1585,.T.);
#3991=EDGE_CURVE('',#3167,#3168,#2633,.T.);
#3992=EDGE_CURVE('',#3150,#3169,#2634,.T.);
#3993=EDGE_CURVE('',#3169,#3137,#2635,.T.);
#3994=EDGE_CURVE('',#3149,#3170,#2636,.T.);
#3995=EDGE_CURVE('',#3170,#3169,#1586,.T.);
#3996=EDGE_CURVE('',#3148,#3171,#2637,.T.);
#3997=EDGE_CURVE('',#3171,#3170,#2638,.T.);
#3998=EDGE_CURVE('',#3147,#3172,#2639,.T.);
#3999=EDGE_CURVE('',#3172,#3171,#1587,.T.);
#4000=EDGE_CURVE('',#3162,#3172,#2640,.T.);
#4001=EDGE_CURVE('',#3169,#3173,#1588,.T.);
#4002=EDGE_CURVE('',#3138,#3173,#2641,.T.);
#4003=EDGE_CURVE('',#3174,#3170,#1589,.T.);
#4004=EDGE_CURVE('',#3173,#3174,#1590,.T.);
#4005=EDGE_CURVE('',#3171,#3175,#1591,.T.);
#4006=EDGE_CURVE('',#3174,#3175,#2642,.T.);
#4007=EDGE_CURVE('',#3176,#3172,#1592,.T.);
#4008=EDGE_CURVE('',#3177,#3176,#1593,.T.);
#4009=EDGE_CURVE('',#3178,#3177,#1594,.T.);
#4010=EDGE_CURVE('',#3179,#3178,#2643,.T.);
#4011=EDGE_CURVE('',#3175,#3179,#1595,.T.);
#4012=EDGE_CURVE('',#3162,#3180,#1596,.T.);
#4013=EDGE_CURVE('',#3176,#3180,#2644,.T.);
#4014=EDGE_CURVE('',#3180,#3131,#1597,.T.);
#4015=EDGE_CURVE('',#3181,#3181,#2645,.F.);
#4016=EDGE_CURVE('',#3176,#3182,#2646,.T.);
#4017=EDGE_CURVE('',#3182,#3183,#1598,.T.);
#4018=EDGE_CURVE('',#3183,#3177,#2647,.T.);
#4019=EDGE_CURVE('',#3184,#3183,#2648,.T.);
#4020=EDGE_CURVE('',#3183,#3185,#1599,.T.);
#4021=EDGE_CURVE('',#3185,#3186,#2649,.T.);
#4022=EDGE_CURVE('',#3186,#3184,#1600,.T.);
#4023=EDGE_CURVE('',#3132,#3182,#1601,.T.);
#4024=EDGE_CURVE('',#3182,#3180,#2650,.T.);
#4025=EDGE_CURVE('',#3141,#3185,#2651,.T.);
#4026=EDGE_CURVE('',#3185,#3132,#1602,.T.);
#4027=EDGE_CURVE('',#3141,#3186,#2652,.T.);
#4028=EDGE_CURVE('',#3184,#3177,#2653,.T.);
#4029=EDGE_CURVE('',#3187,#3186,#1603,.T.);
#4030=EDGE_CURVE('',#3188,#3187,#1604,.T.);
#4031=EDGE_CURVE('',#3189,#3188,#1605,.T.);
#4032=EDGE_CURVE('',#3190,#3189,#2654,.T.);
#4033=EDGE_CURVE('',#3191,#3190,#2655,.T.);
#4034=EDGE_CURVE('',#3192,#3191,#1606,.T.);
#4035=EDGE_CURVE('',#3193,#3192,#1607,.T.);
#4036=EDGE_CURVE('',#3184,#3193,#1608,.T.);
#4037=EDGE_CURVE('',#3194,#3194,#2656,.T.);
#4038=EDGE_CURVE('',#3140,#3187,#2657,.T.);
#4039=EDGE_CURVE('',#3194,#3181,#1609,.T.);
#4040=EDGE_CURVE('',#3139,#3195,#2658,.T.);
#4041=EDGE_CURVE('',#3195,#3187,#2659,.T.);
#4042=EDGE_CURVE('',#3138,#3196,#2660,.T.);
#4043=EDGE_CURVE('',#3196,#3195,#1610,.T.);
#4044=EDGE_CURVE('',#3173,#3197,#2661,.T.);
#4045=EDGE_CURVE('',#3197,#3196,#2662,.T.);
#4046=EDGE_CURVE('',#3174,#3198,#2663,.T.);
#4047=EDGE_CURVE('',#3198,#3197,#1611,.T.);
#4048=EDGE_CURVE('',#3175,#3199,#2664,.T.);
#4049=EDGE_CURVE('',#3199,#3198,#2665,.T.);
#4050=EDGE_CURVE('',#3179,#3200,#2666,.T.);
#4051=EDGE_CURVE('',#3200,#3199,#1612,.T.);
#4052=EDGE_CURVE('',#3178,#3193,#2667,.T.);
#4053=EDGE_CURVE('',#3193,#3200,#2668,.T.);
#4054=EDGE_CURVE('',#3201,#3202,#2669,.T.);
#4055=EDGE_CURVE('',#3202,#3203,#1613,.T.);
#4056=EDGE_CURVE('',#3203,#3204,#2670,.T.);
#4057=EDGE_CURVE('',#3204,#3201,#1614,.T.);
#4058=EDGE_CURVE('',#3205,#3206,#2671,.T.);
#4059=EDGE_CURVE('',#3206,#3204,#2672,.T.);
#4060=EDGE_CURVE('',#3203,#3205,#2673,.T.);
#4061=EDGE_CURVE('',#3166,#3207,#2674,.T.);
#4062=EDGE_CURVE('',#3207,#3206,#2675,.T.);
#4063=EDGE_CURVE('',#3205,#3166,#2676,.T.);
#4064=EDGE_CURVE('',#3165,#3208,#2677,.T.);
#4065=EDGE_CURVE('',#3208,#3207,#1615,.T.);
#4066=EDGE_CURVE('',#3164,#3188,#2678,.T.);
#4067=EDGE_CURVE('',#3188,#3208,#2679,.T.);
#4068=EDGE_CURVE('',#3163,#3189,#2680,.T.);
#4069=EDGE_CURVE('',#3167,#3190,#2681,.T.);
#4070=EDGE_CURVE('',#3168,#3191,#2682,.T.);
#4071=EDGE_CURVE('',#3209,#3192,#2683,.T.);
#4072=EDGE_CURVE('',#3168,#3209,#1616,.T.);
#4073=EDGE_CURVE('',#3201,#3192,#2684,.T.);
#4074=EDGE_CURVE('',#3209,#3202,#2685,.T.);
#4075=EDGE_CURVE('',#3201,#3200,#1617,.T.);
#4076=EDGE_CURVE('',#3160,#3205,#1618,.T.);
#4077=EDGE_CURVE('',#3203,#3161,#1619,.T.);
#4078=EDGE_CURVE('',#3195,#3208,#1620,.T.);
#4079=EDGE_CURVE('',#3210,#3211,#97,.T.);
#4080=EDGE_CURVE('',#3211,#3212,#1621,.T.);
#4081=EDGE_CURVE('',#3212,#3213,#2686,.T.);
#4082=EDGE_CURVE('',#3213,#3210,#1622,.T.);
#4083=EDGE_CURVE('',#3214,#3212,#2687,.T.);
#4084=EDGE_CURVE('',#3212,#3215,#1623,.T.);
#4085=EDGE_CURVE('',#3215,#3216,#2688,.T.);
#4086=EDGE_CURVE('',#3216,#3214,#1624,.T.);
#4087=EDGE_CURVE('',#3214,#3213,#2689,.T.);
#4088=EDGE_CURVE('',#3217,#3218,#98,.T.);
#4089=EDGE_CURVE('',#3218,#3219,#1625,.T.);
#4090=EDGE_CURVE('',#3219,#3215,#2690,.T.);
#4091=EDGE_CURVE('',#3215,#3217,#1626,.T.);
#4092=EDGE_CURVE('',#3219,#3216,#2691,.T.);
#4093=EDGE_CURVE('',#3220,#3213,#1627,.T.);
#4094=EDGE_CURVE('',#3221,#3220,#1628,.T.);
#4095=EDGE_CURVE('',#3221,#3222,#1629,.T.);
#4096=EDGE_CURVE('',#3223,#3222,#1630,.T.);
#4097=EDGE_CURVE('',#3224,#3223,#2692,.T.);
#4098=EDGE_CURVE('',#3225,#3224,#1631,.T.);
#4099=EDGE_CURVE('',#3225,#3226,#1632,.T.);
#4100=EDGE_CURVE('',#3210,#3226,#1633,.T.);
#4101=EDGE_CURVE('',#3214,#3227,#1634,.T.);
#4102=EDGE_CURVE('',#3227,#3220,#99,.T.);
#4103=EDGE_CURVE('',#3228,#3216,#1635,.T.);
#4104=EDGE_CURVE('',#3227,#3228,#1636,.T.);
#4105=EDGE_CURVE('',#3219,#3229,#1637,.T.);
#4106=EDGE_CURVE('',#3229,#3228,#100,.T.);
#4107=EDGE_CURVE('',#3230,#3218,#1638,.T.);
#4108=EDGE_CURVE('',#3230,#3231,#1639,.T.);
#4109=EDGE_CURVE('',#3232,#3231,#1640,.T.);
#4110=EDGE_CURVE('',#3233,#3232,#2693,.T.);
#4111=EDGE_CURVE('',#3234,#3233,#1641,.T.);
#4112=EDGE_CURVE('',#3234,#3235,#1642,.T.);
#4113=EDGE_CURVE('',#3229,#3235,#1643,.T.);
#4114=EDGE_CURVE('',#3231,#3236,#2694,.F.);
#4115=EDGE_CURVE('',#3236,#3237,#1644,.T.);
#4116=EDGE_CURVE('',#3237,#3232,#73,.F.);
#4117=EDGE_CURVE('',#3238,#3236,#1645,.T.);
#4118=EDGE_CURVE('',#3239,#3238,#1646,.T.);
#4119=EDGE_CURVE('',#3237,#3239,#1647,.T.);
#4120=EDGE_CURVE('',#3233,#3240,#74,.F.);
#4121=EDGE_CURVE('',#3240,#3241,#1648,.T.);
#4122=EDGE_CURVE('',#3241,#3234,#2695,.F.);
#4123=EDGE_CURVE('',#3242,#3240,#1649,.T.);
#4124=EDGE_CURVE('',#3243,#3242,#1650,.T.);
#4125=EDGE_CURVE('',#3241,#3243,#1651,.T.);
#4126=EDGE_CURVE('',#3224,#3239,#75,.F.);
#4127=EDGE_CURVE('',#3238,#3225,#2696,.F.);
#4128=EDGE_CURVE('',#3222,#3243,#2697,.F.);
#4129=EDGE_CURVE('',#3242,#3223,#76,.F.);
#4130=EDGE_CURVE('',#3217,#3211,#1652,.T.);
#4131=EDGE_CURVE('',#3230,#3226,#1653,.T.);
#4132=EDGE_CURVE('',#3235,#3221,#1654,.T.);
#4133=EDGE_CURVE('',#3244,#3245,#77,.F.);
#4134=EDGE_CURVE('',#3244,#3246,#1655,.T.);
#4135=EDGE_CURVE('',#3246,#3247,#2698,.T.);
#4136=EDGE_CURVE('',#3247,#3248,#1656,.T.);
#4137=EDGE_CURVE('',#3248,#3249,#2699,.T.);
#4138=EDGE_CURVE('',#3249,#3250,#1657,.T.);
#4139=EDGE_CURVE('',#3251,#3250,#78,.F.);
#4140=EDGE_CURVE('',#3251,#3245,#1658,.T.);
#4141=EDGE_CURVE('',#3252,#3249,#1659,.T.);
#4142=EDGE_CURVE('',#3253,#3252,#2700,.T.);
#4143=EDGE_CURVE('',#3254,#3253,#1660,.T.);
#4144=EDGE_CURVE('',#3255,#3254,#2701,.T.);
#4145=EDGE_CURVE('',#3255,#3246,#1661,.T.);
#4146=EDGE_CURVE('',#3244,#3256,#2702,.T.);
#4147=EDGE_CURVE('',#3256,#3245,#2703,.T.);
#4148=EDGE_CURVE('',#3251,#3257,#2704,.T.);
#4149=EDGE_CURVE('',#3257,#3250,#2705,.T.);
#4150=EDGE_CURVE('',#3258,#3258,#2706,.T.);
#4151=EDGE_CURVE('',#3259,#3259,#2707,.T.);
#4152=EDGE_CURVE('',#3247,#3260,#1662,.T.);
#4153=EDGE_CURVE('',#3261,#3260,#2708,.T.);
#4154=EDGE_CURVE('',#3261,#3262,#1663,.T.);
#4155=EDGE_CURVE('',#3263,#3262,#2709,.T.);
#4156=EDGE_CURVE('',#3248,#3263,#1664,.T.);
#4157=EDGE_CURVE('',#3264,#3265,#2710,.T.);
#4158=EDGE_CURVE('',#3264,#3266,#1665,.T.);
#4159=EDGE_CURVE('',#3267,#3266,#2711,.T.);
#4160=EDGE_CURVE('',#3267,#3265,#1666,.T.);
#4161=EDGE_CURVE('',#3268,#3269,#2712,.T.);
#4162=EDGE_CURVE('',#3268,#3270,#1667,.T.);
#4163=EDGE_CURVE('',#3271,#3270,#2713,.T.);
#4164=EDGE_CURVE('',#3272,#3271,#2714,.T.);
#4165=EDGE_CURVE('',#3272,#3273,#1668,.T.);
#4166=EDGE_CURVE('',#3269,#3273,#2715,.T.);
#4167=EDGE_CURVE('',#3274,#3275,#2716,.T.);
#4168=EDGE_CURVE('',#3276,#3274,#2717,.T.);
#4169=EDGE_CURVE('',#3276,#3277,#1669,.T.);
#4170=EDGE_CURVE('',#3278,#3277,#2718,.T.);
#4171=EDGE_CURVE('',#3279,#3278,#2719,.T.);
#4172=EDGE_CURVE('',#3279,#3275,#1670,.T.);
#4173=EDGE_CURVE('',#3280,#3281,#2720,.T.);
#4174=EDGE_CURVE('',#3282,#3280,#2721,.T.);
#4175=EDGE_CURVE('',#3282,#3283,#1671,.T.);
#4176=EDGE_CURVE('',#3284,#3283,#2722,.T.);
#4177=EDGE_CURVE('',#3285,#3284,#2723,.T.);
#4178=EDGE_CURVE('',#3285,#3281,#1672,.T.);
#4179=EDGE_CURVE('',#3286,#3287,#2724,.T.);
#4180=EDGE_CURVE('',#3288,#3286,#2725,.T.);
#4181=EDGE_CURVE('',#3288,#3289,#1673,.T.);
#4182=EDGE_CURVE('',#3290,#3289,#2726,.T.);
#4183=EDGE_CURVE('',#3291,#3290,#2727,.T.);
#4184=EDGE_CURVE('',#3291,#3287,#1674,.T.);
#4185=EDGE_CURVE('',#3292,#3293,#2728,.T.);
#4186=EDGE_CURVE('',#3294,#3292,#2729,.T.);
#4187=EDGE_CURVE('',#3294,#3295,#1675,.T.);
#4188=EDGE_CURVE('',#3296,#3295,#2730,.T.);
#4189=EDGE_CURVE('',#3297,#3296,#2731,.T.);
#4190=EDGE_CURVE('',#3297,#3293,#1676,.T.);
#4191=EDGE_CURVE('',#3298,#3299,#2732,.T.);
#4192=EDGE_CURVE('',#3300,#3298,#2733,.T.);
#4193=EDGE_CURVE('',#3300,#3301,#1677,.T.);
#4194=EDGE_CURVE('',#3302,#3301,#2734,.T.);
#4195=EDGE_CURVE('',#3303,#3302,#2735,.T.);
#4196=EDGE_CURVE('',#3303,#3299,#1678,.T.);
#4197=EDGE_CURVE('',#3304,#3305,#2736,.T.);
#4198=EDGE_CURVE('',#3306,#3304,#2737,.T.);
#4199=EDGE_CURVE('',#3306,#3307,#1679,.T.);
#4200=EDGE_CURVE('',#3308,#3307,#2738,.T.);
#4201=EDGE_CURVE('',#3309,#3308,#2739,.T.);
#4202=EDGE_CURVE('',#3309,#3305,#1680,.T.);
#4203=EDGE_CURVE('',#3310,#3311,#2740,.T.);
#4204=EDGE_CURVE('',#3312,#3310,#2741,.T.);
#4205=EDGE_CURVE('',#3312,#3313,#1681,.T.);
#4206=EDGE_CURVE('',#3314,#3313,#2742,.T.);
#4207=EDGE_CURVE('',#3315,#3314,#2743,.T.);
#4208=EDGE_CURVE('',#3315,#3311,#1682,.T.);
#4209=EDGE_CURVE('',#3316,#3317,#2744,.T.);
#4210=EDGE_CURVE('',#3318,#3316,#2745,.T.);
#4211=EDGE_CURVE('',#3318,#3319,#1683,.T.);
#4212=EDGE_CURVE('',#3320,#3319,#2746,.T.);
#4213=EDGE_CURVE('',#3321,#3320,#2747,.T.);
#4214=EDGE_CURVE('',#3321,#3317,#1684,.T.);
#4215=EDGE_CURVE('',#3322,#3323,#2748,.T.);
#4216=EDGE_CURVE('',#3324,#3322,#2749,.T.);
#4217=EDGE_CURVE('',#3324,#3325,#1685,.T.);
#4218=EDGE_CURVE('',#3326,#3325,#2750,.T.);
#4219=EDGE_CURVE('',#3327,#3326,#2751,.T.);
#4220=EDGE_CURVE('',#3327,#3323,#1686,.T.);
#4221=EDGE_CURVE('',#3328,#3329,#2752,.T.);
#4222=EDGE_CURVE('',#3330,#3328,#2753,.T.);
#4223=EDGE_CURVE('',#3330,#3331,#1687,.T.);
#4224=EDGE_CURVE('',#3332,#3331,#2754,.T.);
#4225=EDGE_CURVE('',#3333,#3332,#2755,.T.);
#4226=EDGE_CURVE('',#3333,#3329,#1688,.T.);
#4227=EDGE_CURVE('',#3334,#3335,#2756,.T.);
#4228=EDGE_CURVE('',#3336,#3334,#2757,.T.);
#4229=EDGE_CURVE('',#3336,#3337,#1689,.T.);
#4230=EDGE_CURVE('',#3338,#3337,#2758,.T.);
#4231=EDGE_CURVE('',#3339,#3338,#2759,.T.);
#4232=EDGE_CURVE('',#3339,#3335,#1690,.T.);
#4233=EDGE_CURVE('',#3340,#3341,#2760,.T.);
#4234=EDGE_CURVE('',#3342,#3340,#2761,.T.);
#4235=EDGE_CURVE('',#3342,#3343,#1691,.T.);
#4236=EDGE_CURVE('',#3344,#3343,#2762,.T.);
#4237=EDGE_CURVE('',#3345,#3344,#2763,.T.);
#4238=EDGE_CURVE('',#3345,#3341,#1692,.T.);
#4239=EDGE_CURVE('',#3346,#3347,#2764,.T.);
#4240=EDGE_CURVE('',#3348,#3346,#2765,.T.);
#4241=EDGE_CURVE('',#3348,#3349,#1693,.T.);
#4242=EDGE_CURVE('',#3350,#3349,#2766,.T.);
#4243=EDGE_CURVE('',#3351,#3350,#2767,.T.);
#4244=EDGE_CURVE('',#3351,#3347,#1694,.T.);
#4245=EDGE_CURVE('',#3352,#3353,#2768,.T.);
#4246=EDGE_CURVE('',#3354,#3352,#2769,.T.);
#4247=EDGE_CURVE('',#3354,#3355,#1695,.T.);
#4248=EDGE_CURVE('',#3356,#3355,#2770,.T.);
#4249=EDGE_CURVE('',#3357,#3356,#2771,.T.);
#4250=EDGE_CURVE('',#3357,#3353,#1696,.T.);
#4251=EDGE_CURVE('',#3358,#3359,#2772,.T.);
#4252=EDGE_CURVE('',#3360,#3358,#2773,.T.);
#4253=EDGE_CURVE('',#3360,#3361,#1697,.T.);
#4254=EDGE_CURVE('',#3362,#3361,#2774,.T.);
#4255=EDGE_CURVE('',#3363,#3362,#2775,.T.);
#4256=EDGE_CURVE('',#3363,#3359,#1698,.T.);
#4257=EDGE_CURVE('',#3364,#3365,#1699,.T.);
#4258=EDGE_CURVE('',#3252,#3365,#1700,.T.);
#4259=EDGE_CURVE('',#3366,#3263,#1701,.T.);
#4260=EDGE_CURVE('',#3366,#3364,#1702,.T.);
#4261=EDGE_CURVE('',#3367,#3368,#1703,.T.);
#4262=EDGE_CURVE('',#3369,#3367,#1704,.T.);
#4263=EDGE_CURVE('',#3260,#3369,#1705,.T.);
#4264=EDGE_CURVE('',#3368,#3255,#1706,.T.);
#4265=EDGE_CURVE('',#3254,#3370,#1707,.T.);
#4266=EDGE_CURVE('',#3370,#3371,#2776,.T.);
#4267=EDGE_CURVE('',#3371,#3372,#1708,.T.);
#4268=EDGE_CURVE('',#3372,#3368,#2777,.F.);
#4269=EDGE_CURVE('',#3373,#3374,#2778,.T.);
#4270=EDGE_CURVE('',#3374,#3371,#2779,.T.);
#4271=EDGE_CURVE('',#3370,#3373,#2780,.T.);
#4272=EDGE_CURVE('',#3375,#3376,#2781,.T.);
#4273=EDGE_CURVE('',#3376,#3374,#1709,.T.);
#4274=EDGE_CURVE('',#3373,#3375,#1710,.T.);
#4275=EDGE_CURVE('',#3377,#3378,#2782,.T.);
#4276=EDGE_CURVE('',#3378,#3376,#2783,.T.);
#4277=EDGE_CURVE('',#3375,#3377,#2784,.T.);
#4278=EDGE_CURVE('',#3365,#3379,#2785,.F.);
#4279=EDGE_CURVE('',#3379,#3378,#1711,.T.);
#4280=EDGE_CURVE('',#3377,#3253,#1712,.T.);
#4281=EDGE_CURVE('',#3273,#3380,#1713,.T.);
#4282=EDGE_CURVE('',#3380,#3381,#2786,.T.);
#4283=EDGE_CURVE('',#3269,#3381,#1714,.T.);
#4284=EDGE_CURVE('',#3382,#3272,#1715,.T.);
#4285=EDGE_CURVE('',#3380,#3382,#1716,.T.);
#4286=EDGE_CURVE('',#3381,#3383,#2787,.T.);
#4287=EDGE_CURVE('',#3383,#3268,#1717,.T.);
#4288=EDGE_CURVE('',#3384,#3271,#1718,.T.);
#4289=EDGE_CURVE('',#3384,#3382,#2788,.T.);
#4290=EDGE_CURVE('',#3270,#3385,#1719,.T.);
#4291=EDGE_CURVE('',#3385,#3384,#2789,.T.);
#4292=EDGE_CURVE('',#3385,#3383,#1720,.T.);
#4293=EDGE_CURVE('',#3369,#3386,#2790,.T.);
#4294=EDGE_CURVE('',#3386,#3261,#1721,.T.);
#4295=EDGE_CURVE('',#3386,#3387,#1722,.T.);
#4296=EDGE_CURVE('',#3262,#3387,#1723,.T.);
#4297=EDGE_CURVE('',#3387,#3366,#2791,.T.);
#4298=EDGE_CURVE('',#3259,#3388,#1724,.T.);
#4299=EDGE_CURVE('',#3388,#3388,#2792,.F.);
#4300=EDGE_CURVE('',#3258,#3389,#1725,.T.);
#4301=EDGE_CURVE('',#3389,#3389,#2793,.F.);
#4302=EDGE_CURVE('',#3390,#3391,#1726,.T.);
#4303=EDGE_CURVE('',#3390,#3392,#1727,.T.);
#4304=EDGE_CURVE('',#3392,#3393,#1728,.T.);
#4305=EDGE_CURVE('',#3394,#3393,#1729,.T.);
#4306=EDGE_CURVE('',#3394,#3391,#1730,.T.);
#4307=EDGE_CURVE('',#3391,#3395,#101,.T.);
#4308=EDGE_CURVE('',#3396,#3394,#2794,.F.);
#4309=EDGE_CURVE('',#3395,#3396,#1731,.T.);
#4310=EDGE_CURVE('',#3395,#3397,#1732,.T.);
#4311=EDGE_CURVE('',#3396,#3398,#1733,.T.);
#4312=EDGE_CURVE('',#3398,#3397,#1734,.T.);
#4313=EDGE_CURVE('',#3397,#3399,#102,.T.);
#4314=EDGE_CURVE('',#3400,#3398,#2795,.F.);
#4315=EDGE_CURVE('',#3399,#3400,#1735,.T.);
#4316=EDGE_CURVE('',#3399,#3401,#1736,.T.);
#4317=EDGE_CURVE('',#3402,#3400,#1737,.T.);
#4318=EDGE_CURVE('',#3402,#3403,#1738,.T.);
#4319=EDGE_CURVE('',#3403,#3401,#1739,.T.);
#4320=EDGE_CURVE('',#3401,#3404,#103,.T.);
#4321=EDGE_CURVE('',#3405,#3403,#104,.T.);
#4322=EDGE_CURVE('',#3404,#3405,#1740,.T.);
#4323=EDGE_CURVE('',#3404,#3406,#1741,.T.);
#4324=EDGE_CURVE('',#3405,#3407,#1742,.T.);
#4325=EDGE_CURVE('',#3407,#3406,#1743,.T.);
#4326=EDGE_CURVE('',#3406,#3390,#105,.T.);
#4327=EDGE_CURVE('',#3392,#3407,#106,.T.);
#4328=EDGE_CURVE('',#3393,#3402,#1744,.T.);
#4329=EDGE_CURVE('',#3256,#3408,#1745,.T.);
#4330=EDGE_CURVE('',#3408,#3408,#2796,.F.);
#4331=EDGE_CURVE('',#3257,#3409,#1746,.T.);
#4332=EDGE_CURVE('',#3409,#3409,#2797,.F.);
#4333=EDGE_CURVE('',#3367,#3364,#1747,.T.);
#4334=EDGE_CURVE('',#3410,#3411,#2798,.T.);
#4335=EDGE_CURVE('',#3410,#3412,#1748,.T.);
#4336=EDGE_CURVE('',#3413,#3412,#2799,.T.);
#4337=EDGE_CURVE('',#3414,#3413,#2800,.T.);
#4338=EDGE_CURVE('',#3414,#3415,#1749,.T.);
#4339=EDGE_CURVE('',#3411,#3415,#2801,.T.);
#4340=EDGE_CURVE('',#3416,#3417,#2802,.T.);
#4341=EDGE_CURVE('',#3416,#3418,#1750,.T.);
#4342=EDGE_CURVE('',#3419,#3418,#2803,.T.);
#4343=EDGE_CURVE('',#3420,#3419,#2804,.T.);
#4344=EDGE_CURVE('',#3420,#3421,#1751,.T.);
#4345=EDGE_CURVE('',#3417,#3421,#2805,.T.);
#4346=EDGE_CURVE('',#3422,#3423,#2806,.T.);
#4347=EDGE_CURVE('',#3422,#3424,#1752,.T.);
#4348=EDGE_CURVE('',#3425,#3424,#2807,.T.);
#4349=EDGE_CURVE('',#3426,#3425,#2808,.T.);
#4350=EDGE_CURVE('',#3426,#3427,#1753,.T.);
#4351=EDGE_CURVE('',#3423,#3427,#2809,.T.);
#4352=EDGE_CURVE('',#3428,#3429,#2810,.T.);
#4353=EDGE_CURVE('',#3428,#3430,#1754,.T.);
#4354=EDGE_CURVE('',#3431,#3430,#2811,.T.);
#4355=EDGE_CURVE('',#3432,#3431,#2812,.T.);
#4356=EDGE_CURVE('',#3432,#3433,#1755,.T.);
#4357=EDGE_CURVE('',#3429,#3433,#2813,.T.);
#4358=EDGE_CURVE('',#3434,#3435,#2814,.T.);
#4359=EDGE_CURVE('',#3434,#3436,#1756,.T.);
#4360=EDGE_CURVE('',#3437,#3436,#2815,.T.);
#4361=EDGE_CURVE('',#3438,#3437,#2816,.T.);
#4362=EDGE_CURVE('',#3438,#3439,#1757,.T.);
#4363=EDGE_CURVE('',#3435,#3439,#2817,.T.);
#4364=EDGE_CURVE('',#3440,#3441,#2818,.T.);
#4365=EDGE_CURVE('',#3440,#3442,#1758,.T.);
#4366=EDGE_CURVE('',#3443,#3442,#2819,.T.);
#4367=EDGE_CURVE('',#3444,#3443,#2820,.T.);
#4368=EDGE_CURVE('',#3444,#3445,#1759,.T.);
#4369=EDGE_CURVE('',#3441,#3445,#2821,.T.);
#4370=EDGE_CURVE('',#3446,#3447,#2822,.T.);
#4371=EDGE_CURVE('',#3446,#3448,#1760,.T.);
#4372=EDGE_CURVE('',#3449,#3448,#2823,.T.);
#4373=EDGE_CURVE('',#3450,#3449,#2824,.T.);
#4374=EDGE_CURVE('',#3450,#3451,#1761,.T.);
#4375=EDGE_CURVE('',#3447,#3451,#2825,.T.);
#4376=EDGE_CURVE('',#3452,#3453,#2826,.T.);
#4377=EDGE_CURVE('',#3452,#3454,#1762,.T.);
#4378=EDGE_CURVE('',#3455,#3454,#2827,.T.);
#4379=EDGE_CURVE('',#3456,#3455,#2828,.T.);
#4380=EDGE_CURVE('',#3456,#3457,#1763,.T.);
#4381=EDGE_CURVE('',#3453,#3457,#2829,.T.);
#4382=EDGE_CURVE('',#3458,#3459,#2830,.T.);
#4383=EDGE_CURVE('',#3458,#3460,#1764,.T.);
#4384=EDGE_CURVE('',#3461,#3460,#2831,.T.);
#4385=EDGE_CURVE('',#3462,#3461,#2832,.T.);
#4386=EDGE_CURVE('',#3462,#3463,#1765,.T.);
#4387=EDGE_CURVE('',#3459,#3463,#2833,.T.);
#4388=EDGE_CURVE('',#3464,#3465,#2834,.T.);
#4389=EDGE_CURVE('',#3464,#3466,#1766,.T.);
#4390=EDGE_CURVE('',#3467,#3466,#2835,.T.);
#4391=EDGE_CURVE('',#3468,#3467,#2836,.T.);
#4392=EDGE_CURVE('',#3468,#3469,#1767,.T.);
#4393=EDGE_CURVE('',#3465,#3469,#2837,.T.);
#4394=EDGE_CURVE('',#3470,#3471,#2838,.T.);
#4395=EDGE_CURVE('',#3470,#3472,#1768,.T.);
#4396=EDGE_CURVE('',#3473,#3472,#2839,.T.);
#4397=EDGE_CURVE('',#3474,#3473,#2840,.T.);
#4398=EDGE_CURVE('',#3474,#3475,#1769,.T.);
#4399=EDGE_CURVE('',#3471,#3475,#2841,.T.);
#4400=EDGE_CURVE('',#3476,#3477,#2842,.T.);
#4401=EDGE_CURVE('',#3476,#3478,#1770,.T.);
#4402=EDGE_CURVE('',#3479,#3478,#2843,.T.);
#4403=EDGE_CURVE('',#3480,#3479,#2844,.T.);
#4404=EDGE_CURVE('',#3480,#3481,#1771,.T.);
#4405=EDGE_CURVE('',#3477,#3481,#2845,.T.);
#4406=EDGE_CURVE('',#3482,#3483,#2846,.T.);
#4407=EDGE_CURVE('',#3482,#3484,#1772,.T.);
#4408=EDGE_CURVE('',#3485,#3484,#2847,.T.);
#4409=EDGE_CURVE('',#3486,#3485,#2848,.T.);
#4410=EDGE_CURVE('',#3486,#3487,#1773,.T.);
#4411=EDGE_CURVE('',#3483,#3487,#2849,.T.);
#4412=EDGE_CURVE('',#3488,#3489,#2850,.T.);
#4413=EDGE_CURVE('',#3488,#3490,#1774,.T.);
#4414=EDGE_CURVE('',#3491,#3490,#2851,.T.);
#4415=EDGE_CURVE('',#3492,#3491,#2852,.T.);
#4416=EDGE_CURVE('',#3492,#3493,#1775,.T.);
#4417=EDGE_CURVE('',#3489,#3493,#2853,.T.);
#4418=EDGE_CURVE('',#3494,#3495,#2854,.T.);
#4419=EDGE_CURVE('',#3494,#3496,#1776,.T.);
#4420=EDGE_CURVE('',#3497,#3496,#2855,.T.);
#4421=EDGE_CURVE('',#3498,#3497,#2856,.T.);
#4422=EDGE_CURVE('',#3498,#3499,#1777,.T.);
#4423=EDGE_CURVE('',#3495,#3499,#2857,.T.);
#4424=EDGE_CURVE('',#3500,#3501,#1778,.T.);
#4425=EDGE_CURVE('',#3502,#3501,#2858,.T.);
#4426=EDGE_CURVE('',#3502,#3503,#1779,.T.);
#4427=EDGE_CURVE('',#3500,#3503,#2859,.T.);
#4428=EDGE_CURVE('',#3372,#3379,#1780,.T.);
#4429=EDGE_CURVE('',#3504,#3505,#2860,.T.);
#4430=EDGE_CURVE('',#3505,#3500,#1781,.T.);
#4431=EDGE_CURVE('',#3503,#3504,#1782,.T.);
#4432=EDGE_CURVE('',#3506,#3505,#1783,.T.);
#4433=EDGE_CURVE('',#3501,#3506,#1784,.T.);
#4434=EDGE_CURVE('',#3507,#3508,#2861,.T.);
#4435=EDGE_CURVE('',#3507,#3264,#1785,.T.);
#4436=EDGE_CURVE('',#3265,#3508,#1786,.T.);
#4437=EDGE_CURVE('',#3509,#3508,#1787,.T.);
#4438=EDGE_CURVE('',#3509,#3510,#2862,.T.);
#4439=EDGE_CURVE('',#3507,#3510,#1788,.T.);
#4440=EDGE_CURVE('',#3504,#3511,#1789,.T.);
#4441=EDGE_CURVE('',#3506,#3511,#2863,.T.);
#4442=EDGE_CURVE('',#3509,#3267,#1790,.T.);
#4443=EDGE_CURVE('',#3511,#3502,#1791,.T.);
#4444=EDGE_CURVE('',#3266,#3510,#1792,.T.);
#4445=EDGE_CURVE('',#3275,#3494,#1793,.T.);
#4446=EDGE_CURVE('',#3274,#3495,#1794,.T.);
#4447=EDGE_CURVE('',#3496,#3279,#1795,.T.);
#4448=EDGE_CURVE('',#3499,#3276,#1796,.T.);
#4449=EDGE_CURVE('',#3497,#3278,#1797,.T.);
#4450=EDGE_CURVE('',#3277,#3498,#1798,.T.);
#4451=EDGE_CURVE('',#3281,#3488,#1799,.T.);
#4452=EDGE_CURVE('',#3280,#3489,#1800,.T.);
#4453=EDGE_CURVE('',#3490,#3285,#1801,.T.);
#4454=EDGE_CURVE('',#3493,#3282,#1802,.T.);
#4455=EDGE_CURVE('',#3491,#3284,#1803,.T.);
#4456=EDGE_CURVE('',#3283,#3492,#1804,.T.);
#4457=EDGE_CURVE('',#3287,#3482,#1805,.T.);
#4458=EDGE_CURVE('',#3286,#3483,#1806,.T.);
#4459=EDGE_CURVE('',#3484,#3291,#1807,.T.);
#4460=EDGE_CURVE('',#3487,#3288,#1808,.T.);
#4461=EDGE_CURVE('',#3485,#3290,#1809,.T.);
#4462=EDGE_CURVE('',#3289,#3486,#1810,.T.);
#4463=EDGE_CURVE('',#3293,#3476,#1811,.T.);
#4464=EDGE_CURVE('',#3292,#3477,#1812,.T.);
#4465=EDGE_CURVE('',#3478,#3297,#1813,.T.);
#4466=EDGE_CURVE('',#3481,#3294,#1814,.T.);
#4467=EDGE_CURVE('',#3479,#3296,#1815,.T.);
#4468=EDGE_CURVE('',#3295,#3480,#1816,.T.);
#4469=EDGE_CURVE('',#3299,#3470,#1817,.T.);
#4470=EDGE_CURVE('',#3298,#3471,#1818,.T.);
#4471=EDGE_CURVE('',#3472,#3303,#1819,.T.);
#4472=EDGE_CURVE('',#3475,#3300,#1820,.T.);
#4473=EDGE_CURVE('',#3473,#3302,#1821,.T.);
#4474=EDGE_CURVE('',#3301,#3474,#1822,.T.);
#4475=EDGE_CURVE('',#3305,#3464,#1823,.T.);
#4476=EDGE_CURVE('',#3304,#3465,#1824,.T.);
#4477=EDGE_CURVE('',#3466,#3309,#1825,.T.);
#4478=EDGE_CURVE('',#3469,#3306,#1826,.T.);
#4479=EDGE_CURVE('',#3467,#3308,#1827,.T.);
#4480=EDGE_CURVE('',#3307,#3468,#1828,.T.);
#4481=EDGE_CURVE('',#3311,#3458,#1829,.T.);
#4482=EDGE_CURVE('',#3310,#3459,#1830,.T.);
#4483=EDGE_CURVE('',#3460,#3315,#1831,.T.);
#4484=EDGE_CURVE('',#3463,#3312,#1832,.T.);
#4485=EDGE_CURVE('',#3461,#3314,#1833,.T.);
#4486=EDGE_CURVE('',#3313,#3462,#1834,.T.);
#4487=EDGE_CURVE('',#3317,#3452,#1835,.T.);
#4488=EDGE_CURVE('',#3316,#3453,#1836,.T.);
#4489=EDGE_CURVE('',#3454,#3321,#1837,.T.);
#4490=EDGE_CURVE('',#3457,#3318,#1838,.T.);
#4491=EDGE_CURVE('',#3455,#3320,#1839,.T.);
#4492=EDGE_CURVE('',#3319,#3456,#1840,.T.);
#4493=EDGE_CURVE('',#3323,#3446,#1841,.T.);
#4494=EDGE_CURVE('',#3322,#3447,#1842,.T.);
#4495=EDGE_CURVE('',#3448,#3327,#1843,.T.);
#4496=EDGE_CURVE('',#3451,#3324,#1844,.T.);
#4497=EDGE_CURVE('',#3449,#3326,#1845,.T.);
#4498=EDGE_CURVE('',#3325,#3450,#1846,.T.);
#4499=EDGE_CURVE('',#3329,#3440,#1847,.T.);
#4500=EDGE_CURVE('',#3328,#3441,#1848,.T.);
#4501=EDGE_CURVE('',#3442,#3333,#1849,.T.);
#4502=EDGE_CURVE('',#3445,#3330,#1850,.T.);
#4503=EDGE_CURVE('',#3443,#3332,#1851,.T.);
#4504=EDGE_CURVE('',#3331,#3444,#1852,.T.);
#4505=EDGE_CURVE('',#3335,#3434,#1853,.T.);
#4506=EDGE_CURVE('',#3334,#3435,#1854,.T.);
#4507=EDGE_CURVE('',#3436,#3339,#1855,.T.);
#4508=EDGE_CURVE('',#3439,#3336,#1856,.T.);
#4509=EDGE_CURVE('',#3437,#3338,#1857,.T.);
#4510=EDGE_CURVE('',#3337,#3438,#1858,.T.);
#4511=EDGE_CURVE('',#3341,#3428,#1859,.T.);
#4512=EDGE_CURVE('',#3340,#3429,#1860,.T.);
#4513=EDGE_CURVE('',#3430,#3345,#1861,.T.);
#4514=EDGE_CURVE('',#3433,#3342,#1862,.T.);
#4515=EDGE_CURVE('',#3431,#3344,#1863,.T.);
#4516=EDGE_CURVE('',#3343,#3432,#1864,.T.);
#4517=EDGE_CURVE('',#3347,#3422,#1865,.T.);
#4518=EDGE_CURVE('',#3346,#3423,#1866,.T.);
#4519=EDGE_CURVE('',#3424,#3351,#1867,.T.);
#4520=EDGE_CURVE('',#3427,#3348,#1868,.T.);
#4521=EDGE_CURVE('',#3425,#3350,#1869,.T.);
#4522=EDGE_CURVE('',#3349,#3426,#1870,.T.);
#4523=EDGE_CURVE('',#3353,#3416,#1871,.T.);
#4524=EDGE_CURVE('',#3352,#3417,#1872,.T.);
#4525=EDGE_CURVE('',#3418,#3357,#1873,.T.);
#4526=EDGE_CURVE('',#3421,#3354,#1874,.T.);
#4527=EDGE_CURVE('',#3419,#3356,#1875,.T.);
#4528=EDGE_CURVE('',#3355,#3420,#1876,.T.);
#4529=EDGE_CURVE('',#3359,#3410,#1877,.T.);
#4530=EDGE_CURVE('',#3358,#3411,#1878,.T.);
#4531=EDGE_CURVE('',#3412,#3363,#1879,.T.);
#4532=EDGE_CURVE('',#3415,#3360,#1880,.T.);
#4533=EDGE_CURVE('',#3413,#3362,#1881,.T.);
#4534=EDGE_CURVE('',#3361,#3414,#1882,.T.);
#4535=ORIENTED_EDGE('',*,*,#3512,.F.);
#4536=ORIENTED_EDGE('',*,*,#3513,.T.);
#4537=ORIENTED_EDGE('',*,*,#3514,.F.);
#4538=ORIENTED_EDGE('',*,*,#3513,.F.);
#4539=ORIENTED_EDGE('',*,*,#3515,.T.);
#4540=ORIENTED_EDGE('',*,*,#3516,.T.);
#4541=ORIENTED_EDGE('',*,*,#3517,.T.);
#4542=ORIENTED_EDGE('',*,*,#3518,.T.);
#4543=ORIENTED_EDGE('',*,*,#3519,.T.);
#4544=ORIENTED_EDGE('',*,*,#3520,.T.);
#4545=ORIENTED_EDGE('',*,*,#3521,.T.);
#4546=ORIENTED_EDGE('',*,*,#3522,.T.);
#4547=ORIENTED_EDGE('',*,*,#3523,.T.);
#4548=ORIENTED_EDGE('',*,*,#3520,.F.);
#4549=ORIENTED_EDGE('',*,*,#3524,.F.);
#4550=ORIENTED_EDGE('',*,*,#3525,.T.);
#4551=ORIENTED_EDGE('',*,*,#3526,.F.);
#4552=ORIENTED_EDGE('',*,*,#3527,.T.);
#4553=ORIENTED_EDGE('',*,*,#3528,.T.);
#4554=ORIENTED_EDGE('',*,*,#3516,.F.);
#4555=ORIENTED_EDGE('',*,*,#3523,.F.);
#4556=ORIENTED_EDGE('',*,*,#3529,.F.);
#4557=ORIENTED_EDGE('',*,*,#3530,.T.);
#4558=ORIENTED_EDGE('',*,*,#3521,.F.);
#4559=ORIENTED_EDGE('',*,*,#3530,.F.);
#4560=ORIENTED_EDGE('',*,*,#3531,.F.);
#4561=ORIENTED_EDGE('',*,*,#3532,.T.);
#4562=ORIENTED_EDGE('',*,*,#3522,.F.);
#4563=ORIENTED_EDGE('',*,*,#3514,.T.);
#4564=ORIENTED_EDGE('',*,*,#3532,.F.);
#4565=ORIENTED_EDGE('',*,*,#3533,.F.);
#4566=ORIENTED_EDGE('',*,*,#3526,.T.);
#4567=ORIENTED_EDGE('',*,*,#3515,.F.);
#4568=ORIENTED_EDGE('',*,*,#3533,.T.);
#4569=ORIENTED_EDGE('',*,*,#3531,.T.);
#4570=ORIENTED_EDGE('',*,*,#3529,.T.);
#4571=ORIENTED_EDGE('',*,*,#3525,.F.);
#4572=ORIENTED_EDGE('',*,*,#3534,.F.);
#4573=ORIENTED_EDGE('',*,*,#3535,.F.);
#4574=ORIENTED_EDGE('',*,*,#3536,.F.);
#4575=ORIENTED_EDGE('',*,*,#3527,.F.);
#4576=ORIENTED_EDGE('',*,*,#3536,.T.);
#4577=ORIENTED_EDGE('',*,*,#3537,.T.);
#4578=ORIENTED_EDGE('',*,*,#3517,.F.);
#4579=ORIENTED_EDGE('',*,*,#3528,.F.);
#4580=ORIENTED_EDGE('',*,*,#3538,.F.);
#4581=ORIENTED_EDGE('',*,*,#3534,.T.);
#4582=ORIENTED_EDGE('',*,*,#3524,.T.);
#4583=ORIENTED_EDGE('',*,*,#3519,.F.);
#4584=ORIENTED_EDGE('',*,*,#3538,.T.);
#4585=ORIENTED_EDGE('',*,*,#3518,.F.);
#4586=ORIENTED_EDGE('',*,*,#3537,.F.);
#4587=ORIENTED_EDGE('',*,*,#3535,.T.);
#4588=ORIENTED_EDGE('',*,*,#3512,.T.);
#4589=ORIENTED_EDGE('',*,*,#3539,.T.);
#4590=ORIENTED_EDGE('',*,*,#3540,.T.);
#4591=ORIENTED_EDGE('',*,*,#3541,.T.);
#4592=ORIENTED_EDGE('',*,*,#3542,.T.);
#4593=ORIENTED_EDGE('',*,*,#3543,.T.);
#4594=ORIENTED_EDGE('',*,*,#3544,.F.);
#4595=ORIENTED_EDGE('',*,*,#3545,.F.);
#4596=ORIENTED_EDGE('',*,*,#3546,.T.);
#4597=ORIENTED_EDGE('',*,*,#3547,.T.);
#4598=ORIENTED_EDGE('',*,*,#3548,.T.);
#4599=ORIENTED_EDGE('',*,*,#3549,.F.);
#4600=ORIENTED_EDGE('',*,*,#3550,.F.);
#4601=ORIENTED_EDGE('',*,*,#3551,.T.);
#4602=ORIENTED_EDGE('',*,*,#3552,.T.);
#4603=ORIENTED_EDGE('',*,*,#3553,.T.);
#4604=ORIENTED_EDGE('',*,*,#3554,.T.);
#4605=ORIENTED_EDGE('',*,*,#3541,.F.);
#4606=ORIENTED_EDGE('',*,*,#3555,.F.);
#4607=ORIENTED_EDGE('',*,*,#3556,.T.);
#4608=ORIENTED_EDGE('',*,*,#3557,.F.);
#4609=ORIENTED_EDGE('',*,*,#3558,.T.);
#4610=ORIENTED_EDGE('',*,*,#3546,.F.);
#4611=ORIENTED_EDGE('',*,*,#3559,.F.);
#4612=ORIENTED_EDGE('',*,*,#3560,.T.);
#4613=ORIENTED_EDGE('',*,*,#3561,.F.);
#4614=ORIENTED_EDGE('',*,*,#3562,.T.);
#4615=ORIENTED_EDGE('',*,*,#3547,.F.);
#4616=ORIENTED_EDGE('',*,*,#3558,.F.);
#4617=ORIENTED_EDGE('',*,*,#3563,.F.);
#4618=ORIENTED_EDGE('',*,*,#3564,.F.);
#4619=ORIENTED_EDGE('',*,*,#3565,.F.);
#4620=ORIENTED_EDGE('',*,*,#3566,.F.);
#4621=ORIENTED_EDGE('',*,*,#3567,.F.);
#4622=ORIENTED_EDGE('',*,*,#3568,.F.);
#4623=ORIENTED_EDGE('',*,*,#3569,.T.);
#4624=ORIENTED_EDGE('',*,*,#3570,.F.);
#4625=ORIENTED_EDGE('',*,*,#3571,.T.);
#4626=ORIENTED_EDGE('',*,*,#3563,.T.);
#4627=ORIENTED_EDGE('',*,*,#3572,.F.);
#4628=ORIENTED_EDGE('',*,*,#3573,.F.);
#4629=ORIENTED_EDGE('',*,*,#3572,.T.);
#4630=ORIENTED_EDGE('',*,*,#3568,.T.);
#4631=ORIENTED_EDGE('',*,*,#3574,.F.);
#4632=ORIENTED_EDGE('',*,*,#3575,.F.);
#4633=ORIENTED_EDGE('',*,*,#3576,.T.);
#4634=ORIENTED_EDGE('',*,*,#3564,.T.);
#4635=ORIENTED_EDGE('',*,*,#3571,.F.);
#4636=ORIENTED_EDGE('',*,*,#3577,.F.);
#4637=ORIENTED_EDGE('',*,*,#3578,.T.);
#4638=ORIENTED_EDGE('',*,*,#3565,.T.);
#4639=ORIENTED_EDGE('',*,*,#3576,.F.);
#4640=ORIENTED_EDGE('',*,*,#3579,.F.);
#4641=ORIENTED_EDGE('',*,*,#3580,.T.);
#4642=ORIENTED_EDGE('',*,*,#3566,.T.);
#4643=ORIENTED_EDGE('',*,*,#3578,.F.);
#4644=ORIENTED_EDGE('',*,*,#3581,.F.);
#4645=ORIENTED_EDGE('',*,*,#3574,.T.);
#4646=ORIENTED_EDGE('',*,*,#3567,.T.);
#4647=ORIENTED_EDGE('',*,*,#3580,.F.);
#4648=ORIENTED_EDGE('',*,*,#3555,.T.);
#4649=ORIENTED_EDGE('',*,*,#3550,.T.);
#4650=ORIENTED_EDGE('',*,*,#3582,.F.);
#4651=ORIENTED_EDGE('',*,*,#3583,.F.);
#4652=ORIENTED_EDGE('',*,*,#3562,.F.);
#4653=ORIENTED_EDGE('',*,*,#3584,.T.);
#4654=ORIENTED_EDGE('',*,*,#3585,.F.);
#4655=ORIENTED_EDGE('',*,*,#3548,.F.);
#4656=ORIENTED_EDGE('',*,*,#3586,.T.);
#4657=ORIENTED_EDGE('',*,*,#3587,.F.);
#4658=ORIENTED_EDGE('',*,*,#3588,.F.);
#4659=ORIENTED_EDGE('',*,*,#3589,.T.);
#4660=ORIENTED_EDGE('',*,*,#3590,.T.);
#4661=ORIENTED_EDGE('',*,*,#3591,.F.);
#4662=ORIENTED_EDGE('',*,*,#3592,.T.);
#4663=ORIENTED_EDGE('',*,*,#3589,.F.);
#4664=ORIENTED_EDGE('',*,*,#3593,.F.);
#4665=ORIENTED_EDGE('',*,*,#3594,.T.);
#4666=ORIENTED_EDGE('',*,*,#3595,.T.);
#4667=ORIENTED_EDGE('',*,*,#3591,.T.);
#4668=ORIENTED_EDGE('',*,*,#3596,.T.);
#4669=ORIENTED_EDGE('',*,*,#3597,.T.);
#4670=ORIENTED_EDGE('',*,*,#3592,.F.);
#4671=ORIENTED_EDGE('',*,*,#3598,.T.);
#4672=ORIENTED_EDGE('',*,*,#3596,.F.);
#4673=ORIENTED_EDGE('',*,*,#3590,.F.);
#4674=ORIENTED_EDGE('',*,*,#3599,.T.);
#4675=ORIENTED_EDGE('',*,*,#3597,.F.);
#4676=ORIENTED_EDGE('',*,*,#3598,.F.);
#4677=ORIENTED_EDGE('',*,*,#3594,.F.);
#4678=ORIENTED_EDGE('',*,*,#3600,.F.);
#4679=ORIENTED_EDGE('',*,*,#3601,.T.);
#4680=ORIENTED_EDGE('',*,*,#3602,.T.);
#4681=ORIENTED_EDGE('',*,*,#3601,.F.);
#4682=ORIENTED_EDGE('',*,*,#3603,.T.);
#4683=ORIENTED_EDGE('',*,*,#3582,.T.);
#4684=ORIENTED_EDGE('',*,*,#3549,.T.);
#4685=ORIENTED_EDGE('',*,*,#3585,.T.);
#4686=ORIENTED_EDGE('',*,*,#3604,.T.);
#4687=ORIENTED_EDGE('',*,*,#3587,.T.);
#4688=ORIENTED_EDGE('',*,*,#3602,.F.);
#4689=ORIENTED_EDGE('',*,*,#3586,.F.);
#4690=ORIENTED_EDGE('',*,*,#3595,.F.);
#4691=ORIENTED_EDGE('',*,*,#3599,.F.);
#4692=ORIENTED_EDGE('',*,*,#3605,.T.);
#4693=ORIENTED_EDGE('',*,*,#3559,.T.);
#4694=ORIENTED_EDGE('',*,*,#3545,.T.);
#4695=ORIENTED_EDGE('',*,*,#3606,.F.);
#4696=ORIENTED_EDGE('',*,*,#3607,.T.);
#4697=ORIENTED_EDGE('',*,*,#3608,.T.);
#4698=ORIENTED_EDGE('',*,*,#3609,.T.);
#4699=ORIENTED_EDGE('',*,*,#3610,.T.);
#4700=ORIENTED_EDGE('',*,*,#3611,.T.);
#4701=ORIENTED_EDGE('',*,*,#3606,.T.);
#4702=ORIENTED_EDGE('',*,*,#3544,.T.);
#4703=ORIENTED_EDGE('',*,*,#3612,.T.);
#4704=ORIENTED_EDGE('',*,*,#3613,.T.);
#4705=ORIENTED_EDGE('',*,*,#3612,.F.);
#4706=ORIENTED_EDGE('',*,*,#3543,.F.);
#4707=ORIENTED_EDGE('',*,*,#3614,.F.);
#4708=ORIENTED_EDGE('',*,*,#3615,.F.);
#4709=ORIENTED_EDGE('',*,*,#3616,.T.);
#4710=ORIENTED_EDGE('',*,*,#3560,.F.);
#4711=ORIENTED_EDGE('',*,*,#3605,.F.);
#4712=ORIENTED_EDGE('',*,*,#3611,.F.);
#4713=ORIENTED_EDGE('',*,*,#3617,.F.);
#4714=ORIENTED_EDGE('',*,*,#3618,.T.);
#4715=ORIENTED_EDGE('',*,*,#3615,.T.);
#4716=ORIENTED_EDGE('',*,*,#3610,.F.);
#4717=ORIENTED_EDGE('',*,*,#3607,.F.);
#4718=ORIENTED_EDGE('',*,*,#3613,.F.);
#4719=ORIENTED_EDGE('',*,*,#3619,.F.);
#4720=ORIENTED_EDGE('',*,*,#3620,.T.);
#4721=ORIENTED_EDGE('',*,*,#3621,.F.);
#4722=ORIENTED_EDGE('',*,*,#3622,.F.);
#4723=ORIENTED_EDGE('',*,*,#3608,.F.);
#4724=ORIENTED_EDGE('',*,*,#3621,.T.);
#4725=ORIENTED_EDGE('',*,*,#3623,.T.);
#4726=ORIENTED_EDGE('',*,*,#3624,.F.);
#4727=ORIENTED_EDGE('',*,*,#3556,.F.);
#4728=ORIENTED_EDGE('',*,*,#3616,.F.);
#4729=ORIENTED_EDGE('',*,*,#3618,.F.);
#4730=ORIENTED_EDGE('',*,*,#3625,.T.);
#4731=ORIENTED_EDGE('',*,*,#3626,.F.);
#4732=ORIENTED_EDGE('',*,*,#3553,.F.);
#4733=ORIENTED_EDGE('',*,*,#3583,.T.);
#4734=ORIENTED_EDGE('',*,*,#3603,.F.);
#4735=ORIENTED_EDGE('',*,*,#3600,.T.);
#4736=ORIENTED_EDGE('',*,*,#3593,.T.);
#4737=ORIENTED_EDGE('',*,*,#3588,.T.);
#4738=ORIENTED_EDGE('',*,*,#3604,.F.);
#4739=ORIENTED_EDGE('',*,*,#3584,.F.);
#4740=ORIENTED_EDGE('',*,*,#3561,.T.);
#4741=ORIENTED_EDGE('',*,*,#3557,.T.);
#4742=ORIENTED_EDGE('',*,*,#3624,.T.);
#4743=ORIENTED_EDGE('',*,*,#3617,.T.);
#4744=ORIENTED_EDGE('',*,*,#3609,.F.);
#4745=ORIENTED_EDGE('',*,*,#3622,.T.);
#4746=ORIENTED_EDGE('',*,*,#3627,.T.);
#4747=ORIENTED_EDGE('',*,*,#3575,.T.);
#4748=ORIENTED_EDGE('',*,*,#3570,.T.);
#4749=ORIENTED_EDGE('',*,*,#3573,.T.);
#4750=ORIENTED_EDGE('',*,*,#3581,.T.);
#4751=ORIENTED_EDGE('',*,*,#3579,.T.);
#4752=ORIENTED_EDGE('',*,*,#3577,.T.);
#4753=ORIENTED_EDGE('',*,*,#3625,.F.);
#4754=ORIENTED_EDGE('',*,*,#3623,.F.);
#4755=ORIENTED_EDGE('',*,*,#3620,.F.);
#4756=ORIENTED_EDGE('',*,*,#3628,.F.);
#4757=ORIENTED_EDGE('',*,*,#3628,.T.);
#4758=ORIENTED_EDGE('',*,*,#3619,.T.);
#4759=ORIENTED_EDGE('',*,*,#3614,.T.);
#4760=ORIENTED_EDGE('',*,*,#3542,.F.);
#4761=ORIENTED_EDGE('',*,*,#3554,.F.);
#4762=ORIENTED_EDGE('',*,*,#3626,.T.);
#4763=ORIENTED_EDGE('',*,*,#3627,.F.);
#4764=ORIENTED_EDGE('',*,*,#3629,.T.);
#4765=ORIENTED_EDGE('',*,*,#3552,.F.);
#4766=ORIENTED_EDGE('',*,*,#3629,.F.);
#4767=ORIENTED_EDGE('',*,*,#3539,.F.);
#4768=ORIENTED_EDGE('',*,*,#3630,.T.);
#4769=ORIENTED_EDGE('',*,*,#3551,.F.);
#4770=ORIENTED_EDGE('',*,*,#3630,.F.);
#4771=ORIENTED_EDGE('',*,*,#3540,.F.);
#4772=ORIENTED_EDGE('',*,*,#3631,.T.);
#4773=ORIENTED_EDGE('',*,*,#3569,.F.);
#4774=ORIENTED_EDGE('',*,*,#3631,.F.);
#4775=ORIENTED_EDGE('',*,*,#3632,.T.);
#4776=ORIENTED_EDGE('',*,*,#3633,.T.);
#4777=ORIENTED_EDGE('',*,*,#3634,.T.);
#4778=ORIENTED_EDGE('',*,*,#3635,.T.);
#4779=ORIENTED_EDGE('',*,*,#3636,.T.);
#4780=ORIENTED_EDGE('',*,*,#3637,.T.);
#4781=ORIENTED_EDGE('',*,*,#3634,.F.);
#4782=ORIENTED_EDGE('',*,*,#3638,.T.);
#4783=ORIENTED_EDGE('',*,*,#3639,.T.);
#4784=ORIENTED_EDGE('',*,*,#3640,.T.);
#4785=ORIENTED_EDGE('',*,*,#3636,.F.);
#4786=ORIENTED_EDGE('',*,*,#3641,.T.);
#4787=ORIENTED_EDGE('',*,*,#3642,.T.);
#4788=ORIENTED_EDGE('',*,*,#3643,.T.);
#4789=ORIENTED_EDGE('',*,*,#3639,.F.);
#4790=ORIENTED_EDGE('',*,*,#3644,.T.);
#4791=ORIENTED_EDGE('',*,*,#3645,.T.);
#4792=ORIENTED_EDGE('',*,*,#3646,.T.);
#4793=ORIENTED_EDGE('',*,*,#3642,.F.);
#4794=ORIENTED_EDGE('',*,*,#3647,.T.);
#4795=ORIENTED_EDGE('',*,*,#3647,.F.);
#4796=ORIENTED_EDGE('',*,*,#3644,.F.);
#4797=ORIENTED_EDGE('',*,*,#3641,.F.);
#4798=ORIENTED_EDGE('',*,*,#3638,.F.);
#4799=ORIENTED_EDGE('',*,*,#3633,.F.);
#4800=ORIENTED_EDGE('',*,*,#3648,.F.);
#4801=ORIENTED_EDGE('',*,*,#3635,.F.);
#4802=ORIENTED_EDGE('',*,*,#3649,.F.);
#4803=ORIENTED_EDGE('',*,*,#3650,.F.);
#4804=ORIENTED_EDGE('',*,*,#3651,.F.);
#4805=ORIENTED_EDGE('',*,*,#3652,.T.);
#4806=ORIENTED_EDGE('',*,*,#3653,.T.);
#4807=ORIENTED_EDGE('',*,*,#3654,.T.);
#4808=ORIENTED_EDGE('',*,*,#3655,.T.);
#4809=ORIENTED_EDGE('',*,*,#3656,.T.);
#4810=ORIENTED_EDGE('',*,*,#3657,.T.);
#4811=ORIENTED_EDGE('',*,*,#3654,.F.);
#4812=ORIENTED_EDGE('',*,*,#3658,.T.);
#4813=ORIENTED_EDGE('',*,*,#3659,.T.);
#4814=ORIENTED_EDGE('',*,*,#3660,.T.);
#4815=ORIENTED_EDGE('',*,*,#3656,.F.);
#4816=ORIENTED_EDGE('',*,*,#3661,.T.);
#4817=ORIENTED_EDGE('',*,*,#3662,.T.);
#4818=ORIENTED_EDGE('',*,*,#3663,.T.);
#4819=ORIENTED_EDGE('',*,*,#3659,.F.);
#4820=ORIENTED_EDGE('',*,*,#3664,.T.);
#4821=ORIENTED_EDGE('',*,*,#3665,.T.);
#4822=ORIENTED_EDGE('',*,*,#3650,.T.);
#4823=ORIENTED_EDGE('',*,*,#3662,.F.);
#4824=ORIENTED_EDGE('',*,*,#3666,.T.);
#4825=ORIENTED_EDGE('',*,*,#3666,.F.);
#4826=ORIENTED_EDGE('',*,*,#3664,.F.);
#4827=ORIENTED_EDGE('',*,*,#3661,.F.);
#4828=ORIENTED_EDGE('',*,*,#3658,.F.);
#4829=ORIENTED_EDGE('',*,*,#3653,.F.);
#4830=ORIENTED_EDGE('',*,*,#3667,.F.);
#4831=ORIENTED_EDGE('',*,*,#3646,.F.);
#4832=ORIENTED_EDGE('',*,*,#3668,.F.);
#4833=ORIENTED_EDGE('',*,*,#3655,.F.);
#4834=ORIENTED_EDGE('',*,*,#3669,.F.);
#4835=ORIENTED_EDGE('',*,*,#3637,.F.);
#4836=ORIENTED_EDGE('',*,*,#3670,.T.);
#4837=ORIENTED_EDGE('',*,*,#3663,.F.);
#4838=ORIENTED_EDGE('',*,*,#3649,.T.);
#4839=ORIENTED_EDGE('',*,*,#3640,.F.);
#4840=ORIENTED_EDGE('',*,*,#3671,.F.);
#4841=ORIENTED_EDGE('',*,*,#3660,.F.);
#4842=ORIENTED_EDGE('',*,*,#3670,.F.);
#4843=ORIENTED_EDGE('',*,*,#3643,.F.);
#4844=ORIENTED_EDGE('',*,*,#3669,.T.);
#4845=ORIENTED_EDGE('',*,*,#3657,.F.);
#4846=ORIENTED_EDGE('',*,*,#3671,.T.);
#4847=ORIENTED_EDGE('',*,*,#3672,.F.);
#4848=ORIENTED_EDGE('',*,*,#3673,.T.);
#4849=ORIENTED_EDGE('',*,*,#3674,.F.);
#4850=ORIENTED_EDGE('',*,*,#3675,.T.);
#4851=ORIENTED_EDGE('',*,*,#3674,.T.);
#4852=ORIENTED_EDGE('',*,*,#3676,.F.);
#4853=ORIENTED_EDGE('',*,*,#3677,.T.);
#4854=ORIENTED_EDGE('',*,*,#3678,.F.);
#4855=ORIENTED_EDGE('',*,*,#3679,.T.);
#4856=ORIENTED_EDGE('',*,*,#3680,.T.);
#4857=ORIENTED_EDGE('',*,*,#3673,.F.);
#4858=ORIENTED_EDGE('',*,*,#3681,.T.);
#4859=ORIENTED_EDGE('',*,*,#3682,.F.);
#4860=ORIENTED_EDGE('',*,*,#3676,.T.);
#4861=ORIENTED_EDGE('',*,*,#3677,.F.);
#4862=ORIENTED_EDGE('',*,*,#3682,.T.);
#4863=ORIENTED_EDGE('',*,*,#3683,.F.);
#4864=ORIENTED_EDGE('',*,*,#3684,.T.);
#4865=ORIENTED_EDGE('',*,*,#3672,.T.);
#4866=ORIENTED_EDGE('',*,*,#3685,.F.);
#4867=ORIENTED_EDGE('',*,*,#3686,.T.);
#4868=ORIENTED_EDGE('',*,*,#3687,.T.);
#4869=ORIENTED_EDGE('',*,*,#3683,.T.);
#4870=ORIENTED_EDGE('',*,*,#3681,.F.);
#4871=ORIENTED_EDGE('',*,*,#3675,.F.);
#4872=ORIENTED_EDGE('',*,*,#3680,.F.);
#4873=ORIENTED_EDGE('',*,*,#3688,.T.);
#4874=ORIENTED_EDGE('',*,*,#3685,.T.);
#4875=ORIENTED_EDGE('',*,*,#3684,.F.);
#4876=ORIENTED_EDGE('',*,*,#3687,.F.);
#4877=ORIENTED_EDGE('',*,*,#3689,.T.);
#4878=ORIENTED_EDGE('',*,*,#3678,.T.);
#4879=ORIENTED_EDGE('',*,*,#3645,.F.);
#4880=ORIENTED_EDGE('',*,*,#3648,.T.);
#4881=ORIENTED_EDGE('',*,*,#3632,.F.);
#4882=ORIENTED_EDGE('',*,*,#3651,.T.);
#4883=ORIENTED_EDGE('',*,*,#3665,.F.);
#4884=ORIENTED_EDGE('',*,*,#3667,.T.);
#4885=ORIENTED_EDGE('',*,*,#3652,.F.);
#4886=ORIENTED_EDGE('',*,*,#3668,.T.);
#4887=ORIENTED_EDGE('',*,*,#3686,.F.);
#4888=ORIENTED_EDGE('',*,*,#3688,.F.);
#4889=ORIENTED_EDGE('',*,*,#3679,.F.);
#4890=ORIENTED_EDGE('',*,*,#3689,.F.);
#4891=ORIENTED_EDGE('',*,*,#3690,.F.);
#4892=ORIENTED_EDGE('',*,*,#3691,.T.);
#4893=ORIENTED_EDGE('',*,*,#3692,.T.);
#4894=ORIENTED_EDGE('',*,*,#3693,.F.);
#4895=ORIENTED_EDGE('',*,*,#3694,.F.);
#4896=ORIENTED_EDGE('',*,*,#3695,.T.);
#4897=ORIENTED_EDGE('',*,*,#3696,.T.);
#4898=ORIENTED_EDGE('',*,*,#3691,.F.);
#4899=ORIENTED_EDGE('',*,*,#3697,.F.);
#4900=ORIENTED_EDGE('',*,*,#3698,.T.);
#4901=ORIENTED_EDGE('',*,*,#3699,.T.);
#4902=ORIENTED_EDGE('',*,*,#3695,.F.);
#4903=ORIENTED_EDGE('',*,*,#3700,.F.);
#4904=ORIENTED_EDGE('',*,*,#3701,.T.);
#4905=ORIENTED_EDGE('',*,*,#3702,.T.);
#4906=ORIENTED_EDGE('',*,*,#3698,.F.);
#4907=ORIENTED_EDGE('',*,*,#3703,.F.);
#4908=ORIENTED_EDGE('',*,*,#3704,.T.);
#4909=ORIENTED_EDGE('',*,*,#3705,.T.);
#4910=ORIENTED_EDGE('',*,*,#3701,.F.);
#4911=ORIENTED_EDGE('',*,*,#3706,.F.);
#4912=ORIENTED_EDGE('',*,*,#3707,.T.);
#4913=ORIENTED_EDGE('',*,*,#3708,.T.);
#4914=ORIENTED_EDGE('',*,*,#3704,.F.);
#4915=ORIENTED_EDGE('',*,*,#3709,.F.);
#4916=ORIENTED_EDGE('',*,*,#3710,.T.);
#4917=ORIENTED_EDGE('',*,*,#3711,.T.);
#4918=ORIENTED_EDGE('',*,*,#3707,.F.);
#4919=ORIENTED_EDGE('',*,*,#3712,.F.);
#4920=ORIENTED_EDGE('',*,*,#3693,.T.);
#4921=ORIENTED_EDGE('',*,*,#3713,.T.);
#4922=ORIENTED_EDGE('',*,*,#3710,.F.);
#4923=ORIENTED_EDGE('',*,*,#3713,.F.);
#4924=ORIENTED_EDGE('',*,*,#3692,.F.);
#4925=ORIENTED_EDGE('',*,*,#3696,.F.);
#4926=ORIENTED_EDGE('',*,*,#3699,.F.);
#4927=ORIENTED_EDGE('',*,*,#3702,.F.);
#4928=ORIENTED_EDGE('',*,*,#3705,.F.);
#4929=ORIENTED_EDGE('',*,*,#3708,.F.);
#4930=ORIENTED_EDGE('',*,*,#3711,.F.);
#4931=ORIENTED_EDGE('',*,*,#3714,.T.);
#4932=ORIENTED_EDGE('',*,*,#3715,.T.);
#4933=ORIENTED_EDGE('',*,*,#3716,.T.);
#4934=ORIENTED_EDGE('',*,*,#3717,.T.);
#4935=ORIENTED_EDGE('',*,*,#3718,.T.);
#4936=ORIENTED_EDGE('',*,*,#3719,.T.);
#4937=ORIENTED_EDGE('',*,*,#3716,.F.);
#4938=ORIENTED_EDGE('',*,*,#3720,.T.);
#4939=ORIENTED_EDGE('',*,*,#3721,.T.);
#4940=ORIENTED_EDGE('',*,*,#3722,.T.);
#4941=ORIENTED_EDGE('',*,*,#3718,.F.);
#4942=ORIENTED_EDGE('',*,*,#3723,.T.);
#4943=ORIENTED_EDGE('',*,*,#3724,.T.);
#4944=ORIENTED_EDGE('',*,*,#3725,.T.);
#4945=ORIENTED_EDGE('',*,*,#3721,.F.);
#4946=ORIENTED_EDGE('',*,*,#3726,.T.);
#4947=ORIENTED_EDGE('',*,*,#3727,.T.);
#4948=ORIENTED_EDGE('',*,*,#3728,.T.);
#4949=ORIENTED_EDGE('',*,*,#3724,.F.);
#4950=ORIENTED_EDGE('',*,*,#3729,.T.);
#4951=ORIENTED_EDGE('',*,*,#3730,.T.);
#4952=ORIENTED_EDGE('',*,*,#3731,.T.);
#4953=ORIENTED_EDGE('',*,*,#3727,.F.);
#4954=ORIENTED_EDGE('',*,*,#3732,.T.);
#4955=ORIENTED_EDGE('',*,*,#3733,.T.);
#4956=ORIENTED_EDGE('',*,*,#3734,.T.);
#4957=ORIENTED_EDGE('',*,*,#3730,.F.);
#4958=ORIENTED_EDGE('',*,*,#3735,.T.);
#4959=ORIENTED_EDGE('',*,*,#3733,.F.);
#4960=ORIENTED_EDGE('',*,*,#3736,.T.);
#4961=ORIENTED_EDGE('',*,*,#3714,.F.);
#4962=ORIENTED_EDGE('',*,*,#3737,.T.);
#4963=ORIENTED_EDGE('',*,*,#3731,.F.);
#4964=ORIENTED_EDGE('',*,*,#3738,.F.);
#4965=ORIENTED_EDGE('',*,*,#3739,.F.);
#4966=ORIENTED_EDGE('',*,*,#3740,.F.);
#4967=ORIENTED_EDGE('',*,*,#3734,.F.);
#4968=ORIENTED_EDGE('',*,*,#3741,.T.);
#4969=ORIENTED_EDGE('',*,*,#3742,.F.);
#4970=ORIENTED_EDGE('',*,*,#3738,.T.);
#4971=ORIENTED_EDGE('',*,*,#3737,.F.);
#4972=ORIENTED_EDGE('',*,*,#3743,.F.);
#4973=ORIENTED_EDGE('',*,*,#3744,.F.);
#4974=ORIENTED_EDGE('',*,*,#3741,.F.);
#4975=ORIENTED_EDGE('',*,*,#3717,.F.);
#4976=ORIENTED_EDGE('',*,*,#3745,.T.);
#4977=ORIENTED_EDGE('',*,*,#3746,.F.);
#4978=ORIENTED_EDGE('',*,*,#3743,.T.);
#4979=ORIENTED_EDGE('',*,*,#3715,.F.);
#4980=ORIENTED_EDGE('',*,*,#3736,.F.);
#4981=ORIENTED_EDGE('',*,*,#3735,.F.);
#4982=ORIENTED_EDGE('',*,*,#3732,.F.);
#4983=ORIENTED_EDGE('',*,*,#3729,.F.);
#4984=ORIENTED_EDGE('',*,*,#3726,.F.);
#4985=ORIENTED_EDGE('',*,*,#3723,.F.);
#4986=ORIENTED_EDGE('',*,*,#3720,.F.);
#4987=ORIENTED_EDGE('',*,*,#3747,.T.);
#4988=ORIENTED_EDGE('',*,*,#3748,.T.);
#4989=ORIENTED_EDGE('',*,*,#3749,.T.);
#4990=ORIENTED_EDGE('',*,*,#3750,.T.);
#4991=ORIENTED_EDGE('',*,*,#3751,.T.);
#4992=ORIENTED_EDGE('',*,*,#3712,.T.);
#4993=ORIENTED_EDGE('',*,*,#3752,.T.);
#4994=ORIENTED_EDGE('',*,*,#3744,.T.);
#4995=ORIENTED_EDGE('',*,*,#3753,.T.);
#4996=ORIENTED_EDGE('',*,*,#3742,.T.);
#4997=ORIENTED_EDGE('',*,*,#3752,.F.);
#4998=ORIENTED_EDGE('',*,*,#3709,.T.);
#4999=ORIENTED_EDGE('',*,*,#3754,.T.);
#5000=ORIENTED_EDGE('',*,*,#3739,.T.);
#5001=ORIENTED_EDGE('',*,*,#3753,.F.);
#5002=ORIENTED_EDGE('',*,*,#3706,.T.);
#5003=ORIENTED_EDGE('',*,*,#3755,.T.);
#5004=ORIENTED_EDGE('',*,*,#3756,.T.);
#5005=ORIENTED_EDGE('',*,*,#3754,.F.);
#5006=ORIENTED_EDGE('',*,*,#3703,.T.);
#5007=ORIENTED_EDGE('',*,*,#3757,.T.);
#5008=ORIENTED_EDGE('',*,*,#3758,.T.);
#5009=ORIENTED_EDGE('',*,*,#3755,.F.);
#5010=ORIENTED_EDGE('',*,*,#3700,.T.);
#5011=ORIENTED_EDGE('',*,*,#3759,.T.);
#5012=ORIENTED_EDGE('',*,*,#3760,.T.);
#5013=ORIENTED_EDGE('',*,*,#3757,.F.);
#5014=ORIENTED_EDGE('',*,*,#3697,.T.);
#5015=ORIENTED_EDGE('',*,*,#3761,.T.);
#5016=ORIENTED_EDGE('',*,*,#3762,.T.);
#5017=ORIENTED_EDGE('',*,*,#3759,.F.);
#5018=ORIENTED_EDGE('',*,*,#3694,.T.);
#5019=ORIENTED_EDGE('',*,*,#3751,.F.);
#5020=ORIENTED_EDGE('',*,*,#3746,.T.);
#5021=ORIENTED_EDGE('',*,*,#3761,.F.);
#5022=ORIENTED_EDGE('',*,*,#3690,.T.);
#5023=ORIENTED_EDGE('',*,*,#3722,.F.);
#5024=ORIENTED_EDGE('',*,*,#3763,.T.);
#5025=ORIENTED_EDGE('',*,*,#3760,.F.);
#5026=ORIENTED_EDGE('',*,*,#3764,.T.);
#5027=ORIENTED_EDGE('',*,*,#3719,.F.);
#5028=ORIENTED_EDGE('',*,*,#3764,.F.);
#5029=ORIENTED_EDGE('',*,*,#3762,.F.);
#5030=ORIENTED_EDGE('',*,*,#3745,.F.);
#5031=ORIENTED_EDGE('',*,*,#3728,.F.);
#5032=ORIENTED_EDGE('',*,*,#3740,.T.);
#5033=ORIENTED_EDGE('',*,*,#3756,.F.);
#5034=ORIENTED_EDGE('',*,*,#3765,.T.);
#5035=ORIENTED_EDGE('',*,*,#3725,.F.);
#5036=ORIENTED_EDGE('',*,*,#3765,.F.);
#5037=ORIENTED_EDGE('',*,*,#3758,.F.);
#5038=ORIENTED_EDGE('',*,*,#3763,.F.);
#5039=ORIENTED_EDGE('',*,*,#3766,.F.);
#5040=ORIENTED_EDGE('',*,*,#3767,.T.);
#5041=ORIENTED_EDGE('',*,*,#3768,.F.);
#5042=ORIENTED_EDGE('',*,*,#3767,.F.);
#5043=ORIENTED_EDGE('',*,*,#3769,.F.);
#5044=ORIENTED_EDGE('',*,*,#3770,.T.);
#5045=ORIENTED_EDGE('',*,*,#3771,.F.);
#5046=ORIENTED_EDGE('',*,*,#3770,.F.);
#5047=ORIENTED_EDGE('',*,*,#3772,.T.);
#5048=ORIENTED_EDGE('',*,*,#3773,.T.);
#5049=ORIENTED_EDGE('',*,*,#3774,.T.);
#5050=ORIENTED_EDGE('',*,*,#3775,.T.);
#5051=ORIENTED_EDGE('',*,*,#3776,.T.);
#5052=ORIENTED_EDGE('',*,*,#3777,.T.);
#5053=ORIENTED_EDGE('',*,*,#3778,.T.);
#5054=ORIENTED_EDGE('',*,*,#3779,.T.);
#5055=ORIENTED_EDGE('',*,*,#3780,.T.);
#5056=ORIENTED_EDGE('',*,*,#3781,.T.);
#5057=ORIENTED_EDGE('',*,*,#3775,.F.);
#5058=ORIENTED_EDGE('',*,*,#3782,.F.);
#5059=ORIENTED_EDGE('',*,*,#3748,.F.);
#5060=ORIENTED_EDGE('',*,*,#3783,.T.);
#5061=ORIENTED_EDGE('',*,*,#3774,.F.);
#5062=ORIENTED_EDGE('',*,*,#3784,.F.);
#5063=ORIENTED_EDGE('',*,*,#3785,.F.);
#5064=ORIENTED_EDGE('',*,*,#3786,.F.);
#5065=ORIENTED_EDGE('',*,*,#3749,.F.);
#5066=ORIENTED_EDGE('',*,*,#3782,.T.);
#5067=ORIENTED_EDGE('',*,*,#3771,.T.);
#5068=ORIENTED_EDGE('',*,*,#3773,.F.);
#5069=ORIENTED_EDGE('',*,*,#3787,.T.);
#5070=ORIENTED_EDGE('',*,*,#3788,.F.);
#5071=ORIENTED_EDGE('',*,*,#3784,.T.);
#5072=ORIENTED_EDGE('',*,*,#3772,.F.);
#5073=ORIENTED_EDGE('',*,*,#3789,.F.);
#5074=ORIENTED_EDGE('',*,*,#3790,.F.);
#5075=ORIENTED_EDGE('',*,*,#3791,.F.);
#5076=ORIENTED_EDGE('',*,*,#3792,.F.);
#5077=ORIENTED_EDGE('',*,*,#3787,.F.);
#5078=ORIENTED_EDGE('',*,*,#3769,.T.);
#5079=ORIENTED_EDGE('',*,*,#3781,.F.);
#5080=ORIENTED_EDGE('',*,*,#3793,.T.);
#5081=ORIENTED_EDGE('',*,*,#3794,.F.);
#5082=ORIENTED_EDGE('',*,*,#3789,.T.);
#5083=ORIENTED_EDGE('',*,*,#3795,.T.);
#5084=ORIENTED_EDGE('',*,*,#3796,.T.);
#5085=ORIENTED_EDGE('',*,*,#3797,.T.);
#5086=ORIENTED_EDGE('',*,*,#3798,.T.);
#5087=ORIENTED_EDGE('',*,*,#3785,.T.);
#5088=ORIENTED_EDGE('',*,*,#3788,.T.);
#5089=ORIENTED_EDGE('',*,*,#3792,.T.);
#5090=ORIENTED_EDGE('',*,*,#3799,.T.);
#5091=ORIENTED_EDGE('',*,*,#3800,.T.);
#5092=ORIENTED_EDGE('',*,*,#3801,.T.);
#5093=ORIENTED_EDGE('',*,*,#3798,.F.);
#5094=ORIENTED_EDGE('',*,*,#3802,.F.);
#5095=ORIENTED_EDGE('',*,*,#3750,.F.);
#5096=ORIENTED_EDGE('',*,*,#3786,.T.);
#5097=ORIENTED_EDGE('',*,*,#3776,.F.);
#5098=ORIENTED_EDGE('',*,*,#3783,.F.);
#5099=ORIENTED_EDGE('',*,*,#3747,.F.);
#5100=ORIENTED_EDGE('',*,*,#3802,.T.);
#5101=ORIENTED_EDGE('',*,*,#3797,.F.);
#5102=ORIENTED_EDGE('',*,*,#3803,.F.);
#5103=ORIENTED_EDGE('',*,*,#3766,.T.);
#5104=ORIENTED_EDGE('',*,*,#3778,.F.);
#5105=ORIENTED_EDGE('',*,*,#3804,.F.);
#5106=ORIENTED_EDGE('',*,*,#3795,.F.);
#5107=ORIENTED_EDGE('',*,*,#3805,.F.);
#5108=ORIENTED_EDGE('',*,*,#3806,.F.);
#5109=ORIENTED_EDGE('',*,*,#3807,.F.);
#5110=ORIENTED_EDGE('',*,*,#3768,.T.);
#5111=ORIENTED_EDGE('',*,*,#3801,.F.);
#5112=ORIENTED_EDGE('',*,*,#3808,.T.);
#5113=ORIENTED_EDGE('',*,*,#3809,.F.);
#5114=ORIENTED_EDGE('',*,*,#3805,.T.);
#5115=ORIENTED_EDGE('',*,*,#3780,.F.);
#5116=ORIENTED_EDGE('',*,*,#3810,.F.);
#5117=ORIENTED_EDGE('',*,*,#3811,.F.);
#5118=ORIENTED_EDGE('',*,*,#3793,.F.);
#5119=ORIENTED_EDGE('',*,*,#3799,.F.);
#5120=ORIENTED_EDGE('',*,*,#3791,.T.);
#5121=ORIENTED_EDGE('',*,*,#3812,.F.);
#5122=ORIENTED_EDGE('',*,*,#3813,.T.);
#5123=ORIENTED_EDGE('',*,*,#3800,.F.);
#5124=ORIENTED_EDGE('',*,*,#3813,.F.);
#5125=ORIENTED_EDGE('',*,*,#3814,.F.);
#5126=ORIENTED_EDGE('',*,*,#3808,.F.);
#5127=ORIENTED_EDGE('',*,*,#3779,.F.);
#5128=ORIENTED_EDGE('',*,*,#3807,.T.);
#5129=ORIENTED_EDGE('',*,*,#3815,.F.);
#5130=ORIENTED_EDGE('',*,*,#3810,.T.);
#5131=ORIENTED_EDGE('',*,*,#3777,.F.);
#5132=ORIENTED_EDGE('',*,*,#3803,.T.);
#5133=ORIENTED_EDGE('',*,*,#3796,.F.);
#5134=ORIENTED_EDGE('',*,*,#3804,.T.);
#5135=ORIENTED_EDGE('',*,*,#3794,.T.);
#5136=ORIENTED_EDGE('',*,*,#3811,.T.);
#5137=ORIENTED_EDGE('',*,*,#3815,.T.);
#5138=ORIENTED_EDGE('',*,*,#3806,.T.);
#5139=ORIENTED_EDGE('',*,*,#3809,.T.);
#5140=ORIENTED_EDGE('',*,*,#3814,.T.);
#5141=ORIENTED_EDGE('',*,*,#3812,.T.);
#5142=ORIENTED_EDGE('',*,*,#3790,.T.);
#5143=ORIENTED_EDGE('',*,*,#3816,.T.);
#5144=ORIENTED_EDGE('',*,*,#3817,.T.);
#5145=ORIENTED_EDGE('',*,*,#3818,.T.);
#5146=ORIENTED_EDGE('',*,*,#3819,.T.);
#5147=ORIENTED_EDGE('',*,*,#3818,.F.);
#5148=ORIENTED_EDGE('',*,*,#3820,.T.);
#5149=ORIENTED_EDGE('',*,*,#3821,.F.);
#5150=ORIENTED_EDGE('',*,*,#3822,.T.);
#5151=ORIENTED_EDGE('',*,*,#3817,.F.);
#5152=ORIENTED_EDGE('',*,*,#3823,.F.);
#5153=ORIENTED_EDGE('',*,*,#3824,.F.);
#5154=ORIENTED_EDGE('',*,*,#3820,.F.);
#5155=ORIENTED_EDGE('',*,*,#3825,.T.);
#5156=ORIENTED_EDGE('',*,*,#3826,.T.);
#5157=ORIENTED_EDGE('',*,*,#3826,.F.);
#5158=ORIENTED_EDGE('',*,*,#3827,.T.);
#5159=ORIENTED_EDGE('',*,*,#3828,.T.);
#5160=ORIENTED_EDGE('',*,*,#3827,.F.);
#5161=ORIENTED_EDGE('',*,*,#3828,.F.);
#5162=ORIENTED_EDGE('',*,*,#3829,.F.);
#5163=ORIENTED_EDGE('',*,*,#3825,.F.);
#5164=ORIENTED_EDGE('',*,*,#3830,.T.);
#5165=ORIENTED_EDGE('',*,*,#3831,.T.);
#5166=ORIENTED_EDGE('',*,*,#3830,.F.);
#5167=ORIENTED_EDGE('',*,*,#3831,.F.);
#5168=ORIENTED_EDGE('',*,*,#3832,.F.);
#5169=ORIENTED_EDGE('',*,*,#3833,.F.);
#5170=ORIENTED_EDGE('',*,*,#3834,.T.);
#5171=ORIENTED_EDGE('',*,*,#3832,.T.);
#5172=ORIENTED_EDGE('',*,*,#3834,.F.);
#5173=ORIENTED_EDGE('',*,*,#3835,.F.);
#5174=ORIENTED_EDGE('',*,*,#3836,.T.);
#5175=ORIENTED_EDGE('',*,*,#3829,.T.);
#5176=ORIENTED_EDGE('',*,*,#3836,.F.);
#5177=ORIENTED_EDGE('',*,*,#3821,.T.);
#5178=ORIENTED_EDGE('',*,*,#3824,.T.);
#5179=ORIENTED_EDGE('',*,*,#3837,.F.);
#5180=ORIENTED_EDGE('',*,*,#3838,.F.);
#5181=ORIENTED_EDGE('',*,*,#3833,.T.);
#5182=ORIENTED_EDGE('',*,*,#3835,.T.);
#5183=ORIENTED_EDGE('',*,*,#3819,.F.);
#5184=ORIENTED_EDGE('',*,*,#3822,.F.);
#5185=ORIENTED_EDGE('',*,*,#3838,.T.);
#5186=ORIENTED_EDGE('',*,*,#3839,.F.);
#5187=ORIENTED_EDGE('',*,*,#3816,.F.);
#5188=ORIENTED_EDGE('',*,*,#3839,.T.);
#5189=ORIENTED_EDGE('',*,*,#3837,.T.);
#5190=ORIENTED_EDGE('',*,*,#3823,.T.);
#5191=ORIENTED_EDGE('',*,*,#3840,.T.);
#5192=ORIENTED_EDGE('',*,*,#3841,.T.);
#5193=ORIENTED_EDGE('',*,*,#3842,.T.);
#5194=ORIENTED_EDGE('',*,*,#3843,.T.);
#5195=ORIENTED_EDGE('',*,*,#3844,.T.);
#5196=ORIENTED_EDGE('',*,*,#3845,.T.);
#5197=ORIENTED_EDGE('',*,*,#3846,.T.);
#5198=ORIENTED_EDGE('',*,*,#3847,.T.);
#5199=ORIENTED_EDGE('',*,*,#3848,.T.);
#5200=ORIENTED_EDGE('',*,*,#3849,.T.);
#5201=ORIENTED_EDGE('',*,*,#3850,.T.);
#5202=ORIENTED_EDGE('',*,*,#3851,.T.);
#5203=ORIENTED_EDGE('',*,*,#3852,.T.);
#5204=ORIENTED_EDGE('',*,*,#3853,.T.);
#5205=ORIENTED_EDGE('',*,*,#3854,.T.);
#5206=ORIENTED_EDGE('',*,*,#3855,.T.);
#5207=ORIENTED_EDGE('',*,*,#3848,.F.);
#5208=ORIENTED_EDGE('',*,*,#3856,.T.);
#5209=ORIENTED_EDGE('',*,*,#3842,.F.);
#5210=ORIENTED_EDGE('',*,*,#3857,.T.);
#5211=ORIENTED_EDGE('',*,*,#3858,.T.);
#5212=ORIENTED_EDGE('',*,*,#3859,.T.);
#5213=ORIENTED_EDGE('',*,*,#3860,.T.);
#5214=ORIENTED_EDGE('',*,*,#3859,.F.);
#5215=ORIENTED_EDGE('',*,*,#3861,.T.);
#5216=ORIENTED_EDGE('',*,*,#3846,.F.);
#5217=ORIENTED_EDGE('',*,*,#3850,.F.);
#5218=ORIENTED_EDGE('',*,*,#3862,.T.);
#5219=ORIENTED_EDGE('',*,*,#3863,.T.);
#5220=ORIENTED_EDGE('',*,*,#3864,.T.);
#5221=ORIENTED_EDGE('',*,*,#3865,.F.);
#5222=ORIENTED_EDGE('',*,*,#3866,.T.);
#5223=ORIENTED_EDGE('',*,*,#3840,.F.);
#5224=ORIENTED_EDGE('',*,*,#3867,.F.);
#5225=ORIENTED_EDGE('',*,*,#3868,.F.);
#5226=ORIENTED_EDGE('',*,*,#3869,.F.);
#5227=ORIENTED_EDGE('',*,*,#3870,.T.);
#5228=ORIENTED_EDGE('',*,*,#3871,.F.);
#5229=ORIENTED_EDGE('',*,*,#3872,.T.);
#5230=ORIENTED_EDGE('',*,*,#3843,.F.);
#5231=ORIENTED_EDGE('',*,*,#3873,.F.);
#5232=ORIENTED_EDGE('',*,*,#3874,.F.);
#5233=ORIENTED_EDGE('',*,*,#3867,.T.);
#5234=ORIENTED_EDGE('',*,*,#3856,.F.);
#5235=ORIENTED_EDGE('',*,*,#3875,.T.);
#5236=ORIENTED_EDGE('',*,*,#3876,.F.);
#5237=ORIENTED_EDGE('',*,*,#3873,.T.);
#5238=ORIENTED_EDGE('',*,*,#3845,.F.);
#5239=ORIENTED_EDGE('',*,*,#3877,.F.);
#5240=ORIENTED_EDGE('',*,*,#3878,.T.);
#5241=ORIENTED_EDGE('',*,*,#3879,.T.);
#5242=ORIENTED_EDGE('',*,*,#3860,.F.);
#5243=ORIENTED_EDGE('',*,*,#3853,.F.);
#5244=ORIENTED_EDGE('',*,*,#3880,.F.);
#5245=ORIENTED_EDGE('',*,*,#3881,.T.);
#5246=ORIENTED_EDGE('',*,*,#3882,.T.);
#5247=ORIENTED_EDGE('',*,*,#3883,.T.);
#5248=ORIENTED_EDGE('',*,*,#3884,.F.);
#5249=ORIENTED_EDGE('',*,*,#3849,.F.);
#5250=ORIENTED_EDGE('',*,*,#3841,.F.);
#5251=ORIENTED_EDGE('',*,*,#3871,.T.);
#5252=ORIENTED_EDGE('',*,*,#3885,.T.);
#5253=ORIENTED_EDGE('',*,*,#3862,.F.);
#5254=ORIENTED_EDGE('',*,*,#3847,.F.);
#5255=ORIENTED_EDGE('',*,*,#3886,.F.);
#5256=ORIENTED_EDGE('',*,*,#3887,.F.);
#5257=ORIENTED_EDGE('',*,*,#3875,.F.);
#5258=ORIENTED_EDGE('',*,*,#3888,.T.);
#5259=ORIENTED_EDGE('',*,*,#3889,.T.);
#5260=ORIENTED_EDGE('',*,*,#3861,.F.);
#5261=ORIENTED_EDGE('',*,*,#3890,.T.);
#5262=ORIENTED_EDGE('',*,*,#3891,.T.);
#5263=ORIENTED_EDGE('',*,*,#3886,.T.);
#5264=ORIENTED_EDGE('',*,*,#3858,.F.);
#5265=ORIENTED_EDGE('',*,*,#3892,.T.);
#5266=ORIENTED_EDGE('',*,*,#3893,.F.);
#5267=ORIENTED_EDGE('',*,*,#3890,.F.);
#5268=ORIENTED_EDGE('',*,*,#3894,.T.);
#5269=ORIENTED_EDGE('',*,*,#3895,.T.);
#5270=ORIENTED_EDGE('',*,*,#3896,.T.);
#5271=ORIENTED_EDGE('',*,*,#3893,.T.);
#5272=ORIENTED_EDGE('',*,*,#3896,.F.);
#5273=ORIENTED_EDGE('',*,*,#3897,.T.);
#5274=ORIENTED_EDGE('',*,*,#3891,.F.);
#5275=ORIENTED_EDGE('',*,*,#3897,.F.);
#5276=ORIENTED_EDGE('',*,*,#3898,.T.);
#5277=ORIENTED_EDGE('',*,*,#3899,.T.);
#5278=ORIENTED_EDGE('',*,*,#3900,.T.);
#5279=ORIENTED_EDGE('',*,*,#3901,.T.);
#5280=ORIENTED_EDGE('',*,*,#3902,.T.);
#5281=ORIENTED_EDGE('',*,*,#3903,.T.);
#5282=ORIENTED_EDGE('',*,*,#3904,.T.);
#5283=ORIENTED_EDGE('',*,*,#3865,.T.);
#5284=ORIENTED_EDGE('',*,*,#3905,.T.);
#5285=ORIENTED_EDGE('',*,*,#3906,.T.);
#5286=ORIENTED_EDGE('',*,*,#3887,.T.);
#5287=ORIENTED_EDGE('',*,*,#3895,.F.);
#5288=ORIENTED_EDGE('',*,*,#3907,.T.);
#5289=ORIENTED_EDGE('',*,*,#3908,.T.);
#5290=ORIENTED_EDGE('',*,*,#3909,.F.);
#5291=ORIENTED_EDGE('',*,*,#3898,.F.);
#5292=ORIENTED_EDGE('',*,*,#3868,.T.);
#5293=ORIENTED_EDGE('',*,*,#3874,.T.);
#5294=ORIENTED_EDGE('',*,*,#3910,.T.);
#5295=ORIENTED_EDGE('',*,*,#3911,.T.);
#5296=ORIENTED_EDGE('',*,*,#3910,.F.);
#5297=ORIENTED_EDGE('',*,*,#3876,.T.);
#5298=ORIENTED_EDGE('',*,*,#3906,.F.);
#5299=ORIENTED_EDGE('',*,*,#3855,.F.);
#5300=ORIENTED_EDGE('',*,*,#3912,.F.);
#5301=ORIENTED_EDGE('',*,*,#3900,.F.);
#5302=ORIENTED_EDGE('',*,*,#3913,.F.);
#5303=ORIENTED_EDGE('',*,*,#3844,.F.);
#5304=ORIENTED_EDGE('',*,*,#3913,.T.);
#5305=ORIENTED_EDGE('',*,*,#3899,.F.);
#5306=ORIENTED_EDGE('',*,*,#3909,.T.);
#5307=ORIENTED_EDGE('',*,*,#3914,.T.);
#5308=ORIENTED_EDGE('',*,*,#3877,.T.);
#5309=ORIENTED_EDGE('',*,*,#3905,.F.);
#5310=ORIENTED_EDGE('',*,*,#3864,.F.);
#5311=ORIENTED_EDGE('',*,*,#3915,.T.);
#5312=ORIENTED_EDGE('',*,*,#3869,.T.);
#5313=ORIENTED_EDGE('',*,*,#3911,.F.);
#5314=ORIENTED_EDGE('',*,*,#3888,.F.);
#5315=ORIENTED_EDGE('',*,*,#3916,.T.);
#5316=ORIENTED_EDGE('',*,*,#3872,.F.);
#5317=ORIENTED_EDGE('',*,*,#3916,.F.);
#5318=ORIENTED_EDGE('',*,*,#3889,.F.);
#5319=ORIENTED_EDGE('',*,*,#3917,.T.);
#5320=ORIENTED_EDGE('',*,*,#3918,.F.);
#5321=ORIENTED_EDGE('',*,*,#3917,.F.);
#5322=ORIENTED_EDGE('',*,*,#3851,.F.);
#5323=ORIENTED_EDGE('',*,*,#3866,.F.);
#5324=ORIENTED_EDGE('',*,*,#3904,.F.);
#5325=ORIENTED_EDGE('',*,*,#3919,.F.);
#5326=ORIENTED_EDGE('',*,*,#3852,.F.);
#5327=ORIENTED_EDGE('',*,*,#3919,.T.);
#5328=ORIENTED_EDGE('',*,*,#3903,.F.);
#5329=ORIENTED_EDGE('',*,*,#3920,.T.);
#5330=ORIENTED_EDGE('',*,*,#3921,.T.);
#5331=ORIENTED_EDGE('',*,*,#3880,.T.);
#5332=ORIENTED_EDGE('',*,*,#3921,.F.);
#5333=ORIENTED_EDGE('',*,*,#3922,.F.);
#5334=ORIENTED_EDGE('',*,*,#3923,.F.);
#5335=ORIENTED_EDGE('',*,*,#3881,.F.);
#5336=ORIENTED_EDGE('',*,*,#3914,.F.);
#5337=ORIENTED_EDGE('',*,*,#3908,.F.);
#5338=ORIENTED_EDGE('',*,*,#3924,.F.);
#5339=ORIENTED_EDGE('',*,*,#3878,.F.);
#5340=ORIENTED_EDGE('',*,*,#3854,.F.);
#5341=ORIENTED_EDGE('',*,*,#3884,.T.);
#5342=ORIENTED_EDGE('',*,*,#3925,.T.);
#5343=ORIENTED_EDGE('',*,*,#3926,.T.);
#5344=ORIENTED_EDGE('',*,*,#3901,.F.);
#5345=ORIENTED_EDGE('',*,*,#3912,.T.);
#5346=ORIENTED_EDGE('',*,*,#3863,.F.);
#5347=ORIENTED_EDGE('',*,*,#3885,.F.);
#5348=ORIENTED_EDGE('',*,*,#3870,.F.);
#5349=ORIENTED_EDGE('',*,*,#3915,.F.);
#5350=ORIENTED_EDGE('',*,*,#3925,.F.);
#5351=ORIENTED_EDGE('',*,*,#3883,.F.);
#5352=ORIENTED_EDGE('',*,*,#3927,.F.);
#5353=ORIENTED_EDGE('',*,*,#3928,.F.);
#5354=ORIENTED_EDGE('',*,*,#3857,.F.);
#5355=ORIENTED_EDGE('',*,*,#3879,.F.);
#5356=ORIENTED_EDGE('',*,*,#3924,.T.);
#5357=ORIENTED_EDGE('',*,*,#3907,.F.);
#5358=ORIENTED_EDGE('',*,*,#3894,.F.);
#5359=ORIENTED_EDGE('',*,*,#3892,.F.);
#5360=ORIENTED_EDGE('',*,*,#3918,.T.);
#5361=ORIENTED_EDGE('',*,*,#3923,.T.);
#5362=ORIENTED_EDGE('',*,*,#3929,.F.);
#5363=ORIENTED_EDGE('',*,*,#3927,.T.);
#5364=ORIENTED_EDGE('',*,*,#3882,.F.);
#5365=ORIENTED_EDGE('',*,*,#3902,.F.);
#5366=ORIENTED_EDGE('',*,*,#3926,.F.);
#5367=ORIENTED_EDGE('',*,*,#3928,.T.);
#5368=ORIENTED_EDGE('',*,*,#3929,.T.);
#5369=ORIENTED_EDGE('',*,*,#3922,.T.);
#5370=ORIENTED_EDGE('',*,*,#3920,.F.);
#5371=ORIENTED_EDGE('',*,*,#3930,.T.);
#5372=ORIENTED_EDGE('',*,*,#3931,.T.);
#5373=ORIENTED_EDGE('',*,*,#3932,.T.);
#5374=ORIENTED_EDGE('',*,*,#3933,.T.);
#5375=ORIENTED_EDGE('',*,*,#3932,.F.);
#5376=ORIENTED_EDGE('',*,*,#3934,.T.);
#5377=ORIENTED_EDGE('',*,*,#3935,.T.);
#5378=ORIENTED_EDGE('',*,*,#3936,.T.);
#5379=ORIENTED_EDGE('',*,*,#3937,.T.);
#5380=ORIENTED_EDGE('',*,*,#3938,.T.);
#5381=ORIENTED_EDGE('',*,*,#3939,.T.);
#5382=ORIENTED_EDGE('',*,*,#3940,.T.);
#5383=ORIENTED_EDGE('',*,*,#3936,.F.);
#5384=ORIENTED_EDGE('',*,*,#3941,.T.);
#5385=ORIENTED_EDGE('',*,*,#3939,.F.);
#5386=ORIENTED_EDGE('',*,*,#3942,.T.);
#5387=ORIENTED_EDGE('',*,*,#3930,.F.);
#5388=ORIENTED_EDGE('',*,*,#3931,.F.);
#5389=ORIENTED_EDGE('',*,*,#3943,.F.);
#5390=ORIENTED_EDGE('',*,*,#3944,.F.);
#5391=ORIENTED_EDGE('',*,*,#3945,.F.);
#5392=ORIENTED_EDGE('',*,*,#3946,.F.);
#5393=ORIENTED_EDGE('',*,*,#3947,.F.);
#5394=ORIENTED_EDGE('',*,*,#3948,.F.);
#5395=ORIENTED_EDGE('',*,*,#3942,.F.);
#5396=ORIENTED_EDGE('',*,*,#3949,.T.);
#5397=ORIENTED_EDGE('',*,*,#3950,.T.);
#5398=ORIENTED_EDGE('',*,*,#3943,.T.);
#5399=ORIENTED_EDGE('',*,*,#3941,.F.);
#5400=ORIENTED_EDGE('',*,*,#3951,.F.);
#5401=ORIENTED_EDGE('',*,*,#3952,.F.);
#5402=ORIENTED_EDGE('',*,*,#3953,.F.);
#5403=ORIENTED_EDGE('',*,*,#3954,.F.);
#5404=ORIENTED_EDGE('',*,*,#3955,.F.);
#5405=ORIENTED_EDGE('',*,*,#3956,.F.);
#5406=ORIENTED_EDGE('',*,*,#3957,.F.);
#5407=ORIENTED_EDGE('',*,*,#3958,.F.);
#5408=ORIENTED_EDGE('',*,*,#3959,.F.);
#5409=ORIENTED_EDGE('',*,*,#3949,.F.);
#5410=ORIENTED_EDGE('',*,*,#3938,.F.);
#5411=ORIENTED_EDGE('',*,*,#3960,.T.);
#5412=ORIENTED_EDGE('',*,*,#3961,.T.);
#5413=ORIENTED_EDGE('',*,*,#3951,.T.);
#5414=ORIENTED_EDGE('',*,*,#3937,.F.);
#5415=ORIENTED_EDGE('',*,*,#3962,.T.);
#5416=ORIENTED_EDGE('',*,*,#3963,.F.);
#5417=ORIENTED_EDGE('',*,*,#3964,.T.);
#5418=ORIENTED_EDGE('',*,*,#3965,.T.);
#5419=ORIENTED_EDGE('',*,*,#3966,.T.);
#5420=ORIENTED_EDGE('',*,*,#3967,.T.);
#5421=ORIENTED_EDGE('',*,*,#3968,.T.);
#5422=ORIENTED_EDGE('',*,*,#3969,.T.);
#5423=ORIENTED_EDGE('',*,*,#3970,.T.);
#5424=ORIENTED_EDGE('',*,*,#3967,.F.);
#5425=ORIENTED_EDGE('',*,*,#3971,.T.);
#5426=ORIENTED_EDGE('',*,*,#3963,.T.);
#5427=ORIENTED_EDGE('',*,*,#3972,.T.);
#5428=ORIENTED_EDGE('',*,*,#3969,.F.);
#5429=ORIENTED_EDGE('',*,*,#3973,.T.);
#5430=ORIENTED_EDGE('',*,*,#3974,.T.);
#5431=ORIENTED_EDGE('',*,*,#3952,.T.);
#5432=ORIENTED_EDGE('',*,*,#3961,.F.);
#5433=ORIENTED_EDGE('',*,*,#3975,.T.);
#5434=ORIENTED_EDGE('',*,*,#3976,.T.);
#5435=ORIENTED_EDGE('',*,*,#3953,.T.);
#5436=ORIENTED_EDGE('',*,*,#3974,.F.);
#5437=ORIENTED_EDGE('',*,*,#3977,.T.);
#5438=ORIENTED_EDGE('',*,*,#3978,.T.);
#5439=ORIENTED_EDGE('',*,*,#3954,.T.);
#5440=ORIENTED_EDGE('',*,*,#3976,.F.);
#5441=ORIENTED_EDGE('',*,*,#3979,.T.);
#5442=ORIENTED_EDGE('',*,*,#3965,.F.);
#5443=ORIENTED_EDGE('',*,*,#3980,.T.);
#5444=ORIENTED_EDGE('',*,*,#3978,.F.);
#5445=ORIENTED_EDGE('',*,*,#3980,.F.);
#5446=ORIENTED_EDGE('',*,*,#3981,.T.);
#5447=ORIENTED_EDGE('',*,*,#3982,.T.);
#5448=ORIENTED_EDGE('',*,*,#3955,.T.);
#5449=ORIENTED_EDGE('',*,*,#3960,.F.);
#5450=ORIENTED_EDGE('',*,*,#3964,.F.);
#5451=ORIENTED_EDGE('',*,*,#3983,.F.);
#5452=ORIENTED_EDGE('',*,*,#3984,.F.);
#5453=ORIENTED_EDGE('',*,*,#3985,.F.);
#5454=ORIENTED_EDGE('',*,*,#3986,.F.);
#5455=ORIENTED_EDGE('',*,*,#3987,.F.);
#5456=ORIENTED_EDGE('',*,*,#3973,.F.);
#5457=ORIENTED_EDGE('',*,*,#3988,.F.);
#5458=ORIENTED_EDGE('',*,*,#3989,.F.);
#5459=ORIENTED_EDGE('',*,*,#3983,.T.);
#5460=ORIENTED_EDGE('',*,*,#3971,.F.);
#5461=ORIENTED_EDGE('',*,*,#3990,.T.);
#5462=ORIENTED_EDGE('',*,*,#3991,.F.);
#5463=ORIENTED_EDGE('',*,*,#3988,.T.);
#5464=ORIENTED_EDGE('',*,*,#3992,.T.);
#5465=ORIENTED_EDGE('',*,*,#3993,.T.);
#5466=ORIENTED_EDGE('',*,*,#3950,.F.);
#5467=ORIENTED_EDGE('',*,*,#3959,.T.);
#5468=ORIENTED_EDGE('',*,*,#3994,.T.);
#5469=ORIENTED_EDGE('',*,*,#3995,.T.);
#5470=ORIENTED_EDGE('',*,*,#3992,.F.);
#5471=ORIENTED_EDGE('',*,*,#3958,.T.);
#5472=ORIENTED_EDGE('',*,*,#3996,.T.);
#5473=ORIENTED_EDGE('',*,*,#3997,.T.);
#5474=ORIENTED_EDGE('',*,*,#3994,.F.);
#5475=ORIENTED_EDGE('',*,*,#3957,.T.);
#5476=ORIENTED_EDGE('',*,*,#3998,.T.);
#5477=ORIENTED_EDGE('',*,*,#3999,.T.);
#5478=ORIENTED_EDGE('',*,*,#3996,.F.);
#5479=ORIENTED_EDGE('',*,*,#3956,.T.);
#5480=ORIENTED_EDGE('',*,*,#3982,.F.);
#5481=ORIENTED_EDGE('',*,*,#4000,.T.);
#5482=ORIENTED_EDGE('',*,*,#3998,.F.);
#5483=ORIENTED_EDGE('',*,*,#3993,.F.);
#5484=ORIENTED_EDGE('',*,*,#4001,.T.);
#5485=ORIENTED_EDGE('',*,*,#4002,.F.);
#5486=ORIENTED_EDGE('',*,*,#3944,.T.);
#5487=ORIENTED_EDGE('',*,*,#3995,.F.);
#5488=ORIENTED_EDGE('',*,*,#4003,.F.);
#5489=ORIENTED_EDGE('',*,*,#4004,.F.);
#5490=ORIENTED_EDGE('',*,*,#4001,.F.);
#5491=ORIENTED_EDGE('',*,*,#3997,.F.);
#5492=ORIENTED_EDGE('',*,*,#4005,.T.);
#5493=ORIENTED_EDGE('',*,*,#4006,.F.);
#5494=ORIENTED_EDGE('',*,*,#4003,.T.);
#5495=ORIENTED_EDGE('',*,*,#3999,.F.);
#5496=ORIENTED_EDGE('',*,*,#4007,.F.);
#5497=ORIENTED_EDGE('',*,*,#4008,.F.);
#5498=ORIENTED_EDGE('',*,*,#4009,.F.);
#5499=ORIENTED_EDGE('',*,*,#4010,.F.);
#5500=ORIENTED_EDGE('',*,*,#4011,.F.);
#5501=ORIENTED_EDGE('',*,*,#4005,.F.);
#5502=ORIENTED_EDGE('',*,*,#4000,.F.);
#5503=ORIENTED_EDGE('',*,*,#4012,.T.);
#5504=ORIENTED_EDGE('',*,*,#4013,.F.);
#5505=ORIENTED_EDGE('',*,*,#4007,.T.);
#5506=ORIENTED_EDGE('',*,*,#3933,.F.);
#5507=ORIENTED_EDGE('',*,*,#4014,.F.);
#5508=ORIENTED_EDGE('',*,*,#4012,.F.);
#5509=ORIENTED_EDGE('',*,*,#3981,.F.);
#5510=ORIENTED_EDGE('',*,*,#3968,.F.);
#5511=ORIENTED_EDGE('',*,*,#3970,.F.);
#5512=ORIENTED_EDGE('',*,*,#3972,.F.);
#5513=ORIENTED_EDGE('',*,*,#3962,.F.);
#5514=ORIENTED_EDGE('',*,*,#3940,.F.);
#5515=ORIENTED_EDGE('',*,*,#4015,.T.);
#5516=ORIENTED_EDGE('',*,*,#4016,.T.);
#5517=ORIENTED_EDGE('',*,*,#4017,.T.);
#5518=ORIENTED_EDGE('',*,*,#4018,.T.);
#5519=ORIENTED_EDGE('',*,*,#4008,.T.);
#5520=ORIENTED_EDGE('',*,*,#4019,.T.);
#5521=ORIENTED_EDGE('',*,*,#4020,.T.);
#5522=ORIENTED_EDGE('',*,*,#4021,.T.);
#5523=ORIENTED_EDGE('',*,*,#4022,.T.);
#5524=ORIENTED_EDGE('',*,*,#3935,.F.);
#5525=ORIENTED_EDGE('',*,*,#4023,.T.);
#5526=ORIENTED_EDGE('',*,*,#4024,.T.);
#5527=ORIENTED_EDGE('',*,*,#4014,.T.);
#5528=ORIENTED_EDGE('',*,*,#3934,.F.);
#5529=ORIENTED_EDGE('',*,*,#3948,.T.);
#5530=ORIENTED_EDGE('',*,*,#4025,.T.);
#5531=ORIENTED_EDGE('',*,*,#4026,.T.);
#5532=ORIENTED_EDGE('',*,*,#4025,.F.);
#5533=ORIENTED_EDGE('',*,*,#4027,.T.);
#5534=ORIENTED_EDGE('',*,*,#4021,.F.);
#5535=ORIENTED_EDGE('',*,*,#4019,.F.);
#5536=ORIENTED_EDGE('',*,*,#4028,.T.);
#5537=ORIENTED_EDGE('',*,*,#4018,.F.);
#5538=ORIENTED_EDGE('',*,*,#4016,.F.);
#5539=ORIENTED_EDGE('',*,*,#4013,.T.);
#5540=ORIENTED_EDGE('',*,*,#4024,.F.);
#5541=ORIENTED_EDGE('',*,*,#4022,.F.);
#5542=ORIENTED_EDGE('',*,*,#4029,.F.);
#5543=ORIENTED_EDGE('',*,*,#4030,.F.);
#5544=ORIENTED_EDGE('',*,*,#4031,.F.);
#5545=ORIENTED_EDGE('',*,*,#4032,.F.);
#5546=ORIENTED_EDGE('',*,*,#4033,.F.);
#5547=ORIENTED_EDGE('',*,*,#4034,.F.);
#5548=ORIENTED_EDGE('',*,*,#4035,.F.);
#5549=ORIENTED_EDGE('',*,*,#4036,.F.);
#5550=ORIENTED_EDGE('',*,*,#4037,.T.);
#5551=ORIENTED_EDGE('',*,*,#4027,.F.);
#5552=ORIENTED_EDGE('',*,*,#3947,.T.);
#5553=ORIENTED_EDGE('',*,*,#4038,.T.);
#5554=ORIENTED_EDGE('',*,*,#4029,.T.);
#5555=ORIENTED_EDGE('',*,*,#4017,.F.);
#5556=ORIENTED_EDGE('',*,*,#4023,.F.);
#5557=ORIENTED_EDGE('',*,*,#4026,.F.);
#5558=ORIENTED_EDGE('',*,*,#4020,.F.);
#5559=ORIENTED_EDGE('',*,*,#4037,.F.);
#5560=ORIENTED_EDGE('',*,*,#4039,.T.);
#5561=ORIENTED_EDGE('',*,*,#4015,.F.);
#5562=ORIENTED_EDGE('',*,*,#4039,.F.);
#5563=ORIENTED_EDGE('',*,*,#4040,.T.);
#5564=ORIENTED_EDGE('',*,*,#4041,.T.);
#5565=ORIENTED_EDGE('',*,*,#4038,.F.);
#5566=ORIENTED_EDGE('',*,*,#3946,.T.);
#5567=ORIENTED_EDGE('',*,*,#4042,.T.);
#5568=ORIENTED_EDGE('',*,*,#4043,.T.);
#5569=ORIENTED_EDGE('',*,*,#4040,.F.);
#5570=ORIENTED_EDGE('',*,*,#3945,.T.);
#5571=ORIENTED_EDGE('',*,*,#4044,.T.);
#5572=ORIENTED_EDGE('',*,*,#4045,.T.);
#5573=ORIENTED_EDGE('',*,*,#4042,.F.);
#5574=ORIENTED_EDGE('',*,*,#4002,.T.);
#5575=ORIENTED_EDGE('',*,*,#4046,.T.);
#5576=ORIENTED_EDGE('',*,*,#4047,.T.);
#5577=ORIENTED_EDGE('',*,*,#4044,.F.);
#5578=ORIENTED_EDGE('',*,*,#4004,.T.);
#5579=ORIENTED_EDGE('',*,*,#4048,.T.);
#5580=ORIENTED_EDGE('',*,*,#4049,.T.);
#5581=ORIENTED_EDGE('',*,*,#4046,.F.);
#5582=ORIENTED_EDGE('',*,*,#4006,.T.);
#5583=ORIENTED_EDGE('',*,*,#4050,.T.);
#5584=ORIENTED_EDGE('',*,*,#4051,.T.);
#5585=ORIENTED_EDGE('',*,*,#4048,.F.);
#5586=ORIENTED_EDGE('',*,*,#4011,.T.);
#5587=ORIENTED_EDGE('',*,*,#4052,.T.);
#5588=ORIENTED_EDGE('',*,*,#4053,.T.);
#5589=ORIENTED_EDGE('',*,*,#4050,.F.);
#5590=ORIENTED_EDGE('',*,*,#4010,.T.);
#5591=ORIENTED_EDGE('',*,*,#4028,.F.);
#5592=ORIENTED_EDGE('',*,*,#4036,.T.);
#5593=ORIENTED_EDGE('',*,*,#4052,.F.);
#5594=ORIENTED_EDGE('',*,*,#4009,.T.);
#5595=ORIENTED_EDGE('',*,*,#4054,.T.);
#5596=ORIENTED_EDGE('',*,*,#4055,.T.);
#5597=ORIENTED_EDGE('',*,*,#4056,.T.);
#5598=ORIENTED_EDGE('',*,*,#4057,.T.);
#5599=ORIENTED_EDGE('',*,*,#4058,.T.);
#5600=ORIENTED_EDGE('',*,*,#4059,.T.);
#5601=ORIENTED_EDGE('',*,*,#4056,.F.);
#5602=ORIENTED_EDGE('',*,*,#4060,.T.);
#5603=ORIENTED_EDGE('',*,*,#4061,.T.);
#5604=ORIENTED_EDGE('',*,*,#4062,.T.);
#5605=ORIENTED_EDGE('',*,*,#4058,.F.);
#5606=ORIENTED_EDGE('',*,*,#4063,.T.);
#5607=ORIENTED_EDGE('',*,*,#4064,.T.);
#5608=ORIENTED_EDGE('',*,*,#4065,.T.);
#5609=ORIENTED_EDGE('',*,*,#4061,.F.);
#5610=ORIENTED_EDGE('',*,*,#3986,.T.);
#5611=ORIENTED_EDGE('',*,*,#4066,.T.);
#5612=ORIENTED_EDGE('',*,*,#4067,.T.);
#5613=ORIENTED_EDGE('',*,*,#4064,.F.);
#5614=ORIENTED_EDGE('',*,*,#3985,.T.);
#5615=ORIENTED_EDGE('',*,*,#4068,.T.);
#5616=ORIENTED_EDGE('',*,*,#4031,.T.);
#5617=ORIENTED_EDGE('',*,*,#4066,.F.);
#5618=ORIENTED_EDGE('',*,*,#3984,.T.);
#5619=ORIENTED_EDGE('',*,*,#4069,.T.);
#5620=ORIENTED_EDGE('',*,*,#4032,.T.);
#5621=ORIENTED_EDGE('',*,*,#4068,.F.);
#5622=ORIENTED_EDGE('',*,*,#3989,.T.);
#5623=ORIENTED_EDGE('',*,*,#4070,.T.);
#5624=ORIENTED_EDGE('',*,*,#4033,.T.);
#5625=ORIENTED_EDGE('',*,*,#4069,.F.);
#5626=ORIENTED_EDGE('',*,*,#3991,.T.);
#5627=ORIENTED_EDGE('',*,*,#4071,.T.);
#5628=ORIENTED_EDGE('',*,*,#4034,.T.);
#5629=ORIENTED_EDGE('',*,*,#4070,.F.);
#5630=ORIENTED_EDGE('',*,*,#4072,.T.);
#5631=ORIENTED_EDGE('',*,*,#4054,.F.);
#5632=ORIENTED_EDGE('',*,*,#4073,.T.);
#5633=ORIENTED_EDGE('',*,*,#4071,.F.);
#5634=ORIENTED_EDGE('',*,*,#4074,.T.);
#5635=ORIENTED_EDGE('',*,*,#4053,.F.);
#5636=ORIENTED_EDGE('',*,*,#4035,.T.);
#5637=ORIENTED_EDGE('',*,*,#4073,.F.);
#5638=ORIENTED_EDGE('',*,*,#4075,.T.);
#5639=ORIENTED_EDGE('',*,*,#3975,.F.);
#5640=ORIENTED_EDGE('',*,*,#3987,.T.);
#5641=ORIENTED_EDGE('',*,*,#4063,.F.);
#5642=ORIENTED_EDGE('',*,*,#4076,.F.);
#5643=ORIENTED_EDGE('',*,*,#3977,.F.);
#5644=ORIENTED_EDGE('',*,*,#4076,.T.);
#5645=ORIENTED_EDGE('',*,*,#4060,.F.);
#5646=ORIENTED_EDGE('',*,*,#4077,.T.);
#5647=ORIENTED_EDGE('',*,*,#4041,.F.);
#5648=ORIENTED_EDGE('',*,*,#4078,.T.);
#5649=ORIENTED_EDGE('',*,*,#4067,.F.);
#5650=ORIENTED_EDGE('',*,*,#4030,.T.);
#5651=ORIENTED_EDGE('',*,*,#4051,.F.);
#5652=ORIENTED_EDGE('',*,*,#4075,.F.);
#5653=ORIENTED_EDGE('',*,*,#4057,.F.);
#5654=ORIENTED_EDGE('',*,*,#4059,.F.);
#5655=ORIENTED_EDGE('',*,*,#4062,.F.);
#5656=ORIENTED_EDGE('',*,*,#4065,.F.);
#5657=ORIENTED_EDGE('',*,*,#4078,.F.);
#5658=ORIENTED_EDGE('',*,*,#4043,.F.);
#5659=ORIENTED_EDGE('',*,*,#4045,.F.);
#5660=ORIENTED_EDGE('',*,*,#4047,.F.);
#5661=ORIENTED_EDGE('',*,*,#4049,.F.);
#5662=ORIENTED_EDGE('',*,*,#3979,.F.);
#5663=ORIENTED_EDGE('',*,*,#4077,.F.);
#5664=ORIENTED_EDGE('',*,*,#4055,.F.);
#5665=ORIENTED_EDGE('',*,*,#4074,.F.);
#5666=ORIENTED_EDGE('',*,*,#4072,.F.);
#5667=ORIENTED_EDGE('',*,*,#3990,.F.);
#5668=ORIENTED_EDGE('',*,*,#3966,.F.);
#5669=ORIENTED_EDGE('',*,*,#4079,.T.);
#5670=ORIENTED_EDGE('',*,*,#4080,.T.);
#5671=ORIENTED_EDGE('',*,*,#4081,.T.);
#5672=ORIENTED_EDGE('',*,*,#4082,.T.);
#5673=ORIENTED_EDGE('',*,*,#4083,.T.);
#5674=ORIENTED_EDGE('',*,*,#4084,.T.);
#5675=ORIENTED_EDGE('',*,*,#4085,.T.);
#5676=ORIENTED_EDGE('',*,*,#4086,.T.);
#5677=ORIENTED_EDGE('',*,*,#4083,.F.);
#5678=ORIENTED_EDGE('',*,*,#4087,.T.);
#5679=ORIENTED_EDGE('',*,*,#4081,.F.);
#5680=ORIENTED_EDGE('',*,*,#4088,.T.);
#5681=ORIENTED_EDGE('',*,*,#4089,.T.);
#5682=ORIENTED_EDGE('',*,*,#4090,.T.);
#5683=ORIENTED_EDGE('',*,*,#4091,.T.);
#5684=ORIENTED_EDGE('',*,*,#4090,.F.);
#5685=ORIENTED_EDGE('',*,*,#4092,.T.);
#5686=ORIENTED_EDGE('',*,*,#4085,.F.);
#5687=ORIENTED_EDGE('',*,*,#4082,.F.);
#5688=ORIENTED_EDGE('',*,*,#4093,.F.);
#5689=ORIENTED_EDGE('',*,*,#4094,.F.);
#5690=ORIENTED_EDGE('',*,*,#4095,.T.);
#5691=ORIENTED_EDGE('',*,*,#4096,.F.);
#5692=ORIENTED_EDGE('',*,*,#4097,.F.);
#5693=ORIENTED_EDGE('',*,*,#4098,.F.);
#5694=ORIENTED_EDGE('',*,*,#4099,.T.);
#5695=ORIENTED_EDGE('',*,*,#4100,.F.);
#5696=ORIENTED_EDGE('',*,*,#4087,.F.);
#5697=ORIENTED_EDGE('',*,*,#4101,.T.);
#5698=ORIENTED_EDGE('',*,*,#4102,.T.);
#5699=ORIENTED_EDGE('',*,*,#4093,.T.);
#5700=ORIENTED_EDGE('',*,*,#4086,.F.);
#5701=ORIENTED_EDGE('',*,*,#4103,.F.);
#5702=ORIENTED_EDGE('',*,*,#4104,.F.);
#5703=ORIENTED_EDGE('',*,*,#4101,.F.);
#5704=ORIENTED_EDGE('',*,*,#4092,.F.);
#5705=ORIENTED_EDGE('',*,*,#4105,.T.);
#5706=ORIENTED_EDGE('',*,*,#4106,.T.);
#5707=ORIENTED_EDGE('',*,*,#4103,.T.);
#5708=ORIENTED_EDGE('',*,*,#4089,.F.);
#5709=ORIENTED_EDGE('',*,*,#4107,.F.);
#5710=ORIENTED_EDGE('',*,*,#4108,.T.);
#5711=ORIENTED_EDGE('',*,*,#4109,.F.);
#5712=ORIENTED_EDGE('',*,*,#4110,.F.);
#5713=ORIENTED_EDGE('',*,*,#4111,.F.);
#5714=ORIENTED_EDGE('',*,*,#4112,.T.);
#5715=ORIENTED_EDGE('',*,*,#4113,.F.);
#5716=ORIENTED_EDGE('',*,*,#4105,.F.);
#5717=ORIENTED_EDGE('',*,*,#4114,.T.);
#5718=ORIENTED_EDGE('',*,*,#4115,.T.);
#5719=ORIENTED_EDGE('',*,*,#4116,.T.);
#5720=ORIENTED_EDGE('',*,*,#4109,.T.);
#5721=ORIENTED_EDGE('',*,*,#4115,.F.);
#5722=ORIENTED_EDGE('',*,*,#4117,.F.);
#5723=ORIENTED_EDGE('',*,*,#4118,.F.);
#5724=ORIENTED_EDGE('',*,*,#4119,.F.);
#5725=ORIENTED_EDGE('',*,*,#4120,.T.);
#5726=ORIENTED_EDGE('',*,*,#4121,.T.);
#5727=ORIENTED_EDGE('',*,*,#4122,.T.);
#5728=ORIENTED_EDGE('',*,*,#4111,.T.);
#5729=ORIENTED_EDGE('',*,*,#4121,.F.);
#5730=ORIENTED_EDGE('',*,*,#4123,.F.);
#5731=ORIENTED_EDGE('',*,*,#4124,.F.);
#5732=ORIENTED_EDGE('',*,*,#4125,.F.);
#5733=ORIENTED_EDGE('',*,*,#4126,.T.);
#5734=ORIENTED_EDGE('',*,*,#4118,.T.);
#5735=ORIENTED_EDGE('',*,*,#4127,.T.);
#5736=ORIENTED_EDGE('',*,*,#4098,.T.);
#5737=ORIENTED_EDGE('',*,*,#4128,.T.);
#5738=ORIENTED_EDGE('',*,*,#4124,.T.);
#5739=ORIENTED_EDGE('',*,*,#4129,.T.);
#5740=ORIENTED_EDGE('',*,*,#4096,.T.);
#5741=ORIENTED_EDGE('',*,*,#4110,.T.);
#5742=ORIENTED_EDGE('',*,*,#4116,.F.);
#5743=ORIENTED_EDGE('',*,*,#4119,.T.);
#5744=ORIENTED_EDGE('',*,*,#4126,.F.);
#5745=ORIENTED_EDGE('',*,*,#4097,.T.);
#5746=ORIENTED_EDGE('',*,*,#4129,.F.);
#5747=ORIENTED_EDGE('',*,*,#4123,.T.);
#5748=ORIENTED_EDGE('',*,*,#4120,.F.);
#5749=ORIENTED_EDGE('',*,*,#4080,.F.);
#5750=ORIENTED_EDGE('',*,*,#4130,.F.);
#5751=ORIENTED_EDGE('',*,*,#4091,.F.);
#5752=ORIENTED_EDGE('',*,*,#4084,.F.);
#5753=ORIENTED_EDGE('',*,*,#4131,.T.);
#5754=ORIENTED_EDGE('',*,*,#4099,.F.);
#5755=ORIENTED_EDGE('',*,*,#4127,.F.);
#5756=ORIENTED_EDGE('',*,*,#4117,.T.);
#5757=ORIENTED_EDGE('',*,*,#4114,.F.);
#5758=ORIENTED_EDGE('',*,*,#4108,.F.);
#5759=ORIENTED_EDGE('',*,*,#4132,.F.);
#5760=ORIENTED_EDGE('',*,*,#4112,.F.);
#5761=ORIENTED_EDGE('',*,*,#4122,.F.);
#5762=ORIENTED_EDGE('',*,*,#4125,.T.);
#5763=ORIENTED_EDGE('',*,*,#4128,.F.);
#5764=ORIENTED_EDGE('',*,*,#4095,.F.);
#5765=ORIENTED_EDGE('',*,*,#4079,.F.);
#5766=ORIENTED_EDGE('',*,*,#4100,.T.);
#5767=ORIENTED_EDGE('',*,*,#4131,.F.);
#5768=ORIENTED_EDGE('',*,*,#4107,.T.);
#5769=ORIENTED_EDGE('',*,*,#4088,.F.);
#5770=ORIENTED_EDGE('',*,*,#4130,.T.);
#5771=ORIENTED_EDGE('',*,*,#4102,.F.);
#5772=ORIENTED_EDGE('',*,*,#4104,.T.);
#5773=ORIENTED_EDGE('',*,*,#4106,.F.);
#5774=ORIENTED_EDGE('',*,*,#4113,.T.);
#5775=ORIENTED_EDGE('',*,*,#4132,.T.);
#5776=ORIENTED_EDGE('',*,*,#4094,.T.);
#5777=ORIENTED_EDGE('',*,*,#4133,.F.);
#5778=ORIENTED_EDGE('',*,*,#4134,.T.);
#5779=ORIENTED_EDGE('',*,*,#4135,.T.);
#5780=ORIENTED_EDGE('',*,*,#4136,.T.);
#5781=ORIENTED_EDGE('',*,*,#4137,.T.);
#5782=ORIENTED_EDGE('',*,*,#4138,.T.);
#5783=ORIENTED_EDGE('',*,*,#4139,.F.);
#5784=ORIENTED_EDGE('',*,*,#4140,.T.);
#5785=ORIENTED_EDGE('',*,*,#4138,.F.);
#5786=ORIENTED_EDGE('',*,*,#4141,.F.);
#5787=ORIENTED_EDGE('',*,*,#4142,.F.);
#5788=ORIENTED_EDGE('',*,*,#4143,.F.);
#5789=ORIENTED_EDGE('',*,*,#4144,.F.);
#5790=ORIENTED_EDGE('',*,*,#4145,.T.);
#5791=ORIENTED_EDGE('',*,*,#4134,.F.);
#5792=ORIENTED_EDGE('',*,*,#4146,.T.);
#5793=ORIENTED_EDGE('',*,*,#4147,.T.);
#5794=ORIENTED_EDGE('',*,*,#4140,.F.);
#5795=ORIENTED_EDGE('',*,*,#4148,.T.);
#5796=ORIENTED_EDGE('',*,*,#4149,.T.);
#5797=ORIENTED_EDGE('',*,*,#4150,.T.);
#5798=ORIENTED_EDGE('',*,*,#4151,.T.);
#5799=ORIENTED_EDGE('',*,*,#4136,.F.);
#5800=ORIENTED_EDGE('',*,*,#4152,.T.);
#5801=ORIENTED_EDGE('',*,*,#4153,.F.);
#5802=ORIENTED_EDGE('',*,*,#4154,.T.);
#5803=ORIENTED_EDGE('',*,*,#4155,.F.);
#5804=ORIENTED_EDGE('',*,*,#4156,.F.);
#5805=ORIENTED_EDGE('',*,*,#4157,.F.);
#5806=ORIENTED_EDGE('',*,*,#4158,.T.);
#5807=ORIENTED_EDGE('',*,*,#4159,.F.);
#5808=ORIENTED_EDGE('',*,*,#4160,.T.);
#5809=ORIENTED_EDGE('',*,*,#4161,.F.);
#5810=ORIENTED_EDGE('',*,*,#4162,.T.);
#5811=ORIENTED_EDGE('',*,*,#4163,.F.);
#5812=ORIENTED_EDGE('',*,*,#4164,.F.);
#5813=ORIENTED_EDGE('',*,*,#4165,.T.);
#5814=ORIENTED_EDGE('',*,*,#4166,.F.);
#5815=ORIENTED_EDGE('',*,*,#4167,.F.);
#5816=ORIENTED_EDGE('',*,*,#4168,.F.);
#5817=ORIENTED_EDGE('',*,*,#4169,.T.);
#5818=ORIENTED_EDGE('',*,*,#4170,.F.);
#5819=ORIENTED_EDGE('',*,*,#4171,.F.);
#5820=ORIENTED_EDGE('',*,*,#4172,.T.);
#5821=ORIENTED_EDGE('',*,*,#4173,.F.);
#5822=ORIENTED_EDGE('',*,*,#4174,.F.);
#5823=ORIENTED_EDGE('',*,*,#4175,.T.);
#5824=ORIENTED_EDGE('',*,*,#4176,.F.);
#5825=ORIENTED_EDGE('',*,*,#4177,.F.);
#5826=ORIENTED_EDGE('',*,*,#4178,.T.);
#5827=ORIENTED_EDGE('',*,*,#4179,.F.);
#5828=ORIENTED_EDGE('',*,*,#4180,.F.);
#5829=ORIENTED_EDGE('',*,*,#4181,.T.);
#5830=ORIENTED_EDGE('',*,*,#4182,.F.);
#5831=ORIENTED_EDGE('',*,*,#4183,.F.);
#5832=ORIENTED_EDGE('',*,*,#4184,.T.);
#5833=ORIENTED_EDGE('',*,*,#4185,.F.);
#5834=ORIENTED_EDGE('',*,*,#4186,.F.);
#5835=ORIENTED_EDGE('',*,*,#4187,.T.);
#5836=ORIENTED_EDGE('',*,*,#4188,.F.);
#5837=ORIENTED_EDGE('',*,*,#4189,.F.);
#5838=ORIENTED_EDGE('',*,*,#4190,.T.);
#5839=ORIENTED_EDGE('',*,*,#4191,.F.);
#5840=ORIENTED_EDGE('',*,*,#4192,.F.);
#5841=ORIENTED_EDGE('',*,*,#4193,.T.);
#5842=ORIENTED_EDGE('',*,*,#4194,.F.);
#5843=ORIENTED_EDGE('',*,*,#4195,.F.);
#5844=ORIENTED_EDGE('',*,*,#4196,.T.);
#5845=ORIENTED_EDGE('',*,*,#4197,.F.);
#5846=ORIENTED_EDGE('',*,*,#4198,.F.);
#5847=ORIENTED_EDGE('',*,*,#4199,.T.);
#5848=ORIENTED_EDGE('',*,*,#4200,.F.);
#5849=ORIENTED_EDGE('',*,*,#4201,.F.);
#5850=ORIENTED_EDGE('',*,*,#4202,.T.);
#5851=ORIENTED_EDGE('',*,*,#4203,.F.);
#5852=ORIENTED_EDGE('',*,*,#4204,.F.);
#5853=ORIENTED_EDGE('',*,*,#4205,.T.);
#5854=ORIENTED_EDGE('',*,*,#4206,.F.);
#5855=ORIENTED_EDGE('',*,*,#4207,.F.);
#5856=ORIENTED_EDGE('',*,*,#4208,.T.);
#5857=ORIENTED_EDGE('',*,*,#4209,.F.);
#5858=ORIENTED_EDGE('',*,*,#4210,.F.);
#5859=ORIENTED_EDGE('',*,*,#4211,.T.);
#5860=ORIENTED_EDGE('',*,*,#4212,.F.);
#5861=ORIENTED_EDGE('',*,*,#4213,.F.);
#5862=ORIENTED_EDGE('',*,*,#4214,.T.);
#5863=ORIENTED_EDGE('',*,*,#4215,.F.);
#5864=ORIENTED_EDGE('',*,*,#4216,.F.);
#5865=ORIENTED_EDGE('',*,*,#4217,.T.);
#5866=ORIENTED_EDGE('',*,*,#4218,.F.);
#5867=ORIENTED_EDGE('',*,*,#4219,.F.);
#5868=ORIENTED_EDGE('',*,*,#4220,.T.);
#5869=ORIENTED_EDGE('',*,*,#4221,.F.);
#5870=ORIENTED_EDGE('',*,*,#4222,.F.);
#5871=ORIENTED_EDGE('',*,*,#4223,.T.);
#5872=ORIENTED_EDGE('',*,*,#4224,.F.);
#5873=ORIENTED_EDGE('',*,*,#4225,.F.);
#5874=ORIENTED_EDGE('',*,*,#4226,.T.);
#5875=ORIENTED_EDGE('',*,*,#4227,.F.);
#5876=ORIENTED_EDGE('',*,*,#4228,.F.);
#5877=ORIENTED_EDGE('',*,*,#4229,.T.);
#5878=ORIENTED_EDGE('',*,*,#4230,.F.);
#5879=ORIENTED_EDGE('',*,*,#4231,.F.);
#5880=ORIENTED_EDGE('',*,*,#4232,.T.);
#5881=ORIENTED_EDGE('',*,*,#4233,.F.);
#5882=ORIENTED_EDGE('',*,*,#4234,.F.);
#5883=ORIENTED_EDGE('',*,*,#4235,.T.);
#5884=ORIENTED_EDGE('',*,*,#4236,.F.);
#5885=ORIENTED_EDGE('',*,*,#4237,.F.);
#5886=ORIENTED_EDGE('',*,*,#4238,.T.);
#5887=ORIENTED_EDGE('',*,*,#4239,.F.);
#5888=ORIENTED_EDGE('',*,*,#4240,.F.);
#5889=ORIENTED_EDGE('',*,*,#4241,.T.);
#5890=ORIENTED_EDGE('',*,*,#4242,.F.);
#5891=ORIENTED_EDGE('',*,*,#4243,.F.);
#5892=ORIENTED_EDGE('',*,*,#4244,.T.);
#5893=ORIENTED_EDGE('',*,*,#4245,.F.);
#5894=ORIENTED_EDGE('',*,*,#4246,.F.);
#5895=ORIENTED_EDGE('',*,*,#4247,.T.);
#5896=ORIENTED_EDGE('',*,*,#4248,.F.);
#5897=ORIENTED_EDGE('',*,*,#4249,.F.);
#5898=ORIENTED_EDGE('',*,*,#4250,.T.);
#5899=ORIENTED_EDGE('',*,*,#4251,.F.);
#5900=ORIENTED_EDGE('',*,*,#4252,.F.);
#5901=ORIENTED_EDGE('',*,*,#4253,.T.);
#5902=ORIENTED_EDGE('',*,*,#4254,.F.);
#5903=ORIENTED_EDGE('',*,*,#4255,.F.);
#5904=ORIENTED_EDGE('',*,*,#4256,.T.);
#5905=ORIENTED_EDGE('',*,*,#4257,.T.);
#5906=ORIENTED_EDGE('',*,*,#4258,.F.);
#5907=ORIENTED_EDGE('',*,*,#4141,.T.);
#5908=ORIENTED_EDGE('',*,*,#4137,.F.);
#5909=ORIENTED_EDGE('',*,*,#4156,.T.);
#5910=ORIENTED_EDGE('',*,*,#4259,.F.);
#5911=ORIENTED_EDGE('',*,*,#4260,.T.);
#5912=ORIENTED_EDGE('',*,*,#4261,.F.);
#5913=ORIENTED_EDGE('',*,*,#4262,.F.);
#5914=ORIENTED_EDGE('',*,*,#4263,.F.);
#5915=ORIENTED_EDGE('',*,*,#4152,.F.);
#5916=ORIENTED_EDGE('',*,*,#4135,.F.);
#5917=ORIENTED_EDGE('',*,*,#4145,.F.);
#5918=ORIENTED_EDGE('',*,*,#4264,.F.);
#5919=ORIENTED_EDGE('',*,*,#4144,.T.);
#5920=ORIENTED_EDGE('',*,*,#4265,.T.);
#5921=ORIENTED_EDGE('',*,*,#4266,.T.);
#5922=ORIENTED_EDGE('',*,*,#4267,.T.);
#5923=ORIENTED_EDGE('',*,*,#4268,.T.);
#5924=ORIENTED_EDGE('',*,*,#4264,.T.);
#5925=ORIENTED_EDGE('',*,*,#4269,.T.);
#5926=ORIENTED_EDGE('',*,*,#4270,.T.);
#5927=ORIENTED_EDGE('',*,*,#4266,.F.);
#5928=ORIENTED_EDGE('',*,*,#4271,.T.);
#5929=ORIENTED_EDGE('',*,*,#4272,.T.);
#5930=ORIENTED_EDGE('',*,*,#4273,.T.);
#5931=ORIENTED_EDGE('',*,*,#4269,.F.);
#5932=ORIENTED_EDGE('',*,*,#4274,.T.);
#5933=ORIENTED_EDGE('',*,*,#4275,.T.);
#5934=ORIENTED_EDGE('',*,*,#4276,.T.);
#5935=ORIENTED_EDGE('',*,*,#4272,.F.);
#5936=ORIENTED_EDGE('',*,*,#4277,.T.);
#5937=ORIENTED_EDGE('',*,*,#4142,.T.);
#5938=ORIENTED_EDGE('',*,*,#4258,.T.);
#5939=ORIENTED_EDGE('',*,*,#4278,.T.);
#5940=ORIENTED_EDGE('',*,*,#4279,.T.);
#5941=ORIENTED_EDGE('',*,*,#4275,.F.);
#5942=ORIENTED_EDGE('',*,*,#4280,.T.);
#5943=ORIENTED_EDGE('',*,*,#4280,.F.);
#5944=ORIENTED_EDGE('',*,*,#4277,.F.);
#5945=ORIENTED_EDGE('',*,*,#4274,.F.);
#5946=ORIENTED_EDGE('',*,*,#4271,.F.);
#5947=ORIENTED_EDGE('',*,*,#4265,.F.);
#5948=ORIENTED_EDGE('',*,*,#4143,.T.);
#5949=ORIENTED_EDGE('',*,*,#4166,.T.);
#5950=ORIENTED_EDGE('',*,*,#4281,.T.);
#5951=ORIENTED_EDGE('',*,*,#4282,.T.);
#5952=ORIENTED_EDGE('',*,*,#4283,.F.);
#5953=ORIENTED_EDGE('',*,*,#4281,.F.);
#5954=ORIENTED_EDGE('',*,*,#4165,.F.);
#5955=ORIENTED_EDGE('',*,*,#4284,.F.);
#5956=ORIENTED_EDGE('',*,*,#4285,.F.);
#5957=ORIENTED_EDGE('',*,*,#4161,.T.);
#5958=ORIENTED_EDGE('',*,*,#4283,.T.);
#5959=ORIENTED_EDGE('',*,*,#4286,.T.);
#5960=ORIENTED_EDGE('',*,*,#4287,.T.);
#5961=ORIENTED_EDGE('',*,*,#4164,.T.);
#5962=ORIENTED_EDGE('',*,*,#4288,.F.);
#5963=ORIENTED_EDGE('',*,*,#4289,.T.);
#5964=ORIENTED_EDGE('',*,*,#4284,.T.);
#5965=ORIENTED_EDGE('',*,*,#4163,.T.);
#5966=ORIENTED_EDGE('',*,*,#4290,.T.);
#5967=ORIENTED_EDGE('',*,*,#4291,.T.);
#5968=ORIENTED_EDGE('',*,*,#4288,.T.);
#5969=ORIENTED_EDGE('',*,*,#4287,.F.);
#5970=ORIENTED_EDGE('',*,*,#4292,.F.);
#5971=ORIENTED_EDGE('',*,*,#4290,.F.);
#5972=ORIENTED_EDGE('',*,*,#4162,.F.);
#5973=ORIENTED_EDGE('',*,*,#4293,.T.);
#5974=ORIENTED_EDGE('',*,*,#4294,.T.);
#5975=ORIENTED_EDGE('',*,*,#4153,.T.);
#5976=ORIENTED_EDGE('',*,*,#4263,.T.);
#5977=ORIENTED_EDGE('',*,*,#4294,.F.);
#5978=ORIENTED_EDGE('',*,*,#4295,.T.);
#5979=ORIENTED_EDGE('',*,*,#4296,.F.);
#5980=ORIENTED_EDGE('',*,*,#4154,.F.);
#5981=ORIENTED_EDGE('',*,*,#4297,.T.);
#5982=ORIENTED_EDGE('',*,*,#4259,.T.);
#5983=ORIENTED_EDGE('',*,*,#4155,.T.);
#5984=ORIENTED_EDGE('',*,*,#4296,.T.);
#5985=ORIENTED_EDGE('',*,*,#4151,.F.);
#5986=ORIENTED_EDGE('',*,*,#4298,.T.);
#5987=ORIENTED_EDGE('',*,*,#4299,.F.);
#5988=ORIENTED_EDGE('',*,*,#4298,.F.);
#5989=ORIENTED_EDGE('',*,*,#4150,.F.);
#5990=ORIENTED_EDGE('',*,*,#4300,.T.);
#5991=ORIENTED_EDGE('',*,*,#4301,.F.);
#5992=ORIENTED_EDGE('',*,*,#4300,.F.);
#5993=ORIENTED_EDGE('',*,*,#4302,.F.);
#5994=ORIENTED_EDGE('',*,*,#4303,.T.);
#5995=ORIENTED_EDGE('',*,*,#4304,.T.);
#5996=ORIENTED_EDGE('',*,*,#4305,.F.);
#5997=ORIENTED_EDGE('',*,*,#4306,.T.);
#5998=ORIENTED_EDGE('',*,*,#4307,.F.);
#5999=ORIENTED_EDGE('',*,*,#4306,.F.);
#6000=ORIENTED_EDGE('',*,*,#4308,.F.);
#6001=ORIENTED_EDGE('',*,*,#4309,.F.);
#6002=ORIENTED_EDGE('',*,*,#4310,.F.);
#6003=ORIENTED_EDGE('',*,*,#4309,.T.);
#6004=ORIENTED_EDGE('',*,*,#4311,.T.);
#6005=ORIENTED_EDGE('',*,*,#4312,.T.);
#6006=ORIENTED_EDGE('',*,*,#4313,.F.);
#6007=ORIENTED_EDGE('',*,*,#4312,.F.);
#6008=ORIENTED_EDGE('',*,*,#4314,.F.);
#6009=ORIENTED_EDGE('',*,*,#4315,.F.);
#6010=ORIENTED_EDGE('',*,*,#4316,.F.);
#6011=ORIENTED_EDGE('',*,*,#4315,.T.);
#6012=ORIENTED_EDGE('',*,*,#4317,.F.);
#6013=ORIENTED_EDGE('',*,*,#4318,.T.);
#6014=ORIENTED_EDGE('',*,*,#4319,.T.);
#6015=ORIENTED_EDGE('',*,*,#4320,.F.);
#6016=ORIENTED_EDGE('',*,*,#4319,.F.);
#6017=ORIENTED_EDGE('',*,*,#4321,.F.);
#6018=ORIENTED_EDGE('',*,*,#4322,.F.);
#6019=ORIENTED_EDGE('',*,*,#4323,.F.);
#6020=ORIENTED_EDGE('',*,*,#4322,.T.);
#6021=ORIENTED_EDGE('',*,*,#4324,.T.);
#6022=ORIENTED_EDGE('',*,*,#4325,.T.);
#6023=ORIENTED_EDGE('',*,*,#4326,.F.);
#6024=ORIENTED_EDGE('',*,*,#4325,.F.);
#6025=ORIENTED_EDGE('',*,*,#4327,.F.);
#6026=ORIENTED_EDGE('',*,*,#4303,.F.);
#6027=ORIENTED_EDGE('',*,*,#4328,.T.);
#6028=ORIENTED_EDGE('',*,*,#4317,.T.);
#6029=ORIENTED_EDGE('',*,*,#4314,.T.);
#6030=ORIENTED_EDGE('',*,*,#4311,.F.);
#6031=ORIENTED_EDGE('',*,*,#4308,.T.);
#6032=ORIENTED_EDGE('',*,*,#4305,.T.);
#6033=ORIENTED_EDGE('',*,*,#4321,.T.);
#6034=ORIENTED_EDGE('',*,*,#4318,.F.);
#6035=ORIENTED_EDGE('',*,*,#4328,.F.);
#6036=ORIENTED_EDGE('',*,*,#4304,.F.);
#6037=ORIENTED_EDGE('',*,*,#4327,.T.);
#6038=ORIENTED_EDGE('',*,*,#4324,.F.);
#6039=ORIENTED_EDGE('',*,*,#4146,.F.);
#6040=ORIENTED_EDGE('',*,*,#4133,.T.);
#6041=ORIENTED_EDGE('',*,*,#4147,.F.);
#6042=ORIENTED_EDGE('',*,*,#4329,.T.);
#6043=ORIENTED_EDGE('',*,*,#4330,.F.);
#6044=ORIENTED_EDGE('',*,*,#4329,.F.);
#6045=ORIENTED_EDGE('',*,*,#4148,.F.);
#6046=ORIENTED_EDGE('',*,*,#4139,.T.);
#6047=ORIENTED_EDGE('',*,*,#4149,.F.);
#6048=ORIENTED_EDGE('',*,*,#4331,.T.);
#6049=ORIENTED_EDGE('',*,*,#4332,.F.);
#6050=ORIENTED_EDGE('',*,*,#4331,.F.);
#6051=ORIENTED_EDGE('',*,*,#4293,.F.);
#6052=ORIENTED_EDGE('',*,*,#4262,.T.);
#6053=ORIENTED_EDGE('',*,*,#4333,.T.);
#6054=ORIENTED_EDGE('',*,*,#4260,.F.);
#6055=ORIENTED_EDGE('',*,*,#4297,.F.);
#6056=ORIENTED_EDGE('',*,*,#4295,.F.);
#6057=ORIENTED_EDGE('',*,*,#4334,.F.);
#6058=ORIENTED_EDGE('',*,*,#4335,.T.);
#6059=ORIENTED_EDGE('',*,*,#4336,.F.);
#6060=ORIENTED_EDGE('',*,*,#4337,.F.);
#6061=ORIENTED_EDGE('',*,*,#4338,.T.);
#6062=ORIENTED_EDGE('',*,*,#4339,.F.);
#6063=ORIENTED_EDGE('',*,*,#4340,.F.);
#6064=ORIENTED_EDGE('',*,*,#4341,.T.);
#6065=ORIENTED_EDGE('',*,*,#4342,.F.);
#6066=ORIENTED_EDGE('',*,*,#4343,.F.);
#6067=ORIENTED_EDGE('',*,*,#4344,.T.);
#6068=ORIENTED_EDGE('',*,*,#4345,.F.);
#6069=ORIENTED_EDGE('',*,*,#4346,.F.);
#6070=ORIENTED_EDGE('',*,*,#4347,.T.);
#6071=ORIENTED_EDGE('',*,*,#4348,.F.);
#6072=ORIENTED_EDGE('',*,*,#4349,.F.);
#6073=ORIENTED_EDGE('',*,*,#4350,.T.);
#6074=ORIENTED_EDGE('',*,*,#4351,.F.);
#6075=ORIENTED_EDGE('',*,*,#4352,.F.);
#6076=ORIENTED_EDGE('',*,*,#4353,.T.);
#6077=ORIENTED_EDGE('',*,*,#4354,.F.);
#6078=ORIENTED_EDGE('',*,*,#4355,.F.);
#6079=ORIENTED_EDGE('',*,*,#4356,.T.);
#6080=ORIENTED_EDGE('',*,*,#4357,.F.);
#6081=ORIENTED_EDGE('',*,*,#4358,.F.);
#6082=ORIENTED_EDGE('',*,*,#4359,.T.);
#6083=ORIENTED_EDGE('',*,*,#4360,.F.);
#6084=ORIENTED_EDGE('',*,*,#4361,.F.);
#6085=ORIENTED_EDGE('',*,*,#4362,.T.);
#6086=ORIENTED_EDGE('',*,*,#4363,.F.);
#6087=ORIENTED_EDGE('',*,*,#4364,.F.);
#6088=ORIENTED_EDGE('',*,*,#4365,.T.);
#6089=ORIENTED_EDGE('',*,*,#4366,.F.);
#6090=ORIENTED_EDGE('',*,*,#4367,.F.);
#6091=ORIENTED_EDGE('',*,*,#4368,.T.);
#6092=ORIENTED_EDGE('',*,*,#4369,.F.);
#6093=ORIENTED_EDGE('',*,*,#4370,.F.);
#6094=ORIENTED_EDGE('',*,*,#4371,.T.);
#6095=ORIENTED_EDGE('',*,*,#4372,.F.);
#6096=ORIENTED_EDGE('',*,*,#4373,.F.);
#6097=ORIENTED_EDGE('',*,*,#4374,.T.);
#6098=ORIENTED_EDGE('',*,*,#4375,.F.);
#6099=ORIENTED_EDGE('',*,*,#4376,.F.);
#6100=ORIENTED_EDGE('',*,*,#4377,.T.);
#6101=ORIENTED_EDGE('',*,*,#4378,.F.);
#6102=ORIENTED_EDGE('',*,*,#4379,.F.);
#6103=ORIENTED_EDGE('',*,*,#4380,.T.);
#6104=ORIENTED_EDGE('',*,*,#4381,.F.);
#6105=ORIENTED_EDGE('',*,*,#4382,.F.);
#6106=ORIENTED_EDGE('',*,*,#4383,.T.);
#6107=ORIENTED_EDGE('',*,*,#4384,.F.);
#6108=ORIENTED_EDGE('',*,*,#4385,.F.);
#6109=ORIENTED_EDGE('',*,*,#4386,.T.);
#6110=ORIENTED_EDGE('',*,*,#4387,.F.);
#6111=ORIENTED_EDGE('',*,*,#4388,.F.);
#6112=ORIENTED_EDGE('',*,*,#4389,.T.);
#6113=ORIENTED_EDGE('',*,*,#4390,.F.);
#6114=ORIENTED_EDGE('',*,*,#4391,.F.);
#6115=ORIENTED_EDGE('',*,*,#4392,.T.);
#6116=ORIENTED_EDGE('',*,*,#4393,.F.);
#6117=ORIENTED_EDGE('',*,*,#4394,.F.);
#6118=ORIENTED_EDGE('',*,*,#4395,.T.);
#6119=ORIENTED_EDGE('',*,*,#4396,.F.);
#6120=ORIENTED_EDGE('',*,*,#4397,.F.);
#6121=ORIENTED_EDGE('',*,*,#4398,.T.);
#6122=ORIENTED_EDGE('',*,*,#4399,.F.);
#6123=ORIENTED_EDGE('',*,*,#4400,.F.);
#6124=ORIENTED_EDGE('',*,*,#4401,.T.);
#6125=ORIENTED_EDGE('',*,*,#4402,.F.);
#6126=ORIENTED_EDGE('',*,*,#4403,.F.);
#6127=ORIENTED_EDGE('',*,*,#4404,.T.);
#6128=ORIENTED_EDGE('',*,*,#4405,.F.);
#6129=ORIENTED_EDGE('',*,*,#4406,.F.);
#6130=ORIENTED_EDGE('',*,*,#4407,.T.);
#6131=ORIENTED_EDGE('',*,*,#4408,.F.);
#6132=ORIENTED_EDGE('',*,*,#4409,.F.);
#6133=ORIENTED_EDGE('',*,*,#4410,.T.);
#6134=ORIENTED_EDGE('',*,*,#4411,.F.);
#6135=ORIENTED_EDGE('',*,*,#4412,.F.);
#6136=ORIENTED_EDGE('',*,*,#4413,.T.);
#6137=ORIENTED_EDGE('',*,*,#4414,.F.);
#6138=ORIENTED_EDGE('',*,*,#4415,.F.);
#6139=ORIENTED_EDGE('',*,*,#4416,.T.);
#6140=ORIENTED_EDGE('',*,*,#4417,.F.);
#6141=ORIENTED_EDGE('',*,*,#4418,.F.);
#6142=ORIENTED_EDGE('',*,*,#4419,.T.);
#6143=ORIENTED_EDGE('',*,*,#4420,.F.);
#6144=ORIENTED_EDGE('',*,*,#4421,.F.);
#6145=ORIENTED_EDGE('',*,*,#4422,.T.);
#6146=ORIENTED_EDGE('',*,*,#4423,.F.);
#6147=ORIENTED_EDGE('',*,*,#4285,.T.);
#6148=ORIENTED_EDGE('',*,*,#4289,.F.);
#6149=ORIENTED_EDGE('',*,*,#4291,.F.);
#6150=ORIENTED_EDGE('',*,*,#4292,.T.);
#6151=ORIENTED_EDGE('',*,*,#4286,.F.);
#6152=ORIENTED_EDGE('',*,*,#4282,.F.);
#6153=ORIENTED_EDGE('',*,*,#4316,.T.);
#6154=ORIENTED_EDGE('',*,*,#4320,.T.);
#6155=ORIENTED_EDGE('',*,*,#4323,.T.);
#6156=ORIENTED_EDGE('',*,*,#4326,.T.);
#6157=ORIENTED_EDGE('',*,*,#4302,.T.);
#6158=ORIENTED_EDGE('',*,*,#4307,.T.);
#6159=ORIENTED_EDGE('',*,*,#4310,.T.);
#6160=ORIENTED_EDGE('',*,*,#4313,.T.);
#6161=ORIENTED_EDGE('',*,*,#4424,.T.);
#6162=ORIENTED_EDGE('',*,*,#4425,.F.);
#6163=ORIENTED_EDGE('',*,*,#4426,.T.);
#6164=ORIENTED_EDGE('',*,*,#4427,.F.);
#6165=ORIENTED_EDGE('',*,*,#4261,.T.);
#6166=ORIENTED_EDGE('',*,*,#4268,.F.);
#6167=ORIENTED_EDGE('',*,*,#4428,.T.);
#6168=ORIENTED_EDGE('',*,*,#4278,.F.);
#6169=ORIENTED_EDGE('',*,*,#4257,.F.);
#6170=ORIENTED_EDGE('',*,*,#4333,.F.);
#6171=ORIENTED_EDGE('',*,*,#4299,.T.);
#6172=ORIENTED_EDGE('',*,*,#4301,.T.);
#6173=ORIENTED_EDGE('',*,*,#4330,.T.);
#6174=ORIENTED_EDGE('',*,*,#4332,.T.);
#6175=ORIENTED_EDGE('',*,*,#4279,.F.);
#6176=ORIENTED_EDGE('',*,*,#4428,.F.);
#6177=ORIENTED_EDGE('',*,*,#4267,.F.);
#6178=ORIENTED_EDGE('',*,*,#4270,.F.);
#6179=ORIENTED_EDGE('',*,*,#4273,.F.);
#6180=ORIENTED_EDGE('',*,*,#4276,.F.);
#6181=ORIENTED_EDGE('',*,*,#4429,.T.);
#6182=ORIENTED_EDGE('',*,*,#4430,.T.);
#6183=ORIENTED_EDGE('',*,*,#4427,.T.);
#6184=ORIENTED_EDGE('',*,*,#4431,.T.);
#6185=ORIENTED_EDGE('',*,*,#4430,.F.);
#6186=ORIENTED_EDGE('',*,*,#4432,.F.);
#6187=ORIENTED_EDGE('',*,*,#4433,.F.);
#6188=ORIENTED_EDGE('',*,*,#4424,.F.);
#6189=ORIENTED_EDGE('',*,*,#4434,.F.);
#6190=ORIENTED_EDGE('',*,*,#4435,.T.);
#6191=ORIENTED_EDGE('',*,*,#4157,.T.);
#6192=ORIENTED_EDGE('',*,*,#4436,.T.);
#6193=ORIENTED_EDGE('',*,*,#4434,.T.);
#6194=ORIENTED_EDGE('',*,*,#4437,.F.);
#6195=ORIENTED_EDGE('',*,*,#4438,.T.);
#6196=ORIENTED_EDGE('',*,*,#4439,.F.);
#6197=ORIENTED_EDGE('',*,*,#4432,.T.);
#6198=ORIENTED_EDGE('',*,*,#4429,.F.);
#6199=ORIENTED_EDGE('',*,*,#4440,.T.);
#6200=ORIENTED_EDGE('',*,*,#4441,.F.);
#6201=ORIENTED_EDGE('',*,*,#4436,.F.);
#6202=ORIENTED_EDGE('',*,*,#4160,.F.);
#6203=ORIENTED_EDGE('',*,*,#4442,.F.);
#6204=ORIENTED_EDGE('',*,*,#4437,.T.);
#6205=ORIENTED_EDGE('',*,*,#4441,.T.);
#6206=ORIENTED_EDGE('',*,*,#4443,.T.);
#6207=ORIENTED_EDGE('',*,*,#4425,.T.);
#6208=ORIENTED_EDGE('',*,*,#4433,.T.);
#6209=ORIENTED_EDGE('',*,*,#4431,.F.);
#6210=ORIENTED_EDGE('',*,*,#4426,.F.);
#6211=ORIENTED_EDGE('',*,*,#4443,.F.);
#6212=ORIENTED_EDGE('',*,*,#4440,.F.);
#6213=ORIENTED_EDGE('',*,*,#4435,.F.);
#6214=ORIENTED_EDGE('',*,*,#4439,.T.);
#6215=ORIENTED_EDGE('',*,*,#4444,.F.);
#6216=ORIENTED_EDGE('',*,*,#4158,.F.);
#6217=ORIENTED_EDGE('',*,*,#4438,.F.);
#6218=ORIENTED_EDGE('',*,*,#4442,.T.);
#6219=ORIENTED_EDGE('',*,*,#4159,.T.);
#6220=ORIENTED_EDGE('',*,*,#4444,.T.);
#6221=ORIENTED_EDGE('',*,*,#4167,.T.);
#6222=ORIENTED_EDGE('',*,*,#4445,.T.);
#6223=ORIENTED_EDGE('',*,*,#4418,.T.);
#6224=ORIENTED_EDGE('',*,*,#4446,.F.);
#6225=ORIENTED_EDGE('',*,*,#4445,.F.);
#6226=ORIENTED_EDGE('',*,*,#4172,.F.);
#6227=ORIENTED_EDGE('',*,*,#4447,.F.);
#6228=ORIENTED_EDGE('',*,*,#4419,.F.);
#6229=ORIENTED_EDGE('',*,*,#4168,.T.);
#6230=ORIENTED_EDGE('',*,*,#4446,.T.);
#6231=ORIENTED_EDGE('',*,*,#4423,.T.);
#6232=ORIENTED_EDGE('',*,*,#4448,.T.);
#6233=ORIENTED_EDGE('',*,*,#4171,.T.);
#6234=ORIENTED_EDGE('',*,*,#4449,.F.);
#6235=ORIENTED_EDGE('',*,*,#4420,.T.);
#6236=ORIENTED_EDGE('',*,*,#4447,.T.);
#6237=ORIENTED_EDGE('',*,*,#4170,.T.);
#6238=ORIENTED_EDGE('',*,*,#4450,.T.);
#6239=ORIENTED_EDGE('',*,*,#4421,.T.);
#6240=ORIENTED_EDGE('',*,*,#4449,.T.);
#6241=ORIENTED_EDGE('',*,*,#4448,.F.);
#6242=ORIENTED_EDGE('',*,*,#4422,.F.);
#6243=ORIENTED_EDGE('',*,*,#4450,.F.);
#6244=ORIENTED_EDGE('',*,*,#4169,.F.);
#6245=ORIENTED_EDGE('',*,*,#4173,.T.);
#6246=ORIENTED_EDGE('',*,*,#4451,.T.);
#6247=ORIENTED_EDGE('',*,*,#4412,.T.);
#6248=ORIENTED_EDGE('',*,*,#4452,.F.);
#6249=ORIENTED_EDGE('',*,*,#4451,.F.);
#6250=ORIENTED_EDGE('',*,*,#4178,.F.);
#6251=ORIENTED_EDGE('',*,*,#4453,.F.);
#6252=ORIENTED_EDGE('',*,*,#4413,.F.);
#6253=ORIENTED_EDGE('',*,*,#4174,.T.);
#6254=ORIENTED_EDGE('',*,*,#4452,.T.);
#6255=ORIENTED_EDGE('',*,*,#4417,.T.);
#6256=ORIENTED_EDGE('',*,*,#4454,.T.);
#6257=ORIENTED_EDGE('',*,*,#4177,.T.);
#6258=ORIENTED_EDGE('',*,*,#4455,.F.);
#6259=ORIENTED_EDGE('',*,*,#4414,.T.);
#6260=ORIENTED_EDGE('',*,*,#4453,.T.);
#6261=ORIENTED_EDGE('',*,*,#4176,.T.);
#6262=ORIENTED_EDGE('',*,*,#4456,.T.);
#6263=ORIENTED_EDGE('',*,*,#4415,.T.);
#6264=ORIENTED_EDGE('',*,*,#4455,.T.);
#6265=ORIENTED_EDGE('',*,*,#4454,.F.);
#6266=ORIENTED_EDGE('',*,*,#4416,.F.);
#6267=ORIENTED_EDGE('',*,*,#4456,.F.);
#6268=ORIENTED_EDGE('',*,*,#4175,.F.);
#6269=ORIENTED_EDGE('',*,*,#4179,.T.);
#6270=ORIENTED_EDGE('',*,*,#4457,.T.);
#6271=ORIENTED_EDGE('',*,*,#4406,.T.);
#6272=ORIENTED_EDGE('',*,*,#4458,.F.);
#6273=ORIENTED_EDGE('',*,*,#4457,.F.);
#6274=ORIENTED_EDGE('',*,*,#4184,.F.);
#6275=ORIENTED_EDGE('',*,*,#4459,.F.);
#6276=ORIENTED_EDGE('',*,*,#4407,.F.);
#6277=ORIENTED_EDGE('',*,*,#4180,.T.);
#6278=ORIENTED_EDGE('',*,*,#4458,.T.);
#6279=ORIENTED_EDGE('',*,*,#4411,.T.);
#6280=ORIENTED_EDGE('',*,*,#4460,.T.);
#6281=ORIENTED_EDGE('',*,*,#4183,.T.);
#6282=ORIENTED_EDGE('',*,*,#4461,.F.);
#6283=ORIENTED_EDGE('',*,*,#4408,.T.);
#6284=ORIENTED_EDGE('',*,*,#4459,.T.);
#6285=ORIENTED_EDGE('',*,*,#4182,.T.);
#6286=ORIENTED_EDGE('',*,*,#4462,.T.);
#6287=ORIENTED_EDGE('',*,*,#4409,.T.);
#6288=ORIENTED_EDGE('',*,*,#4461,.T.);
#6289=ORIENTED_EDGE('',*,*,#4460,.F.);
#6290=ORIENTED_EDGE('',*,*,#4410,.F.);
#6291=ORIENTED_EDGE('',*,*,#4462,.F.);
#6292=ORIENTED_EDGE('',*,*,#4181,.F.);
#6293=ORIENTED_EDGE('',*,*,#4185,.T.);
#6294=ORIENTED_EDGE('',*,*,#4463,.T.);
#6295=ORIENTED_EDGE('',*,*,#4400,.T.);
#6296=ORIENTED_EDGE('',*,*,#4464,.F.);
#6297=ORIENTED_EDGE('',*,*,#4463,.F.);
#6298=ORIENTED_EDGE('',*,*,#4190,.F.);
#6299=ORIENTED_EDGE('',*,*,#4465,.F.);
#6300=ORIENTED_EDGE('',*,*,#4401,.F.);
#6301=ORIENTED_EDGE('',*,*,#4186,.T.);
#6302=ORIENTED_EDGE('',*,*,#4464,.T.);
#6303=ORIENTED_EDGE('',*,*,#4405,.T.);
#6304=ORIENTED_EDGE('',*,*,#4466,.T.);
#6305=ORIENTED_EDGE('',*,*,#4189,.T.);
#6306=ORIENTED_EDGE('',*,*,#4467,.F.);
#6307=ORIENTED_EDGE('',*,*,#4402,.T.);
#6308=ORIENTED_EDGE('',*,*,#4465,.T.);
#6309=ORIENTED_EDGE('',*,*,#4188,.T.);
#6310=ORIENTED_EDGE('',*,*,#4468,.T.);
#6311=ORIENTED_EDGE('',*,*,#4403,.T.);
#6312=ORIENTED_EDGE('',*,*,#4467,.T.);
#6313=ORIENTED_EDGE('',*,*,#4466,.F.);
#6314=ORIENTED_EDGE('',*,*,#4404,.F.);
#6315=ORIENTED_EDGE('',*,*,#4468,.F.);
#6316=ORIENTED_EDGE('',*,*,#4187,.F.);
#6317=ORIENTED_EDGE('',*,*,#4191,.T.);
#6318=ORIENTED_EDGE('',*,*,#4469,.T.);
#6319=ORIENTED_EDGE('',*,*,#4394,.T.);
#6320=ORIENTED_EDGE('',*,*,#4470,.F.);
#6321=ORIENTED_EDGE('',*,*,#4469,.F.);
#6322=ORIENTED_EDGE('',*,*,#4196,.F.);
#6323=ORIENTED_EDGE('',*,*,#4471,.F.);
#6324=ORIENTED_EDGE('',*,*,#4395,.F.);
#6325=ORIENTED_EDGE('',*,*,#4192,.T.);
#6326=ORIENTED_EDGE('',*,*,#4470,.T.);
#6327=ORIENTED_EDGE('',*,*,#4399,.T.);
#6328=ORIENTED_EDGE('',*,*,#4472,.T.);
#6329=ORIENTED_EDGE('',*,*,#4195,.T.);
#6330=ORIENTED_EDGE('',*,*,#4473,.F.);
#6331=ORIENTED_EDGE('',*,*,#4396,.T.);
#6332=ORIENTED_EDGE('',*,*,#4471,.T.);
#6333=ORIENTED_EDGE('',*,*,#4194,.T.);
#6334=ORIENTED_EDGE('',*,*,#4474,.T.);
#6335=ORIENTED_EDGE('',*,*,#4397,.T.);
#6336=ORIENTED_EDGE('',*,*,#4473,.T.);
#6337=ORIENTED_EDGE('',*,*,#4472,.F.);
#6338=ORIENTED_EDGE('',*,*,#4398,.F.);
#6339=ORIENTED_EDGE('',*,*,#4474,.F.);
#6340=ORIENTED_EDGE('',*,*,#4193,.F.);
#6341=ORIENTED_EDGE('',*,*,#4197,.T.);
#6342=ORIENTED_EDGE('',*,*,#4475,.T.);
#6343=ORIENTED_EDGE('',*,*,#4388,.T.);
#6344=ORIENTED_EDGE('',*,*,#4476,.F.);
#6345=ORIENTED_EDGE('',*,*,#4475,.F.);
#6346=ORIENTED_EDGE('',*,*,#4202,.F.);
#6347=ORIENTED_EDGE('',*,*,#4477,.F.);
#6348=ORIENTED_EDGE('',*,*,#4389,.F.);
#6349=ORIENTED_EDGE('',*,*,#4198,.T.);
#6350=ORIENTED_EDGE('',*,*,#4476,.T.);
#6351=ORIENTED_EDGE('',*,*,#4393,.T.);
#6352=ORIENTED_EDGE('',*,*,#4478,.T.);
#6353=ORIENTED_EDGE('',*,*,#4201,.T.);
#6354=ORIENTED_EDGE('',*,*,#4479,.F.);
#6355=ORIENTED_EDGE('',*,*,#4390,.T.);
#6356=ORIENTED_EDGE('',*,*,#4477,.T.);
#6357=ORIENTED_EDGE('',*,*,#4200,.T.);
#6358=ORIENTED_EDGE('',*,*,#4480,.T.);
#6359=ORIENTED_EDGE('',*,*,#4391,.T.);
#6360=ORIENTED_EDGE('',*,*,#4479,.T.);
#6361=ORIENTED_EDGE('',*,*,#4478,.F.);
#6362=ORIENTED_EDGE('',*,*,#4392,.F.);
#6363=ORIENTED_EDGE('',*,*,#4480,.F.);
#6364=ORIENTED_EDGE('',*,*,#4199,.F.);
#6365=ORIENTED_EDGE('',*,*,#4203,.T.);
#6366=ORIENTED_EDGE('',*,*,#4481,.T.);
#6367=ORIENTED_EDGE('',*,*,#4382,.T.);
#6368=ORIENTED_EDGE('',*,*,#4482,.F.);
#6369=ORIENTED_EDGE('',*,*,#4481,.F.);
#6370=ORIENTED_EDGE('',*,*,#4208,.F.);
#6371=ORIENTED_EDGE('',*,*,#4483,.F.);
#6372=ORIENTED_EDGE('',*,*,#4383,.F.);
#6373=ORIENTED_EDGE('',*,*,#4204,.T.);
#6374=ORIENTED_EDGE('',*,*,#4482,.T.);
#6375=ORIENTED_EDGE('',*,*,#4387,.T.);
#6376=ORIENTED_EDGE('',*,*,#4484,.T.);
#6377=ORIENTED_EDGE('',*,*,#4207,.T.);
#6378=ORIENTED_EDGE('',*,*,#4485,.F.);
#6379=ORIENTED_EDGE('',*,*,#4384,.T.);
#6380=ORIENTED_EDGE('',*,*,#4483,.T.);
#6381=ORIENTED_EDGE('',*,*,#4206,.T.);
#6382=ORIENTED_EDGE('',*,*,#4486,.T.);
#6383=ORIENTED_EDGE('',*,*,#4385,.T.);
#6384=ORIENTED_EDGE('',*,*,#4485,.T.);
#6385=ORIENTED_EDGE('',*,*,#4484,.F.);
#6386=ORIENTED_EDGE('',*,*,#4386,.F.);
#6387=ORIENTED_EDGE('',*,*,#4486,.F.);
#6388=ORIENTED_EDGE('',*,*,#4205,.F.);
#6389=ORIENTED_EDGE('',*,*,#4209,.T.);
#6390=ORIENTED_EDGE('',*,*,#4487,.T.);
#6391=ORIENTED_EDGE('',*,*,#4376,.T.);
#6392=ORIENTED_EDGE('',*,*,#4488,.F.);
#6393=ORIENTED_EDGE('',*,*,#4487,.F.);
#6394=ORIENTED_EDGE('',*,*,#4214,.F.);
#6395=ORIENTED_EDGE('',*,*,#4489,.F.);
#6396=ORIENTED_EDGE('',*,*,#4377,.F.);
#6397=ORIENTED_EDGE('',*,*,#4210,.T.);
#6398=ORIENTED_EDGE('',*,*,#4488,.T.);
#6399=ORIENTED_EDGE('',*,*,#4381,.T.);
#6400=ORIENTED_EDGE('',*,*,#4490,.T.);
#6401=ORIENTED_EDGE('',*,*,#4213,.T.);
#6402=ORIENTED_EDGE('',*,*,#4491,.F.);
#6403=ORIENTED_EDGE('',*,*,#4378,.T.);
#6404=ORIENTED_EDGE('',*,*,#4489,.T.);
#6405=ORIENTED_EDGE('',*,*,#4212,.T.);
#6406=ORIENTED_EDGE('',*,*,#4492,.T.);
#6407=ORIENTED_EDGE('',*,*,#4379,.T.);
#6408=ORIENTED_EDGE('',*,*,#4491,.T.);
#6409=ORIENTED_EDGE('',*,*,#4490,.F.);
#6410=ORIENTED_EDGE('',*,*,#4380,.F.);
#6411=ORIENTED_EDGE('',*,*,#4492,.F.);
#6412=ORIENTED_EDGE('',*,*,#4211,.F.);
#6413=ORIENTED_EDGE('',*,*,#4215,.T.);
#6414=ORIENTED_EDGE('',*,*,#4493,.T.);
#6415=ORIENTED_EDGE('',*,*,#4370,.T.);
#6416=ORIENTED_EDGE('',*,*,#4494,.F.);
#6417=ORIENTED_EDGE('',*,*,#4493,.F.);
#6418=ORIENTED_EDGE('',*,*,#4220,.F.);
#6419=ORIENTED_EDGE('',*,*,#4495,.F.);
#6420=ORIENTED_EDGE('',*,*,#4371,.F.);
#6421=ORIENTED_EDGE('',*,*,#4216,.T.);
#6422=ORIENTED_EDGE('',*,*,#4494,.T.);
#6423=ORIENTED_EDGE('',*,*,#4375,.T.);
#6424=ORIENTED_EDGE('',*,*,#4496,.T.);
#6425=ORIENTED_EDGE('',*,*,#4219,.T.);
#6426=ORIENTED_EDGE('',*,*,#4497,.F.);
#6427=ORIENTED_EDGE('',*,*,#4372,.T.);
#6428=ORIENTED_EDGE('',*,*,#4495,.T.);
#6429=ORIENTED_EDGE('',*,*,#4218,.T.);
#6430=ORIENTED_EDGE('',*,*,#4498,.T.);
#6431=ORIENTED_EDGE('',*,*,#4373,.T.);
#6432=ORIENTED_EDGE('',*,*,#4497,.T.);
#6433=ORIENTED_EDGE('',*,*,#4496,.F.);
#6434=ORIENTED_EDGE('',*,*,#4374,.F.);
#6435=ORIENTED_EDGE('',*,*,#4498,.F.);
#6436=ORIENTED_EDGE('',*,*,#4217,.F.);
#6437=ORIENTED_EDGE('',*,*,#4221,.T.);
#6438=ORIENTED_EDGE('',*,*,#4499,.T.);
#6439=ORIENTED_EDGE('',*,*,#4364,.T.);
#6440=ORIENTED_EDGE('',*,*,#4500,.F.);
#6441=ORIENTED_EDGE('',*,*,#4499,.F.);
#6442=ORIENTED_EDGE('',*,*,#4226,.F.);
#6443=ORIENTED_EDGE('',*,*,#4501,.F.);
#6444=ORIENTED_EDGE('',*,*,#4365,.F.);
#6445=ORIENTED_EDGE('',*,*,#4222,.T.);
#6446=ORIENTED_EDGE('',*,*,#4500,.T.);
#6447=ORIENTED_EDGE('',*,*,#4369,.T.);
#6448=ORIENTED_EDGE('',*,*,#4502,.T.);
#6449=ORIENTED_EDGE('',*,*,#4225,.T.);
#6450=ORIENTED_EDGE('',*,*,#4503,.F.);
#6451=ORIENTED_EDGE('',*,*,#4366,.T.);
#6452=ORIENTED_EDGE('',*,*,#4501,.T.);
#6453=ORIENTED_EDGE('',*,*,#4224,.T.);
#6454=ORIENTED_EDGE('',*,*,#4504,.T.);
#6455=ORIENTED_EDGE('',*,*,#4367,.T.);
#6456=ORIENTED_EDGE('',*,*,#4503,.T.);
#6457=ORIENTED_EDGE('',*,*,#4502,.F.);
#6458=ORIENTED_EDGE('',*,*,#4368,.F.);
#6459=ORIENTED_EDGE('',*,*,#4504,.F.);
#6460=ORIENTED_EDGE('',*,*,#4223,.F.);
#6461=ORIENTED_EDGE('',*,*,#4227,.T.);
#6462=ORIENTED_EDGE('',*,*,#4505,.T.);
#6463=ORIENTED_EDGE('',*,*,#4358,.T.);
#6464=ORIENTED_EDGE('',*,*,#4506,.F.);
#6465=ORIENTED_EDGE('',*,*,#4505,.F.);
#6466=ORIENTED_EDGE('',*,*,#4232,.F.);
#6467=ORIENTED_EDGE('',*,*,#4507,.F.);
#6468=ORIENTED_EDGE('',*,*,#4359,.F.);
#6469=ORIENTED_EDGE('',*,*,#4228,.T.);
#6470=ORIENTED_EDGE('',*,*,#4506,.T.);
#6471=ORIENTED_EDGE('',*,*,#4363,.T.);
#6472=ORIENTED_EDGE('',*,*,#4508,.T.);
#6473=ORIENTED_EDGE('',*,*,#4231,.T.);
#6474=ORIENTED_EDGE('',*,*,#4509,.F.);
#6475=ORIENTED_EDGE('',*,*,#4360,.T.);
#6476=ORIENTED_EDGE('',*,*,#4507,.T.);
#6477=ORIENTED_EDGE('',*,*,#4230,.T.);
#6478=ORIENTED_EDGE('',*,*,#4510,.T.);
#6479=ORIENTED_EDGE('',*,*,#4361,.T.);
#6480=ORIENTED_EDGE('',*,*,#4509,.T.);
#6481=ORIENTED_EDGE('',*,*,#4508,.F.);
#6482=ORIENTED_EDGE('',*,*,#4362,.F.);
#6483=ORIENTED_EDGE('',*,*,#4510,.F.);
#6484=ORIENTED_EDGE('',*,*,#4229,.F.);
#6485=ORIENTED_EDGE('',*,*,#4233,.T.);
#6486=ORIENTED_EDGE('',*,*,#4511,.T.);
#6487=ORIENTED_EDGE('',*,*,#4352,.T.);
#6488=ORIENTED_EDGE('',*,*,#4512,.F.);
#6489=ORIENTED_EDGE('',*,*,#4511,.F.);
#6490=ORIENTED_EDGE('',*,*,#4238,.F.);
#6491=ORIENTED_EDGE('',*,*,#4513,.F.);
#6492=ORIENTED_EDGE('',*,*,#4353,.F.);
#6493=ORIENTED_EDGE('',*,*,#4234,.T.);
#6494=ORIENTED_EDGE('',*,*,#4512,.T.);
#6495=ORIENTED_EDGE('',*,*,#4357,.T.);
#6496=ORIENTED_EDGE('',*,*,#4514,.T.);
#6497=ORIENTED_EDGE('',*,*,#4237,.T.);
#6498=ORIENTED_EDGE('',*,*,#4515,.F.);
#6499=ORIENTED_EDGE('',*,*,#4354,.T.);
#6500=ORIENTED_EDGE('',*,*,#4513,.T.);
#6501=ORIENTED_EDGE('',*,*,#4236,.T.);
#6502=ORIENTED_EDGE('',*,*,#4516,.T.);
#6503=ORIENTED_EDGE('',*,*,#4355,.T.);
#6504=ORIENTED_EDGE('',*,*,#4515,.T.);
#6505=ORIENTED_EDGE('',*,*,#4514,.F.);
#6506=ORIENTED_EDGE('',*,*,#4356,.F.);
#6507=ORIENTED_EDGE('',*,*,#4516,.F.);
#6508=ORIENTED_EDGE('',*,*,#4235,.F.);
#6509=ORIENTED_EDGE('',*,*,#4239,.T.);
#6510=ORIENTED_EDGE('',*,*,#4517,.T.);
#6511=ORIENTED_EDGE('',*,*,#4346,.T.);
#6512=ORIENTED_EDGE('',*,*,#4518,.F.);
#6513=ORIENTED_EDGE('',*,*,#4517,.F.);
#6514=ORIENTED_EDGE('',*,*,#4244,.F.);
#6515=ORIENTED_EDGE('',*,*,#4519,.F.);
#6516=ORIENTED_EDGE('',*,*,#4347,.F.);
#6517=ORIENTED_EDGE('',*,*,#4240,.T.);
#6518=ORIENTED_EDGE('',*,*,#4518,.T.);
#6519=ORIENTED_EDGE('',*,*,#4351,.T.);
#6520=ORIENTED_EDGE('',*,*,#4520,.T.);
#6521=ORIENTED_EDGE('',*,*,#4243,.T.);
#6522=ORIENTED_EDGE('',*,*,#4521,.F.);
#6523=ORIENTED_EDGE('',*,*,#4348,.T.);
#6524=ORIENTED_EDGE('',*,*,#4519,.T.);
#6525=ORIENTED_EDGE('',*,*,#4242,.T.);
#6526=ORIENTED_EDGE('',*,*,#4522,.T.);
#6527=ORIENTED_EDGE('',*,*,#4349,.T.);
#6528=ORIENTED_EDGE('',*,*,#4521,.T.);
#6529=ORIENTED_EDGE('',*,*,#4520,.F.);
#6530=ORIENTED_EDGE('',*,*,#4350,.F.);
#6531=ORIENTED_EDGE('',*,*,#4522,.F.);
#6532=ORIENTED_EDGE('',*,*,#4241,.F.);
#6533=ORIENTED_EDGE('',*,*,#4245,.T.);
#6534=ORIENTED_EDGE('',*,*,#4523,.T.);
#6535=ORIENTED_EDGE('',*,*,#4340,.T.);
#6536=ORIENTED_EDGE('',*,*,#4524,.F.);
#6537=ORIENTED_EDGE('',*,*,#4523,.F.);
#6538=ORIENTED_EDGE('',*,*,#4250,.F.);
#6539=ORIENTED_EDGE('',*,*,#4525,.F.);
#6540=ORIENTED_EDGE('',*,*,#4341,.F.);
#6541=ORIENTED_EDGE('',*,*,#4246,.T.);
#6542=ORIENTED_EDGE('',*,*,#4524,.T.);
#6543=ORIENTED_EDGE('',*,*,#4345,.T.);
#6544=ORIENTED_EDGE('',*,*,#4526,.T.);
#6545=ORIENTED_EDGE('',*,*,#4249,.T.);
#6546=ORIENTED_EDGE('',*,*,#4527,.F.);
#6547=ORIENTED_EDGE('',*,*,#4342,.T.);
#6548=ORIENTED_EDGE('',*,*,#4525,.T.);
#6549=ORIENTED_EDGE('',*,*,#4248,.T.);
#6550=ORIENTED_EDGE('',*,*,#4528,.T.);
#6551=ORIENTED_EDGE('',*,*,#4343,.T.);
#6552=ORIENTED_EDGE('',*,*,#4527,.T.);
#6553=ORIENTED_EDGE('',*,*,#4526,.F.);
#6554=ORIENTED_EDGE('',*,*,#4344,.F.);
#6555=ORIENTED_EDGE('',*,*,#4528,.F.);
#6556=ORIENTED_EDGE('',*,*,#4247,.F.);
#6557=ORIENTED_EDGE('',*,*,#4251,.T.);
#6558=ORIENTED_EDGE('',*,*,#4529,.T.);
#6559=ORIENTED_EDGE('',*,*,#4334,.T.);
#6560=ORIENTED_EDGE('',*,*,#4530,.F.);
#6561=ORIENTED_EDGE('',*,*,#4529,.F.);
#6562=ORIENTED_EDGE('',*,*,#4256,.F.);
#6563=ORIENTED_EDGE('',*,*,#4531,.F.);
#6564=ORIENTED_EDGE('',*,*,#4335,.F.);
#6565=ORIENTED_EDGE('',*,*,#4252,.T.);
#6566=ORIENTED_EDGE('',*,*,#4530,.T.);
#6567=ORIENTED_EDGE('',*,*,#4339,.T.);
#6568=ORIENTED_EDGE('',*,*,#4532,.T.);
#6569=ORIENTED_EDGE('',*,*,#4255,.T.);
#6570=ORIENTED_EDGE('',*,*,#4533,.F.);
#6571=ORIENTED_EDGE('',*,*,#4336,.T.);
#6572=ORIENTED_EDGE('',*,*,#4531,.T.);
#6573=ORIENTED_EDGE('',*,*,#4254,.T.);
#6574=ORIENTED_EDGE('',*,*,#4534,.T.);
#6575=ORIENTED_EDGE('',*,*,#4337,.T.);
#6576=ORIENTED_EDGE('',*,*,#4533,.T.);
#6577=ORIENTED_EDGE('',*,*,#4532,.F.);
#6578=ORIENTED_EDGE('',*,*,#4338,.F.);
#6579=ORIENTED_EDGE('',*,*,#4534,.F.);
#6580=ORIENTED_EDGE('',*,*,#4253,.F.);
#6581=CYLINDRICAL_SURFACE('',#7267,1.5);
#6582=CYLINDRICAL_SURFACE('',#7319,0.8115);
#6583=CYLINDRICAL_SURFACE('',#7320,4.);
#6584=CYLINDRICAL_SURFACE('',#7321,1.2645);
#6585=CYLINDRICAL_SURFACE('',#7324,1.);
#6586=CYLINDRICAL_SURFACE('',#7331,1.);
#6587=CYLINDRICAL_SURFACE('',#7337,1.);
#6588=CYLINDRICAL_SURFACE('',#7341,1.);
#6589=CYLINDRICAL_SURFACE('',#7348,1.);
#6590=CYLINDRICAL_SURFACE('',#7354,1.);
#6591=CYLINDRICAL_SURFACE('',#7358,5.);
#6592=CYLINDRICAL_SURFACE('',#7360,5.);
#6593=CYLINDRICAL_SURFACE('',#7361,5.);
#6594=CYLINDRICAL_SURFACE('',#7367,5.);
#6595=CYLINDRICAL_SURFACE('',#7391,5.);
#6596=CYLINDRICAL_SURFACE('',#7396,5.);
#6597=CYLINDRICAL_SURFACE('',#7401,5.);
#6598=CYLINDRICAL_SURFACE('',#7406,5.);
#6599=CYLINDRICAL_SURFACE('',#7408,10.);
#6600=CYLINDRICAL_SURFACE('',#7411,10.);
#6601=CYLINDRICAL_SURFACE('',#7414,5.);
#6602=CYLINDRICAL_SURFACE('',#7418,5.);
#6603=CYLINDRICAL_SURFACE('',#7422,5.);
#6604=CYLINDRICAL_SURFACE('',#7426,5.);
#6605=CYLINDRICAL_SURFACE('',#7428,10.);
#6606=CYLINDRICAL_SURFACE('',#7430,10.);
#6607=CYLINDRICAL_SURFACE('',#7432,1.5);
#6608=CYLINDRICAL_SURFACE('',#7435,1.5);
#6609=CYLINDRICAL_SURFACE('',#7438,5.);
#6610=CYLINDRICAL_SURFACE('',#7449,1.);
#6611=CYLINDRICAL_SURFACE('',#7451,5.);
#6612=CYLINDRICAL_SURFACE('',#7457,1.);
#6613=CYLINDRICAL_SURFACE('',#7460,1.);
#6614=CYLINDRICAL_SURFACE('',#7463,1.);
#6615=CYLINDRICAL_SURFACE('',#7468,2.);
#6616=CYLINDRICAL_SURFACE('',#7475,3.25);
#6617=CYLINDRICAL_SURFACE('',#7479,3.25);
#6618=CYLINDRICAL_SURFACE('',#7483,1.5);
#6619=CYLINDRICAL_SURFACE('',#7485,1.5);
#6620=CYLINDRICAL_SURFACE('',#7491,3.);
#6621=CYLINDRICAL_SURFACE('',#7494,3.);
#6622=CYLINDRICAL_SURFACE('',#7499,3.);
#6623=CYLINDRICAL_SURFACE('',#7504,1.);
#6624=CYLINDRICAL_SURFACE('',#7511,3.);
#6625=CYLINDRICAL_SURFACE('',#7522,3.);
#6626=CYLINDRICAL_SURFACE('',#7525,3.);
#6627=CYLINDRICAL_SURFACE('',#7530,3.);
#6628=CYLINDRICAL_SURFACE('',#7534,3.);
#6629=CYLINDRICAL_SURFACE('',#7538,1.);
#6630=CYLINDRICAL_SURFACE('',#7540,1.5);
#6631=CYLINDRICAL_SURFACE('',#7541,1.5);
#6632=CYLINDRICAL_SURFACE('',#7544,1.);
#6633=CYLINDRICAL_SURFACE('',#7548,1.);
#6634=CYLINDRICAL_SURFACE('',#7556,1.);
#6635=CYLINDRICAL_SURFACE('',#7566,1.);
#6636=CYLINDRICAL_SURFACE('',#7572,1.);
#6637=CYLINDRICAL_SURFACE('',#7579,1.);
#6638=CYLINDRICAL_SURFACE('',#7581,1.);
#6639=CYLINDRICAL_SURFACE('',#7583,1.);
#6640=CYLINDRICAL_SURFACE('',#7599,1.);
#6641=CYLINDRICAL_SURFACE('',#7603,1.);
#6642=CYLINDRICAL_SURFACE('',#7607,5.);
#6643=CYLINDRICAL_SURFACE('',#7609,5.);
#6644=CYLINDRICAL_SURFACE('',#7614,1.);
#6645=CYLINDRICAL_SURFACE('',#7619,1.);
#6646=CYLINDRICAL_SURFACE('',#7623,5.);
#6647=CYLINDRICAL_SURFACE('',#7626,5.);
#6648=CYLINDRICAL_SURFACE('',#7630,1.);
#6649=CYLINDRICAL_SURFACE('',#7634,1.);
#6650=CYLINDRICAL_SURFACE('',#7637,1.);
#6651=CYLINDRICAL_SURFACE('',#7640,1.);
#6652=CYLINDRICAL_SURFACE('',#7642,1.);
#6653=CYLINDRICAL_SURFACE('',#7653,1.);
#6654=CYLINDRICAL_SURFACE('',#7656,1.2645);
#6655=CYLINDRICAL_SURFACE('',#7660,1.);
#6656=CYLINDRICAL_SURFACE('',#7665,1.);
#6657=CYLINDRICAL_SURFACE('',#7670,1.);
#6658=CYLINDRICAL_SURFACE('',#7675,1.);
#6659=CYLINDRICAL_SURFACE('',#7676,1.);
#6660=CYLINDRICAL_SURFACE('',#7687,1.);
#6661=CYLINDRICAL_SURFACE('',#7692,1.);
#6662=CYLINDRICAL_SURFACE('',#7698,1.);
#6663=CYLINDRICAL_SURFACE('',#7703,5.);
#6664=CYLINDRICAL_SURFACE('',#7704,5.);
#6665=CYLINDRICAL_SURFACE('',#7705,5.);
#6666=CYLINDRICAL_SURFACE('',#7706,5.);
#6667=CYLINDRICAL_SURFACE('',#7710,0.5);
#6668=CYLINDRICAL_SURFACE('',#7713,0.5);
#6669=CYLINDRICAL_SURFACE('',#7718,0.5);
#6670=CYLINDRICAL_SURFACE('',#7725,0.5);
#6671=CYLINDRICAL_SURFACE('',#7728,0.5);
#6672=CYLINDRICAL_SURFACE('',#7732,0.5);
#6673=CYLINDRICAL_SURFACE('',#7735,0.5);
#6674=CYLINDRICAL_SURFACE('',#7738,0.5);
#6675=CYLINDRICAL_SURFACE('',#7740,0.5);
#6676=CYLINDRICAL_SURFACE('',#7742,1.);
#6677=CYLINDRICAL_SURFACE('',#7748,2.);
#6678=CYLINDRICAL_SURFACE('',#7831,2.);
#6679=CYLINDRICAL_SURFACE('',#7838,2.);
#6680=CYLINDRICAL_SURFACE('',#7844,2.);
#6681=CYLINDRICAL_SURFACE('',#7847,2.);
#6682=CYLINDRICAL_SURFACE('',#7850,2.);
#6683=CYLINDRICAL_SURFACE('',#7852,2.);
#6684=CYLINDRICAL_SURFACE('',#7854,2.);
#6685=CYLINDRICAL_SURFACE('',#7857,5.);
#6686=CYLINDRICAL_SURFACE('',#7860,5.);
#6687=CYLINDRICAL_SURFACE('',#7862,1.2645);
#6688=CYLINDRICAL_SURFACE('',#7864,1.2645);
#6689=CYLINDRICAL_SURFACE('',#7867,0.5);
#6690=CYLINDRICAL_SURFACE('',#7871,0.5);
#6691=CYLINDRICAL_SURFACE('',#7875,0.5);
#6692=CYLINDRICAL_SURFACE('',#7879,0.5);
#6693=CYLINDRICAL_SURFACE('',#7884,1.2645);
#6694=CYLINDRICAL_SURFACE('',#7886,1.2645);
#6695=CYLINDRICAL_SURFACE('',#7953,1.75);
#6696=CYLINDRICAL_SURFACE('',#7956,4.5);
#6697=CYLINDRICAL_SURFACE('',#7962,1.75);
#6698=CYLINDRICAL_SURFACE('',#7965,4.5);
#6699=CYLINDRICAL_SURFACE('',#7966,2.);
#6700=CYLINDRICAL_SURFACE('',#7968,2.);
#6701=CYLINDRICAL_SURFACE('',#7969,2.);
#6702=CYLINDRICAL_SURFACE('',#7970,2.);
#6703=CYLINDRICAL_SURFACE('',#7972,2.);
#6704=CYLINDRICAL_SURFACE('',#7974,2.);
#6705=CYLINDRICAL_SURFACE('',#7975,2.);
#6706=CYLINDRICAL_SURFACE('',#7976,2.);
#6707=CYLINDRICAL_SURFACE('',#7978,2.);
#6708=CYLINDRICAL_SURFACE('',#7980,2.);
#6709=CYLINDRICAL_SURFACE('',#7981,2.);
#6710=CYLINDRICAL_SURFACE('',#7982,2.);
#6711=CYLINDRICAL_SURFACE('',#7984,2.);
#6712=CYLINDRICAL_SURFACE('',#7986,2.);
#6713=CYLINDRICAL_SURFACE('',#7987,2.);
#6714=CYLINDRICAL_SURFACE('',#7988,2.);
#6715=CYLINDRICAL_SURFACE('',#7990,2.);
#6716=CYLINDRICAL_SURFACE('',#7992,2.);
#6717=CYLINDRICAL_SURFACE('',#7993,2.);
#6718=CYLINDRICAL_SURFACE('',#7994,2.);
#6719=CYLINDRICAL_SURFACE('',#7996,2.);
#6720=CYLINDRICAL_SURFACE('',#7998,2.);
#6721=CYLINDRICAL_SURFACE('',#7999,2.);
#6722=CYLINDRICAL_SURFACE('',#8000,2.);
#6723=CYLINDRICAL_SURFACE('',#8002,2.);
#6724=CYLINDRICAL_SURFACE('',#8004,2.);
#6725=CYLINDRICAL_SURFACE('',#8005,2.);
#6726=CYLINDRICAL_SURFACE('',#8006,2.);
#6727=CYLINDRICAL_SURFACE('',#8008,2.);
#6728=CYLINDRICAL_SURFACE('',#8010,2.);
#6729=CYLINDRICAL_SURFACE('',#8011,2.);
#6730=CYLINDRICAL_SURFACE('',#8012,2.);
#6731=CYLINDRICAL_SURFACE('',#8014,2.);
#6732=CYLINDRICAL_SURFACE('',#8016,2.);
#6733=CYLINDRICAL_SURFACE('',#8017,2.);
#6734=CYLINDRICAL_SURFACE('',#8018,2.);
#6735=CYLINDRICAL_SURFACE('',#8020,2.);
#6736=CYLINDRICAL_SURFACE('',#8022,2.);
#6737=CYLINDRICAL_SURFACE('',#8023,2.);
#6738=CYLINDRICAL_SURFACE('',#8024,2.);
#6739=CYLINDRICAL_SURFACE('',#8026,2.);
#6740=CYLINDRICAL_SURFACE('',#8028,2.);
#6741=CYLINDRICAL_SURFACE('',#8029,2.);
#6742=CYLINDRICAL_SURFACE('',#8030,2.);
#6743=CYLINDRICAL_SURFACE('',#8032,2.);
#6744=CYLINDRICAL_SURFACE('',#8034,2.);
#6745=CYLINDRICAL_SURFACE('',#8035,2.);
#6746=CYLINDRICAL_SURFACE('',#8036,2.);
#6747=CYLINDRICAL_SURFACE('',#8038,2.);
#6748=CYLINDRICAL_SURFACE('',#8040,2.);
#6749=CYLINDRICAL_SURFACE('',#8041,2.);
#6750=CYLINDRICAL_SURFACE('',#8042,2.);
#6751=CYLINDRICAL_SURFACE('',#8044,2.);
#6752=CYLINDRICAL_SURFACE('',#8046,2.);
#6753=CYLINDRICAL_SURFACE('',#8047,2.);
#6754=CYLINDRICAL_SURFACE('',#8048,2.);
#6755=CYLINDRICAL_SURFACE('',#8050,2.);
#6756=CYLINDRICAL_SURFACE('',#8052,2.);
#6757=CYLINDRICAL_SURFACE('',#8053,2.);
#6758=CYLINDRICAL_SURFACE('',#8054,2.);
#6759=ADVANCED_FACE('',(#412),#6581,.F.);
#6760=ADVANCED_FACE('',(#413),#241,.T.);
#6761=ADVANCED_FACE('',(#414),#242,.T.);
#6762=ADVANCED_FACE('',(#415),#243,.T.);
#6763=ADVANCED_FACE('',(#416),#244,.F.);
#6764=ADVANCED_FACE('',(#417,#173),#245,.F.);
#6765=ADVANCED_FACE('',(#418),#246,.F.);
#6766=ADVANCED_FACE('',(#419),#247,.T.);
#6767=ADVANCED_FACE('',(#420),#248,.T.);
#6768=ADVANCED_FACE('',(#421),#249,.T.);
#6769=ADVANCED_FACE('',(#422,#174),#250,.T.);
#6770=ADVANCED_FACE('',(#423,#175),#251,.T.);
#6771=ADVANCED_FACE('',(#424,#176,#177),#252,.T.);
#6772=ADVANCED_FACE('',(#425),#253,.T.);
#6773=ADVANCED_FACE('',(#426),#254,.T.);
#6774=ADVANCED_FACE('',(#427),#255,.T.);
#6775=ADVANCED_FACE('',(#428,#178),#256,.F.);
#6776=ADVANCED_FACE('',(#429),#257,.F.);
#6777=ADVANCED_FACE('',(#430),#258,.F.);
#6778=ADVANCED_FACE('',(#431),#259,.F.);
#6779=ADVANCED_FACE('',(#432),#260,.F.);
#6780=ADVANCED_FACE('',(#433),#261,.F.);
#6781=ADVANCED_FACE('',(#434),#262,.F.);
#6782=ADVANCED_FACE('',(#435),#263,.T.);
#6783=ADVANCED_FACE('',(#436),#264,.T.);
#6784=ADVANCED_FACE('',(#437),#265,.T.);
#6785=ADVANCED_FACE('',(#438),#266,.T.);
#6786=ADVANCED_FACE('',(#439),#267,.T.);
#6787=ADVANCED_FACE('',(#440),#268,.T.);
#6788=ADVANCED_FACE('',(#441),#269,.T.);
#6789=ADVANCED_FACE('',(#442),#270,.T.);
#6790=ADVANCED_FACE('',(#443),#271,.F.);
#6791=ADVANCED_FACE('',(#444),#272,.T.);
#6792=ADVANCED_FACE('',(#445),#273,.T.);
#6793=ADVANCED_FACE('',(#446),#274,.T.);
#6794=ADVANCED_FACE('',(#447),#275,.F.);
#6795=ADVANCED_FACE('',(#448),#276,.F.);
#6796=ADVANCED_FACE('',(#449),#277,.F.);
#6797=ADVANCED_FACE('',(#450),#278,.F.);
#6798=ADVANCED_FACE('',(#451),#279,.F.);
#6799=ADVANCED_FACE('',(#452,#179,#180),#280,.F.);
#6800=ADVANCED_FACE('',(#453),#281,.F.);
#6801=ADVANCED_FACE('',(#454),#282,.T.);
#6802=ADVANCED_FACE('',(#455),#6582,.F.);
#6803=ADVANCED_FACE('',(#456),#6583,.T.);
#6804=ADVANCED_FACE('',(#457),#6584,.F.);
#6805=ADVANCED_FACE('',(#458),#6585,.T.);
#6806=ADVANCED_FACE('',(#459),#115,.T.);
#6807=ADVANCED_FACE('',(#460),#6586,.T.);
#6808=ADVANCED_FACE('',(#461),#116,.T.);
#6809=ADVANCED_FACE('',(#462),#6587,.T.);
#6810=ADVANCED_FACE('',(#463),#283,.T.);
#6811=ADVANCED_FACE('',(#464),#284,.T.);
#6812=ADVANCED_FACE('',(#465),#6588,.T.);
#6813=ADVANCED_FACE('',(#466),#117,.T.);
#6814=ADVANCED_FACE('',(#467),#6589,.T.);
#6815=ADVANCED_FACE('',(#468),#118,.T.);
#6816=ADVANCED_FACE('',(#469),#6590,.T.);
#6817=ADVANCED_FACE('',(#470),#285,.T.);
#6818=ADVANCED_FACE('',(#471),#286,.T.);
#6819=ADVANCED_FACE('',(#472),#6591,.T.);
#6820=ADVANCED_FACE('',(#473),#287,.T.);
#6821=ADVANCED_FACE('',(#474),#6592,.T.);
#6822=ADVANCED_FACE('',(#475),#6593,.F.);
#6823=ADVANCED_FACE('',(#476),#288,.T.);
#6824=ADVANCED_FACE('',(#477),#289,.F.);
#6825=ADVANCED_FACE('',(#478),#6594,.F.);
#6826=ADVANCED_FACE('',(#479),#290,.T.);
#6827=ADVANCED_FACE('',(#480),#291,.T.);
#6828=ADVANCED_FACE('',(#481),#292,.T.);
#6829=ADVANCED_FACE('',(#482,#181),#293,.F.);
#6830=ADVANCED_FACE('',(#483),#107,.T.);
#6831=ADVANCED_FACE('',(#484),#294,.F.);
#6832=ADVANCED_FACE('',(#485),#108,.T.);
#6833=ADVANCED_FACE('',(#486),#295,.F.);
#6834=ADVANCED_FACE('',(#487),#109,.T.);
#6835=ADVANCED_FACE('',(#488),#296,.F.);
#6836=ADVANCED_FACE('',(#489),#110,.T.);
#6837=ADVANCED_FACE('',(#490),#297,.F.);
#6838=ADVANCED_FACE('',(#491),#298,.F.);
#6839=ADVANCED_FACE('',(#492),#111,.F.);
#6840=ADVANCED_FACE('',(#493),#6595,.T.);
#6841=ADVANCED_FACE('',(#494),#112,.F.);
#6842=ADVANCED_FACE('',(#495),#6596,.T.);
#6843=ADVANCED_FACE('',(#496),#113,.F.);
#6844=ADVANCED_FACE('',(#497),#6597,.T.);
#6845=ADVANCED_FACE('',(#498),#114,.F.);
#6846=ADVANCED_FACE('',(#499),#6598,.T.);
#6847=ADVANCED_FACE('',(#500),#299,.T.);
#6848=ADVANCED_FACE('',(#501),#6599,.T.);
#6849=ADVANCED_FACE('',(#502),#300,.T.);
#6850=ADVANCED_FACE('',(#503),#6600,.T.);
#6851=ADVANCED_FACE('',(#504,#182),#301,.F.);
#6852=ADVANCED_FACE('',(#505),#6601,.T.);
#6853=ADVANCED_FACE('',(#506),#79,.F.);
#6854=ADVANCED_FACE('',(#507),#6602,.T.);
#6855=ADVANCED_FACE('',(#508),#80,.F.);
#6856=ADVANCED_FACE('',(#509),#6603,.T.);
#6857=ADVANCED_FACE('',(#510),#81,.F.);
#6858=ADVANCED_FACE('',(#511),#6604,.T.);
#6859=ADVANCED_FACE('',(#512),#82,.F.);
#6860=ADVANCED_FACE('',(#513),#6605,.T.);
#6861=ADVANCED_FACE('',(#514),#302,.T.);
#6862=ADVANCED_FACE('',(#515),#6606,.T.);
#6863=ADVANCED_FACE('',(#516),#303,.T.);
#6864=ADVANCED_FACE('',(#517),#6607,.F.);
#6865=ADVANCED_FACE('',(#518),#6608,.F.);
#6866=ADVANCED_FACE('',(#519),#6609,.T.);
#6867=ADVANCED_FACE('',(#520),#304,.T.);
#6868=ADVANCED_FACE('',(#521,#183),#305,.T.);
#6869=ADVANCED_FACE('',(#522),#306,.T.);
#6870=ADVANCED_FACE('',(#523,#184),#307,.T.);
#6871=ADVANCED_FACE('',(#524),#6610,.F.);
#6872=ADVANCED_FACE('',(#525),#6611,.T.);
#6873=ADVANCED_FACE('',(#526),#308,.T.);
#6874=ADVANCED_FACE('',(#527,#185),#309,.T.);
#6875=ADVANCED_FACE('',(#528,#186),#310,.F.);
#6876=ADVANCED_FACE('',(#529),#6612,.F.);
#6877=ADVANCED_FACE('',(#530),#311,.F.);
#6878=ADVANCED_FACE('',(#531),#6613,.F.);
#6879=ADVANCED_FACE('',(#532),#312,.F.);
#6880=ADVANCED_FACE('',(#533),#6614,.F.);
#6881=ADVANCED_FACE('',(#534),#313,.T.);
#6882=ADVANCED_FACE('',(#535),#314,.F.);
#6883=ADVANCED_FACE('',(#536),#6615,.T.);
#6884=ADVANCED_FACE('',(#537),#315,.T.);
#6885=ADVANCED_FACE('',(#538,#187,#188),#316,.T.);
#6886=ADVANCED_FACE('',(#539),#6616,.F.);
#6887=ADVANCED_FACE('',(#540,#189),#317,.T.);
#6888=ADVANCED_FACE('',(#541),#6617,.F.);
#6889=ADVANCED_FACE('',(#542,#190),#318,.T.);
#6890=ADVANCED_FACE('',(#543),#6618,.F.);
#6891=ADVANCED_FACE('',(#544),#6619,.F.);
#6892=ADVANCED_FACE('',(#545,#191,#192),#319,.T.);
#6893=ADVANCED_FACE('',(#546),#320,.T.);
#6894=ADVANCED_FACE('',(#547),#321,.T.);
#6895=ADVANCED_FACE('',(#548),#6620,.T.);
#6896=ADVANCED_FACE('',(#549),#6621,.T.);
#6897=ADVANCED_FACE('',(#550),#47,.T.);
#6898=ADVANCED_FACE('',(#551),#6622,.T.);
#6899=ADVANCED_FACE('',(#552),#48,.T.);
#6900=ADVANCED_FACE('',(#553),#6623,.F.);
#6901=ADVANCED_FACE('',(#554,#193),#322,.F.);
#6902=ADVANCED_FACE('',(#555),#323,.T.);
#6903=ADVANCED_FACE('',(#556),#6624,.T.);
#6904=ADVANCED_FACE('',(#557),#324,.T.);
#6905=ADVANCED_FACE('',(#558),#325,.T.);
#6906=ADVANCED_FACE('',(#559),#326,.T.);
#6907=ADVANCED_FACE('',(#560,#194,#195),#327,.T.);
#6908=ADVANCED_FACE('',(#561),#6625,.T.);
#6909=ADVANCED_FACE('',(#562),#328,.T.);
#6910=ADVANCED_FACE('',(#563),#6626,.T.);
#6911=ADVANCED_FACE('',(#564),#49,.T.);
#6912=ADVANCED_FACE('',(#565),#6627,.T.);
#6913=ADVANCED_FACE('',(#566),#329,.T.);
#6914=ADVANCED_FACE('',(#567),#6628,.T.);
#6915=ADVANCED_FACE('',(#568),#50,.T.);
#6916=ADVANCED_FACE('',(#569),#330,.F.);
#6917=ADVANCED_FACE('',(#570),#6629,.F.);
#6918=ADVANCED_FACE('',(#571),#331,.T.);
#6919=ADVANCED_FACE('',(#572),#6630,.F.);
#6920=ADVANCED_FACE('',(#573),#6631,.F.);
#6921=ADVANCED_FACE('',(#574),#332,.F.);
#6922=ADVANCED_FACE('',(#575),#6632,.F.);
#6923=ADVANCED_FACE('',(#576),#333,.F.);
#6924=ADVANCED_FACE('',(#577),#334,.F.);
#6925=ADVANCED_FACE('',(#578),#6633,.F.);
#6926=ADVANCED_FACE('',(#579),#335,.F.);
#6927=ADVANCED_FACE('',(#580),#336,.F.);
#6928=ADVANCED_FACE('',(#581,#196),#337,.F.);
#6929=ADVANCED_FACE('',(#582),#338,.F.);
#6930=ADVANCED_FACE('',(#583),#339,.T.);
#6931=ADVANCED_FACE('',(#584),#6634,.T.);
#6932=ADVANCED_FACE('',(#585),#51,.T.);
#6933=ADVANCED_FACE('',(#586),#52,.T.);
#6934=ADVANCED_FACE('',(#587),#6635,.T.);
#6935=ADVANCED_FACE('',(#588),#53,.T.);
#6936=ADVANCED_FACE('',(#589),#340,.T.);
#6937=ADVANCED_FACE('',(#590),#6636,.T.);
#6938=ADVANCED_FACE('',(#591),#341,.T.);
#6939=ADVANCED_FACE('',(#592),#6637,.T.);
#6940=ADVANCED_FACE('',(#593),#6638,.T.);
#6941=ADVANCED_FACE('',(#594),#6639,.T.);
#6942=ADVANCED_FACE('',(#595),#119,.T.);
#6943=ADVANCED_FACE('',(#596),#120,.T.);
#6944=ADVANCED_FACE('',(#597),#121,.T.);
#6945=ADVANCED_FACE('',(#598),#122,.T.);
#6946=ADVANCED_FACE('',(#599),#6640,.T.);
#6947=ADVANCED_FACE('',(#600),#54,.T.);
#6948=ADVANCED_FACE('',(#601),#6641,.T.);
#6949=ADVANCED_FACE('',(#602),#342,.F.);
#6950=ADVANCED_FACE('',(#603),#6642,.F.);
#6951=ADVANCED_FACE('',(#604),#6643,.F.);
#6952=ADVANCED_FACE('',(#605),#123,.T.);
#6953=ADVANCED_FACE('',(#606),#6644,.T.);
#6954=ADVANCED_FACE('',(#607),#124,.T.);
#6955=ADVANCED_FACE('',(#608),#6645,.T.);
#6956=ADVANCED_FACE('',(#609),#55,.T.);
#6957=ADVANCED_FACE('',(#610),#6646,.T.);
#6958=ADVANCED_FACE('',(#611),#343,.T.);
#6959=ADVANCED_FACE('',(#612),#6647,.T.);
#6960=ADVANCED_FACE('',(#613),#344,.T.);
#6961=ADVANCED_FACE('',(#614),#6648,.T.);
#6962=ADVANCED_FACE('',(#615,#197),#345,.F.);
#6963=ADVANCED_FACE('',(#616),#6649,.T.);
#6964=ADVANCED_FACE('',(#617),#6650,.T.);
#6965=ADVANCED_FACE('',(#618),#6651,.T.);
#6966=ADVANCED_FACE('',(#619),#6652,.T.);
#6967=ADVANCED_FACE('',(#620),#56,.T.);
#6968=ADVANCED_FACE('',(#621),#57,.T.);
#6969=ADVANCED_FACE('',(#622),#58,.T.);
#6970=ADVANCED_FACE('',(#623,#198),#346,.T.);
#6971=ADVANCED_FACE('',(#624),#6653,.T.);
#6972=ADVANCED_FACE('',(#625),#347,.T.);
#6973=ADVANCED_FACE('',(#626),#6654,.F.);
#6974=ADVANCED_FACE('',(#627),#125,.T.);
#6975=ADVANCED_FACE('',(#628),#6655,.T.);
#6976=ADVANCED_FACE('',(#629),#126,.T.);
#6977=ADVANCED_FACE('',(#630),#6656,.T.);
#6978=ADVANCED_FACE('',(#631),#127,.T.);
#6979=ADVANCED_FACE('',(#632),#6657,.T.);
#6980=ADVANCED_FACE('',(#633),#128,.T.);
#6981=ADVANCED_FACE('',(#634),#6658,.T.);
#6982=ADVANCED_FACE('',(#635),#6659,.T.);
#6983=ADVANCED_FACE('',(#636),#129,.T.);
#6984=ADVANCED_FACE('',(#637),#130,.T.);
#6985=ADVANCED_FACE('',(#638),#6660,.T.);
#6986=ADVANCED_FACE('',(#639),#131,.T.);
#6987=ADVANCED_FACE('',(#640),#6661,.T.);
#6988=ADVANCED_FACE('',(#641),#132,.T.);
#6989=ADVANCED_FACE('',(#642),#133,.T.);
#6990=ADVANCED_FACE('',(#643),#6662,.T.);
#6991=ADVANCED_FACE('',(#644),#134,.T.);
#6992=ADVANCED_FACE('',(#645),#6663,.F.);
#6993=ADVANCED_FACE('',(#646),#6664,.F.);
#6994=ADVANCED_FACE('',(#647),#6665,.F.);
#6995=ADVANCED_FACE('',(#648),#6666,.F.);
#6996=ADVANCED_FACE('',(#649),#348,.T.);
#6997=ADVANCED_FACE('',(#650),#349,.F.);
#6998=ADVANCED_FACE('',(#651),#6667,.T.);
#6999=ADVANCED_FACE('',(#652),#6668,.T.);
#7000=ADVANCED_FACE('',(#653),#59,.T.);
#7001=ADVANCED_FACE('',(#654),#6669,.T.);
#7002=ADVANCED_FACE('',(#655),#60,.T.);
#7003=ADVANCED_FACE('',(#656),#350,.F.);
#7004=ADVANCED_FACE('',(#657),#6670,.T.);
#7005=ADVANCED_FACE('',(#658),#351,.F.);
#7006=ADVANCED_FACE('',(#659),#6671,.T.);
#7007=ADVANCED_FACE('',(#660),#352,.F.);
#7008=ADVANCED_FACE('',(#661),#6672,.T.);
#7009=ADVANCED_FACE('',(#662),#353,.F.);
#7010=ADVANCED_FACE('',(#663),#6673,.T.);
#7011=ADVANCED_FACE('',(#664),#354,.F.);
#7012=ADVANCED_FACE('',(#665),#6674,.T.);
#7013=ADVANCED_FACE('',(#666),#6675,.T.);
#7014=ADVANCED_FACE('',(#667),#6676,.T.);
#7015=ADVANCED_FACE('',(#668),#355,.F.);
#7016=ADVANCED_FACE('',(#669),#356,.F.);
#7017=ADVANCED_FACE('',(#670),#357,.F.);
#7018=ADVANCED_FACE('',(#671),#358,.T.);
#7019=ADVANCED_FACE('',(#672),#359,.T.);
#7020=ADVANCED_FACE('',(#673),#6677,.F.);
#7021=ADVANCED_FACE('',(#674,#199,#200),#360,.T.);
#7022=ADVANCED_FACE('',(#675,#201,#202,#203,#204,#205,#206,#207,#208,#209,
#210,#211,#212,#213,#214,#215,#216,#217),#361,.T.);
#7023=ADVANCED_FACE('',(#676),#362,.T.);
#7024=ADVANCED_FACE('',(#677),#363,.F.);
#7025=ADVANCED_FACE('',(#678),#6678,.T.);
#7026=ADVANCED_FACE('',(#679),#135,.T.);
#7027=ADVANCED_FACE('',(#680),#6679,.T.);
#7028=ADVANCED_FACE('',(#681),#136,.T.);
#7029=ADVANCED_FACE('',(#682),#6680,.T.);
#7030=ADVANCED_FACE('',(#683),#364,.T.);
#7031=ADVANCED_FACE('',(#684),#6681,.F.);
#7032=ADVANCED_FACE('',(#685),#365,.F.);
#7033=ADVANCED_FACE('',(#686),#6682,.F.);
#7034=ADVANCED_FACE('',(#687),#6683,.F.);
#7035=ADVANCED_FACE('',(#688),#6684,.F.);
#7036=ADVANCED_FACE('',(#689),#366,.F.);
#7037=ADVANCED_FACE('',(#690),#6685,.T.);
#7038=ADVANCED_FACE('',(#691),#367,.T.);
#7039=ADVANCED_FACE('',(#692),#6686,.T.);
#7040=ADVANCED_FACE('',(#693),#6687,.F.);
#7041=ADVANCED_FACE('',(#694),#6688,.F.);
#7042=ADVANCED_FACE('',(#695),#368,.T.);
#7043=ADVANCED_FACE('',(#696),#6689,.F.);
#7044=ADVANCED_FACE('',(#697),#369,.T.);
#7045=ADVANCED_FACE('',(#698),#6690,.F.);
#7046=ADVANCED_FACE('',(#699),#370,.T.);
#7047=ADVANCED_FACE('',(#700),#6691,.F.);
#7048=ADVANCED_FACE('',(#701),#371,.T.);
#7049=ADVANCED_FACE('',(#702),#6692,.F.);
#7050=ADVANCED_FACE('',(#703),#372,.T.);
#7051=ADVANCED_FACE('',(#704),#373,.F.);
#7052=ADVANCED_FACE('',(#705),#6693,.F.);
#7053=ADVANCED_FACE('',(#706),#6694,.F.);
#7054=ADVANCED_FACE('',(#707,#218,#219,#220,#221,#222,#223,#224,#225,#226,
#227,#228,#229,#230,#231,#232,#233,#234,#235),#374,.T.);
#7055=ADVANCED_FACE('',(#708,#236,#237,#238,#239),#375,.F.);
#7056=ADVANCED_FACE('',(#709),#376,.T.);
#7057=ADVANCED_FACE('',(#710),#6695,.F.);
#7058=ADVANCED_FACE('',(#711),#377,.F.);
#7059=ADVANCED_FACE('',(#712),#6696,.F.);
#7060=ADVANCED_FACE('',(#713,#240),#378,.F.);
#7061=ADVANCED_FACE('',(#714),#379,.F.);
#7062=ADVANCED_FACE('',(#715),#6697,.F.);
#7063=ADVANCED_FACE('',(#716),#380,.F.);
#7064=ADVANCED_FACE('',(#717),#381,.F.);
#7065=ADVANCED_FACE('',(#718),#6698,.F.);
#7066=ADVANCED_FACE('',(#719),#6699,.F.);
#7067=ADVANCED_FACE('',(#720),#382,.F.);
#7068=ADVANCED_FACE('',(#721),#6700,.F.);
#7069=ADVANCED_FACE('',(#722),#6701,.F.);
#7070=ADVANCED_FACE('',(#723),#6702,.F.);
#7071=ADVANCED_FACE('',(#724),#383,.F.);
#7072=ADVANCED_FACE('',(#725),#6703,.F.);
#7073=ADVANCED_FACE('',(#726),#384,.F.);
#7074=ADVANCED_FACE('',(#727),#6704,.F.);
#7075=ADVANCED_FACE('',(#728),#6705,.F.);
#7076=ADVANCED_FACE('',(#729),#6706,.F.);
#7077=ADVANCED_FACE('',(#730),#385,.F.);
#7078=ADVANCED_FACE('',(#731),#6707,.F.);
#7079=ADVANCED_FACE('',(#732),#386,.F.);
#7080=ADVANCED_FACE('',(#733),#6708,.F.);
#7081=ADVANCED_FACE('',(#734),#6709,.F.);
#7082=ADVANCED_FACE('',(#735),#6710,.F.);
#7083=ADVANCED_FACE('',(#736),#387,.F.);
#7084=ADVANCED_FACE('',(#737),#6711,.F.);
#7085=ADVANCED_FACE('',(#738),#388,.F.);
#7086=ADVANCED_FACE('',(#739),#6712,.F.);
#7087=ADVANCED_FACE('',(#740),#6713,.F.);
#7088=ADVANCED_FACE('',(#741),#6714,.F.);
#7089=ADVANCED_FACE('',(#742),#389,.F.);
#7090=ADVANCED_FACE('',(#743),#6715,.F.);
#7091=ADVANCED_FACE('',(#744),#390,.F.);
#7092=ADVANCED_FACE('',(#745),#6716,.F.);
#7093=ADVANCED_FACE('',(#746),#6717,.F.);
#7094=ADVANCED_FACE('',(#747),#6718,.F.);
#7095=ADVANCED_FACE('',(#748),#391,.F.);
#7096=ADVANCED_FACE('',(#749),#6719,.F.);
#7097=ADVANCED_FACE('',(#750),#392,.F.);
#7098=ADVANCED_FACE('',(#751),#6720,.F.);
#7099=ADVANCED_FACE('',(#752),#6721,.F.);
#7100=ADVANCED_FACE('',(#753),#6722,.F.);
#7101=ADVANCED_FACE('',(#754),#393,.F.);
#7102=ADVANCED_FACE('',(#755),#6723,.F.);
#7103=ADVANCED_FACE('',(#756),#394,.F.);
#7104=ADVANCED_FACE('',(#757),#6724,.F.);
#7105=ADVANCED_FACE('',(#758),#6725,.F.);
#7106=ADVANCED_FACE('',(#759),#6726,.F.);
#7107=ADVANCED_FACE('',(#760),#395,.F.);
#7108=ADVANCED_FACE('',(#761),#6727,.F.);
#7109=ADVANCED_FACE('',(#762),#396,.F.);
#7110=ADVANCED_FACE('',(#763),#6728,.F.);
#7111=ADVANCED_FACE('',(#764),#6729,.F.);
#7112=ADVANCED_FACE('',(#765),#6730,.F.);
#7113=ADVANCED_FACE('',(#766),#397,.F.);
#7114=ADVANCED_FACE('',(#767),#6731,.F.);
#7115=ADVANCED_FACE('',(#768),#398,.F.);
#7116=ADVANCED_FACE('',(#769),#6732,.F.);
#7117=ADVANCED_FACE('',(#770),#6733,.F.);
#7118=ADVANCED_FACE('',(#771),#6734,.F.);
#7119=ADVANCED_FACE('',(#772),#399,.F.);
#7120=ADVANCED_FACE('',(#773),#6735,.F.);
#7121=ADVANCED_FACE('',(#774),#400,.F.);
#7122=ADVANCED_FACE('',(#775),#6736,.F.);
#7123=ADVANCED_FACE('',(#776),#6737,.F.);
#7124=ADVANCED_FACE('',(#777),#6738,.F.);
#7125=ADVANCED_FACE('',(#778),#401,.F.);
#7126=ADVANCED_FACE('',(#779),#6739,.F.);
#7127=ADVANCED_FACE('',(#780),#402,.F.);
#7128=ADVANCED_FACE('',(#781),#6740,.F.);
#7129=ADVANCED_FACE('',(#782),#6741,.F.);
#7130=ADVANCED_FACE('',(#783),#6742,.F.);
#7131=ADVANCED_FACE('',(#784),#403,.F.);
#7132=ADVANCED_FACE('',(#785),#6743,.F.);
#7133=ADVANCED_FACE('',(#786),#404,.F.);
#7134=ADVANCED_FACE('',(#787),#6744,.F.);
#7135=ADVANCED_FACE('',(#788),#6745,.F.);
#7136=ADVANCED_FACE('',(#789),#6746,.F.);
#7137=ADVANCED_FACE('',(#790),#405,.F.);
#7138=ADVANCED_FACE('',(#791),#6747,.F.);
#7139=ADVANCED_FACE('',(#792),#406,.F.);
#7140=ADVANCED_FACE('',(#793),#6748,.F.);
#7141=ADVANCED_FACE('',(#794),#6749,.F.);
#7142=ADVANCED_FACE('',(#795),#6750,.F.);
#7143=ADVANCED_FACE('',(#796),#407,.F.);
#7144=ADVANCED_FACE('',(#797),#6751,.F.);
#7145=ADVANCED_FACE('',(#798),#408,.F.);
#7146=ADVANCED_FACE('',(#799),#6752,.F.);
#7147=ADVANCED_FACE('',(#800),#6753,.F.);
#7148=ADVANCED_FACE('',(#801),#6754,.F.);
#7149=ADVANCED_FACE('',(#802),#409,.F.);
#7150=ADVANCED_FACE('',(#803),#6755,.F.);
#7151=ADVANCED_FACE('',(#804),#410,.F.);
#7152=ADVANCED_FACE('',(#805),#6756,.F.);
#7153=ADVANCED_FACE('',(#806),#6757,.F.);
#7154=ADVANCED_FACE('',(#807),#6758,.F.);
#7155=ADVANCED_FACE('',(#808),#411,.F.);
#7156=CLOSED_SHELL('',(#6759,#6760,#6761,#6762,#6763,#6764,#6765,#6766,
#6767,#6768,#6769));
#7157=CLOSED_SHELL('',(#6770,#6771,#6772,#6773,#6774,#6775,#6776,#6777,
#6778,#6779,#6780,#6781,#6782,#6783,#6784,#6785,#6786,#6787,#6788,#6789,
#6790,#6791,#6792,#6793,#6794,#6795,#6796,#6797,#6798,#6799,#6800,#6801,
#6802,#6803,#6804));
#7158=CLOSED_SHELL('',(#6805,#6806,#6807,#6808,#6809,#6810,#6811,#6812,
#6813,#6814,#6815,#6816,#6817,#6818,#6819,#6820,#6821,#6822,#6823,#6824,
#6825,#6826,#6827,#6828,#6829));
#7159=CLOSED_SHELL('',(#6830,#6831,#6832,#6833,#6834,#6835,#6836,#6837,
#6838,#6839,#6840,#6841,#6842,#6843,#6844,#6845,#6846,#6847,#6848,#6849,
#6850,#6851,#6852,#6853,#6854,#6855,#6856,#6857,#6858,#6859,#6860,#6861,
#6862,#6863,#6864,#6865,#6866,#6867,#6868,#6869,#6870,#6871,#6872,#6873,
#6874,#6875,#6876,#6877,#6878,#6879,#6880,#6881,#6882));
#7160=CLOSED_SHELL('',(#6883,#6884,#6885,#6886,#6887,#6888,#6889,#6890,
#6891,#6892,#6893,#6894));
#7161=CLOSED_SHELL('',(#6895,#6896,#6897,#6898,#6899,#6900,#6901,#6902,
#6903,#6904,#6905,#6906,#6907,#6908,#6909,#6910,#6911,#6912,#6913,#6914,
#6915,#6916,#6917,#6918,#6919,#6920,#6921,#6922,#6923,#6924,#6925,#6926,
#6927,#6928,#6929,#6930));
#7162=CLOSED_SHELL('',(#6931,#6932,#6933,#6934,#6935,#6936,#6937,#6938,
#6939,#6940,#6941,#6942,#6943,#6944,#6945,#6946,#6947,#6948,#6949,#6950,
#6951,#6952,#6953,#6954,#6955,#6956,#6957,#6958,#6959,#6960,#6961,#6962,
#6963,#6964,#6965,#6966,#6967,#6968,#6969,#6970,#6971,#6972,#6973,#6974,
#6975,#6976,#6977,#6978,#6979,#6980,#6981,#6982,#6983,#6984,#6985,#6986,
#6987,#6988,#6989,#6990,#6991,#6992,#6993,#6994,#6995,#6996,#6997));
#7163=CLOSED_SHELL('',(#6998,#6999,#7000,#7001,#7002,#7003,#7004,#7005,
#7006,#7007,#7008,#7009,#7010,#7011,#7012,#7013,#7014,#7015,#7016,#7017,
#7018,#7019));
#7164=CLOSED_SHELL('',(#7020,#7021,#7022,#7023,#7024,#7025,#7026,#7027,
#7028,#7029,#7030,#7031,#7032,#7033,#7034,#7035,#7036,#7037,#7038,#7039,
#7040,#7041,#7042,#7043,#7044,#7045,#7046,#7047,#7048,#7049,#7050,#7051,
#7052,#7053,#7054,#7055,#7056,#7057,#7058,#7059,#7060,#7061,#7062,#7063,
#7064,#7065,#7066,#7067,#7068,#7069,#7070,#7071,#7072,#7073,#7074,#7075,
#7076,#7077,#7078,#7079,#7080,#7081,#7082,#7083,#7084,#7085,#7086,#7087,
#7088,#7089,#7090,#7091,#7092,#7093,#7094,#7095,#7096,#7097,#7098,#7099,
#7100,#7101,#7102,#7103,#7104,#7105,#7106,#7107,#7108,#7109,#7110,#7111,
#7112,#7113,#7114,#7115,#7116,#7117,#7118,#7119,#7120,#7121,#7122,#7123,
#7124,#7125,#7126,#7127,#7128,#7129,#7130,#7131,#7132,#7133,#7134,#7135,
#7136,#7137,#7138,#7139,#7140,#7141,#7142,#7143,#7144,#7145,#7146,#7147,
#7148,#7149,#7150,#7151,#7152,#7153,#7154,#7155));
#7165=DERIVED_UNIT_ELEMENT(#7183,1.);
#7166=DERIVED_UNIT_ELEMENT(#12744,-3.);
#7167=DERIVED_UNIT_ELEMENT(#7183,1.);
#7168=DERIVED_UNIT_ELEMENT(#12744,-3.);
#7169=DERIVED_UNIT_ELEMENT(#7183,1.);
#7170=DERIVED_UNIT_ELEMENT(#12744,-3.);
#7171=DERIVED_UNIT_ELEMENT(#7183,1.);
#7172=DERIVED_UNIT_ELEMENT(#12744,-3.);
#7173=DERIVED_UNIT_ELEMENT(#7183,1.);
#7174=DERIVED_UNIT_ELEMENT(#12744,-3.);
#7175=DERIVED_UNIT_ELEMENT(#7183,1.);
#7176=DERIVED_UNIT_ELEMENT(#12744,-3.);
#7177=DERIVED_UNIT_ELEMENT(#7183,1.);
#7178=DERIVED_UNIT_ELEMENT(#12744,-3.);
#7179=DERIVED_UNIT_ELEMENT(#7183,1.);
#7180=DERIVED_UNIT_ELEMENT(#12744,-3.);
#7181=DERIVED_UNIT_ELEMENT(#7183,1.);
#7182=DERIVED_UNIT_ELEMENT(#12744,-3.);
#7183=(
MASS_UNIT()
NAMED_UNIT(*)
SI_UNIT(.KILO.,.GRAM.)
);
#7184=DERIVED_UNIT((#7165,#7166));
#7185=DERIVED_UNIT((#7167,#7168));
#7186=DERIVED_UNIT((#7169,#7170));
#7187=DERIVED_UNIT((#7171,#7172));
#7188=DERIVED_UNIT((#7173,#7174));
#7189=DERIVED_UNIT((#7175,#7176));
#7190=DERIVED_UNIT((#7177,#7178));
#7191=DERIVED_UNIT((#7179,#7180));
#7192=DERIVED_UNIT((#7181,#7182));
#7193=MEASURE_REPRESENTATION_ITEM('density measure',
POSITIVE_RATIO_MEASURE(7850.),#7184);
#7194=MEASURE_REPRESENTATION_ITEM('density measure',
POSITIVE_RATIO_MEASURE(7850.),#7185);
#7195=MEASURE_REPRESENTATION_ITEM('density measure',
POSITIVE_RATIO_MEASURE(7850.),#7186);
#7196=MEASURE_REPRESENTATION_ITEM('density measure',
POSITIVE_RATIO_MEASURE(7850.),#7187);
#7197=MEASURE_REPRESENTATION_ITEM('density measure',
POSITIVE_RATIO_MEASURE(7850.),#7188);
#7198=MEASURE_REPRESENTATION_ITEM('density measure',
POSITIVE_RATIO_MEASURE(7850.),#7189);
#7199=MEASURE_REPRESENTATION_ITEM('density measure',
POSITIVE_RATIO_MEASURE(7850.),#7190);
#7200=MEASURE_REPRESENTATION_ITEM('density measure',
POSITIVE_RATIO_MEASURE(7850.),#7191);
#7201=MEASURE_REPRESENTATION_ITEM('density measure',
POSITIVE_RATIO_MEASURE(7850.),#7192);
#7202=PROPERTY_DEFINITION_REPRESENTATION(#7247,#7220);
#7203=PROPERTY_DEFINITION_REPRESENTATION(#7248,#7221);
#7204=PROPERTY_DEFINITION_REPRESENTATION(#7249,#7222);
#7205=PROPERTY_DEFINITION_REPRESENTATION(#7250,#7223);
#7206=PROPERTY_DEFINITION_REPRESENTATION(#7251,#7224);
#7207=PROPERTY_DEFINITION_REPRESENTATION(#7252,#7225);
#7208=PROPERTY_DEFINITION_REPRESENTATION(#7253,#7226);
#7209=PROPERTY_DEFINITION_REPRESENTATION(#7254,#7227);
#7210=PROPERTY_DEFINITION_REPRESENTATION(#7255,#7228);
#7211=PROPERTY_DEFINITION_REPRESENTATION(#7256,#7229);
#7212=PROPERTY_DEFINITION_REPRESENTATION(#7257,#7230);
#7213=PROPERTY_DEFINITION_REPRESENTATION(#7258,#7231);
#7214=PROPERTY_DEFINITION_REPRESENTATION(#7259,#7232);
#7215=PROPERTY_DEFINITION_REPRESENTATION(#7260,#7233);
#7216=PROPERTY_DEFINITION_REPRESENTATION(#7261,#7234);
#7217=PROPERTY_DEFINITION_REPRESENTATION(#7262,#7235);
#7218=PROPERTY_DEFINITION_REPRESENTATION(#7263,#7236);
#7219=PROPERTY_DEFINITION_REPRESENTATION(#7264,#7237);
#7220=REPRESENTATION('material name',(#7238),#12733);
#7221=REPRESENTATION('density',(#7193),#12733);
#7222=REPRESENTATION('material name',(#7239),#12734);
#7223=REPRESENTATION('density',(#7194),#12734);
#7224=REPRESENTATION('material name',(#7240),#12735);
#7225=REPRESENTATION('density',(#7195),#12735);
#7226=REPRESENTATION('material name',(#7241),#12736);
#7227=REPRESENTATION('density',(#7196),#12736);
#7228=REPRESENTATION('material name',(#7242),#12737);
#7229=REPRESENTATION('density',(#7197),#12737);
#7230=REPRESENTATION('material name',(#7243),#12738);
#7231=REPRESENTATION('density',(#7198),#12738);
#7232=REPRESENTATION('material name',(#7244),#12739);
#7233=REPRESENTATION('density',(#7199),#12739);
#7234=REPRESENTATION('material name',(#7245),#12740);
#7235=REPRESENTATION('density',(#7200),#12740);
#7236=REPRESENTATION('material name',(#7246),#12741);
#7237=REPRESENTATION('density',(#7201),#12741);
#7238=DESCRIPTIVE_REPRESENTATION_ITEM('\X2\94A2\X0\','\X2\94A2\X0\');
#7239=DESCRIPTIVE_REPRESENTATION_ITEM('\X2\94A2\X0\','\X2\94A2\X0\');
#7240=DESCRIPTIVE_REPRESENTATION_ITEM('\X2\94A2\X0\','\X2\94A2\X0\');
#7241=DESCRIPTIVE_REPRESENTATION_ITEM('\X2\94A2\X0\','\X2\94A2\X0\');
#7242=DESCRIPTIVE_REPRESENTATION_ITEM('\X2\94A2\X0\','\X2\94A2\X0\');
#7243=DESCRIPTIVE_REPRESENTATION_ITEM('\X2\94A2\X0\','\X2\94A2\X0\');
#7244=DESCRIPTIVE_REPRESENTATION_ITEM('\X2\94A2\X0\','\X2\94A2\X0\');
#7245=DESCRIPTIVE_REPRESENTATION_ITEM('\X2\94A2\X0\','\X2\94A2\X0\');
#7246=DESCRIPTIVE_REPRESENTATION_ITEM('\X2\94A2\X0\','\X2\94A2\X0\');
#7247=PROPERTY_DEFINITION('material property','material name',#12788);
#7248=PROPERTY_DEFINITION('material property','density of part',#12788);
#7249=PROPERTY_DEFINITION('material property','material name',#12789);
#7250=PROPERTY_DEFINITION('material property','density of part',#12789);
#7251=PROPERTY_DEFINITION('material property','material name',#12790);
#7252=PROPERTY_DEFINITION('material property','density of part',#12790);
#7253=PROPERTY_DEFINITION('material property','material name',#12791);
#7254=PROPERTY_DEFINITION('material property','density of part',#12791);
#7255=PROPERTY_DEFINITION('material property','material name',#12792);
#7256=PROPERTY_DEFINITION('material property','density of part',#12792);
#7257=PROPERTY_DEFINITION('material property','material name',#12793);
#7258=PROPERTY_DEFINITION('material property','density of part',#12793);
#7259=PROPERTY_DEFINITION('material property','material name',#12794);
#7260=PROPERTY_DEFINITION('material property','density of part',#12794);
#7261=PROPERTY_DEFINITION('material property','material name',#12795);
#7262=PROPERTY_DEFINITION('material property','density of part',#12795);
#7263=PROPERTY_DEFINITION('material property','material name',#12796);
#7264=PROPERTY_DEFINITION('material property','density of part',#12796);
#7265=AXIS2_PLACEMENT_3D('',#10274,#8065,#8066);
#7266=AXIS2_PLACEMENT_3D('',#10275,#8067,#8068);
#7267=AXIS2_PLACEMENT_3D('',#10276,#8069,#8070);
#7268=AXIS2_PLACEMENT_3D('',#10278,#8071,#8072);
#7269=AXIS2_PLACEMENT_3D('',#10281,#8074,#8075);
#7270=AXIS2_PLACEMENT_3D('',#10282,#8076,#8077);
#7271=AXIS2_PLACEMENT_3D('',#10299,#8086,#8087);
#7272=AXIS2_PLACEMENT_3D('',#10305,#8091,#8092);
#7273=AXIS2_PLACEMENT_3D('',#10311,#8096,#8097);
#7274=AXIS2_PLACEMENT_3D('',#10315,#8100,#8101);
#7275=AXIS2_PLACEMENT_3D('',#10319,#8104,#8105);
#7276=AXIS2_PLACEMENT_3D('',#10321,#8107,#8108);
#7277=AXIS2_PLACEMENT_3D('',#10327,#8112,#8113);
#7278=AXIS2_PLACEMENT_3D('',#10329,#8115,#8116);
#7279=AXIS2_PLACEMENT_3D('',#10331,#8118,#8119);
#7280=AXIS2_PLACEMENT_3D('',#10332,#8120,#8121);
#7281=AXIS2_PLACEMENT_3D('',#10333,#8122,#8123);
#7282=AXIS2_PLACEMENT_3D('',#10335,#8124,#8125);
#7283=AXIS2_PLACEMENT_3D('',#10337,#8126,#8127);
#7284=AXIS2_PLACEMENT_3D('',#10338,#8128,#8129);
#7285=AXIS2_PLACEMENT_3D('',#10360,#8140,#8141);
#7286=AXIS2_PLACEMENT_3D('',#10362,#8142,#8143);
#7287=AXIS2_PLACEMENT_3D('',#10363,#8144,#8145);
#7288=AXIS2_PLACEMENT_3D('',#10369,#8149,#8150);
#7289=AXIS2_PLACEMENT_3D('',#10379,#8156,#8157);
#7290=AXIS2_PLACEMENT_3D('',#10383,#8160,#8161);
#7291=AXIS2_PLACEMENT_3D('',#10397,#8168,#8169);
#7292=AXIS2_PLACEMENT_3D('',#10398,#8170,#8171);
#7293=AXIS2_PLACEMENT_3D('',#10404,#8175,#8176);
#7294=AXIS2_PLACEMENT_3D('',#10408,#8179,#8180);
#7295=AXIS2_PLACEMENT_3D('',#10412,#8183,#8184);
#7296=AXIS2_PLACEMENT_3D('',#10416,#8187,#8188);
#7297=AXIS2_PLACEMENT_3D('',#10420,#8191,#8192);
#7298=AXIS2_PLACEMENT_3D('',#10422,#8194,#8195);
#7299=AXIS2_PLACEMENT_3D('',#10426,#8198,#8199);
#7300=AXIS2_PLACEMENT_3D('',#10430,#8202,#8203);
#7301=AXIS2_PLACEMENT_3D('',#10443,#8210,#8211);
#7302=AXIS2_PLACEMENT_3D('',#10449,#8215,#8216);
#7303=AXIS2_PLACEMENT_3D('',#10455,#8220,#8221);
#7304=AXIS2_PLACEMENT_3D('',#10457,#8223,#8224);
#7305=AXIS2_PLACEMENT_3D('',#10463,#8228,#8229);
#7306=AXIS2_PLACEMENT_3D('',#10467,#8233,#8234);
#7307=AXIS2_PLACEMENT_3D('',#10468,#8235,#8236);
#7308=AXIS2_PLACEMENT_3D('',#10472,#8239,#8240);
#7309=AXIS2_PLACEMENT_3D('',#10484,#8247,#8248);
#7310=AXIS2_PLACEMENT_3D('',#10488,#8251,#8252);
#7311=AXIS2_PLACEMENT_3D('',#10492,#8255,#8256);
#7312=AXIS2_PLACEMENT_3D('',#10496,#8259,#8260);
#7313=AXIS2_PLACEMENT_3D('',#10502,#8264,#8265);
#7314=AXIS2_PLACEMENT_3D('',#10506,#8268,#8269);
#7315=AXIS2_PLACEMENT_3D('',#10508,#8271,#8272);
#7316=AXIS2_PLACEMENT_3D('',#10513,#8275,#8276);
#7317=AXIS2_PLACEMENT_3D('',#10514,#8277,#8278);
#7318=AXIS2_PLACEMENT_3D('',#10516,#8280,#8281);
#7319=AXIS2_PLACEMENT_3D('',#10517,#8282,#8283);
#7320=AXIS2_PLACEMENT_3D('',#10519,#8285,#8286);
#7321=AXIS2_PLACEMENT_3D('',#10521,#8288,#8289);
#7322=AXIS2_PLACEMENT_3D('',#10523,#8291,#8292);
#7323=AXIS2_PLACEMENT_3D('',#10524,#8293,#8294);
#7324=AXIS2_PLACEMENT_3D('',#10525,#8295,#8296);
#7325=AXIS2_PLACEMENT_3D('',#10528,#8297,#8298);
#7326=AXIS2_PLACEMENT_3D('',#10532,#8300,#8301);
#7327=AXIS2_PLACEMENT_3D('',#10534,#8303,#8304);
#7328=AXIS2_PLACEMENT_3D('',#10537,#8305,#8306);
#7329=AXIS2_PLACEMENT_3D('',#10538,#8307,#8308);
#7330=AXIS2_PLACEMENT_3D('',#10539,#8309,#8310);
#7331=AXIS2_PLACEMENT_3D('',#10540,#8311,#8312);
#7332=AXIS2_PLACEMENT_3D('',#10543,#8313,#8314);
#7333=AXIS2_PLACEMENT_3D('',#10546,#8317,#8318);
#7334=AXIS2_PLACEMENT_3D('',#10549,#8319,#8320);
#7335=AXIS2_PLACEMENT_3D('',#10550,#8321,#8322);
#7336=AXIS2_PLACEMENT_3D('',#10551,#8323,#8324);
#7337=AXIS2_PLACEMENT_3D('',#10552,#8325,#8326);
#7338=AXIS2_PLACEMENT_3D('',#10555,#8327,#8328);
#7339=AXIS2_PLACEMENT_3D('',#10558,#8331,#8332);
#7340=AXIS2_PLACEMENT_3D('',#10560,#8334,#8335);
#7341=AXIS2_PLACEMENT_3D('',#10566,#8339,#8340);
#7342=AXIS2_PLACEMENT_3D('',#10569,#8341,#8342);
#7343=AXIS2_PLACEMENT_3D('',#10573,#8344,#8345);
#7344=AXIS2_PLACEMENT_3D('',#10575,#8347,#8348);
#7345=AXIS2_PLACEMENT_3D('',#10578,#8349,#8350);
#7346=AXIS2_PLACEMENT_3D('',#10579,#8351,#8352);
#7347=AXIS2_PLACEMENT_3D('',#10580,#8353,#8354);
#7348=AXIS2_PLACEMENT_3D('',#10581,#8355,#8356);
#7349=AXIS2_PLACEMENT_3D('',#10584,#8357,#8358);
#7350=AXIS2_PLACEMENT_3D('',#10587,#8361,#8362);
#7351=AXIS2_PLACEMENT_3D('',#10589,#8363,#8364);
#7352=AXIS2_PLACEMENT_3D('',#10590,#8365,#8366);
#7353=AXIS2_PLACEMENT_3D('',#10591,#8367,#8368);
#7354=AXIS2_PLACEMENT_3D('',#10592,#8369,#8370);
#7355=AXIS2_PLACEMENT_3D('',#10594,#8371,#8372);
#7356=AXIS2_PLACEMENT_3D('',#10596,#8374,#8375);
#7357=AXIS2_PLACEMENT_3D('',#10598,#8377,#8378);
#7358=AXIS2_PLACEMENT_3D('',#10601,#8381,#8382);
#7359=AXIS2_PLACEMENT_3D('',#10603,#8384,#8385);
#7360=AXIS2_PLACEMENT_3D('',#10605,#8387,#8388);
#7361=AXIS2_PLACEMENT_3D('',#10606,#8389,#8390);
#7362=AXIS2_PLACEMENT_3D('',#10609,#8391,#8392);
#7363=AXIS2_PLACEMENT_3D('',#10613,#8394,#8395);
#7364=AXIS2_PLACEMENT_3D('',#10615,#8397,#8398);
#7365=AXIS2_PLACEMENT_3D('',#10619,#8400,#8401);
#7366=AXIS2_PLACEMENT_3D('',#10625,#8405,#8406);
#7367=AXIS2_PLACEMENT_3D('',#10629,#8409,#8410);
#7368=AXIS2_PLACEMENT_3D('',#10631,#8411,#8412);
#7369=AXIS2_PLACEMENT_3D('',#10633,#8414,#8415);
#7370=AXIS2_PLACEMENT_3D('',#10639,#8419,#8420);
#7371=AXIS2_PLACEMENT_3D('',#10641,#8422,#8423);
#7372=AXIS2_PLACEMENT_3D('',#10643,#8425,#8426);
#7373=AXIS2_PLACEMENT_3D('',#10644,#8427,#8428);
#7374=AXIS2_PLACEMENT_3D('',#10653,#8429,#8430);
#7375=AXIS2_PLACEMENT_3D('',#10657,#8432,#8433);
#7376=AXIS2_PLACEMENT_3D('',#10659,#8435,#8436);
#7377=AXIS2_PLACEMENT_3D('',#10672,#8440,#8441);
#7378=AXIS2_PLACEMENT_3D('',#10675,#8443,#8444);
#7379=AXIS2_PLACEMENT_3D('',#10676,#8445,#8446);
#7380=AXIS2_PLACEMENT_3D('',#10689,#8450,#8451);
#7381=AXIS2_PLACEMENT_3D('',#10692,#8453,#8454);
#7382=AXIS2_PLACEMENT_3D('',#10693,#8455,#8456);
#7383=AXIS2_PLACEMENT_3D('',#10706,#8460,#8461);
#7384=AXIS2_PLACEMENT_3D('',#10709,#8463,#8464);
#7385=AXIS2_PLACEMENT_3D('',#10710,#8465,#8466);
#7386=AXIS2_PLACEMENT_3D('',#10713,#8469,#8470);
#7387=AXIS2_PLACEMENT_3D('',#10725,#8471,#8472);
#7388=AXIS2_PLACEMENT_3D('',#10727,#8473,#8474);
#7389=AXIS2_PLACEMENT_3D('',#10729,#8475,#8476);
#7390=AXIS2_PLACEMENT_3D('',#10730,#8477,#8478);
#7391=AXIS2_PLACEMENT_3D('',#10731,#8479,#8480);
#7392=AXIS2_PLACEMENT_3D('',#10734,#8481,#8482);
#7393=AXIS2_PLACEMENT_3D('',#10748,#8485,#8486);
#7394=AXIS2_PLACEMENT_3D('',#10749,#8487,#8488);
#7395=AXIS2_PLACEMENT_3D('',#10750,#8489,#8490);
#7396=AXIS2_PLACEMENT_3D('',#10751,#8491,#8492);
#7397=AXIS2_PLACEMENT_3D('',#10754,#8493,#8494);
#7398=AXIS2_PLACEMENT_3D('',#10768,#8497,#8498);
#7399=AXIS2_PLACEMENT_3D('',#10769,#8499,#8500);
#7400=AXIS2_PLACEMENT_3D('',#10770,#8501,#8502);
#7401=AXIS2_PLACEMENT_3D('',#10771,#8503,#8504);
#7402=AXIS2_PLACEMENT_3D('',#10774,#8505,#8506);
#7403=AXIS2_PLACEMENT_3D('',#10788,#8509,#8510);
#7404=AXIS2_PLACEMENT_3D('',#10789,#8511,#8512);
#7405=AXIS2_PLACEMENT_3D('',#10790,#8513,#8514);
#7406=AXIS2_PLACEMENT_3D('',#10791,#8515,#8516);
#7407=AXIS2_PLACEMENT_3D('',#10794,#8519,#8520);
#7408=AXIS2_PLACEMENT_3D('',#10800,#8524,#8525);
#7409=AXIS2_PLACEMENT_3D('',#10803,#8527,#8528);
#7410=AXIS2_PLACEMENT_3D('',#10804,#8529,#8530);
#7411=AXIS2_PLACEMENT_3D('',#10808,#8533,#8534);
#7412=AXIS2_PLACEMENT_3D('',#10811,#8536,#8537);
#7413=AXIS2_PLACEMENT_3D('',#10812,#8538,#8539);
#7414=AXIS2_PLACEMENT_3D('',#10821,#8544,#8545);
#7415=AXIS2_PLACEMENT_3D('',#10822,#8546,#8547);
#7416=AXIS2_PLACEMENT_3D('',#10823,#8548,#8549);
#7417=AXIS2_PLACEMENT_3D('',#10866,#8550,#8551);
#7418=AXIS2_PLACEMENT_3D('',#10867,#8552,#8553);
#7419=AXIS2_PLACEMENT_3D('',#10868,#8554,#8555);
#7420=AXIS2_PLACEMENT_3D('',#10912,#8556,#8557);
#7421=AXIS2_PLACEMENT_3D('',#10913,#8558,#8559);
#7422=AXIS2_PLACEMENT_3D('',#10914,#8560,#8561);
#7423=AXIS2_PLACEMENT_3D('',#10916,#8562,#8563);
#7424=AXIS2_PLACEMENT_3D('',#10955,#8565,#8566);
#7425=AXIS2_PLACEMENT_3D('',#10956,#8567,#8568);
#7426=AXIS2_PLACEMENT_3D('',#10957,#8569,#8570);
#7427=AXIS2_PLACEMENT_3D('',#10958,#8571,#8572);
#7428=AXIS2_PLACEMENT_3D('',#10996,#8574,#8575);
#7429=AXIS2_PLACEMENT_3D('',#10999,#8578,#8579);
#7430=AXIS2_PLACEMENT_3D('',#11000,#8580,#8581);
#7431=AXIS2_PLACEMENT_3D('',#11002,#8583,#8584);
#7432=AXIS2_PLACEMENT_3D('',#11003,#8585,#8586);
#7433=AXIS2_PLACEMENT_3D('',#11005,#8587,#8588);
#7434=AXIS2_PLACEMENT_3D('',#11008,#8590,#8591);
#7435=AXIS2_PLACEMENT_3D('',#11009,#8592,#8593);
#7436=AXIS2_PLACEMENT_3D('',#11011,#8594,#8595);
#7437=AXIS2_PLACEMENT_3D('',#11014,#8597,#8598);
#7438=AXIS2_PLACEMENT_3D('',#11015,#8599,#8600);
#7439=AXIS2_PLACEMENT_3D('',#11018,#8601,#8602);
#7440=AXIS2_PLACEMENT_3D('',#11022,#8604,#8605);
#7441=AXIS2_PLACEMENT_3D('',#11026,#8607,#8608);
#7442=AXIS2_PLACEMENT_3D('',#11030,#8610,#8611);
#7443=AXIS2_PLACEMENT_3D('',#11054,#8613,#8614);
#7444=AXIS2_PLACEMENT_3D('',#11057,#8617,#8618);
#7445=AXIS2_PLACEMENT_3D('',#11061,#8620,#8621);
#7446=AXIS2_PLACEMENT_3D('',#11063,#8623,#8624);
#7447=AXIS2_PLACEMENT_3D('',#11067,#8627,#8628);
#7448=AXIS2_PLACEMENT_3D('',#11074,#8632,#8633);
#7449=AXIS2_PLACEMENT_3D('',#11075,#8634,#8635);
#7450=AXIS2_PLACEMENT_3D('',#11078,#8637,#8638);
#7451=AXIS2_PLACEMENT_3D('',#11079,#8639,#8640);
#7452=AXIS2_PLACEMENT_3D('',#11082,#8641,#8642);
#7453=AXIS2_PLACEMENT_3D('',#11086,#8644,#8645);
#7454=AXIS2_PLACEMENT_3D('',#11111,#8648,#8649);
#7455=AXIS2_PLACEMENT_3D('',#11113,#8651,#8652);
#7456=AXIS2_PLACEMENT_3D('',#11115,#8654,#8655);
#7457=AXIS2_PLACEMENT_3D('',#11122,#8660,#8661);
#7458=AXIS2_PLACEMENT_3D('',#11125,#8663,#8664);
#7459=AXIS2_PLACEMENT_3D('',#11126,#8665,#8666);
#7460=AXIS2_PLACEMENT_3D('',#11130,#8669,#8670);
#7461=AXIS2_PLACEMENT_3D('',#11132,#8671,#8672);
#7462=AXIS2_PLACEMENT_3D('',#11134,#8674,#8675);
#7463=AXIS2_PLACEMENT_3D('',#11136,#8677,#8678);
#7464=AXIS2_PLACEMENT_3D('',#11137,#8679,#8680);
#7465=AXIS2_PLACEMENT_3D('',#11138,#8681,#8682);
#7466=AXIS2_PLACEMENT_3D('',#11139,#8683,#8684);
#7467=AXIS2_PLACEMENT_3D('',#11140,#8685,#8686);
#7468=AXIS2_PLACEMENT_3D('',#11141,#8687,#8688);
#7469=AXIS2_PLACEMENT_3D('',#11144,#8689,#8690);
#7470=AXIS2_PLACEMENT_3D('',#11148,#8692,#8693);
#7471=AXIS2_PLACEMENT_3D('',#11150,#8695,#8696);
#7472=AXIS2_PLACEMENT_3D('',#11156,#8700,#8701);
#7473=AXIS2_PLACEMENT_3D('',#11161,#8704,#8705);
#7474=AXIS2_PLACEMENT_3D('',#11163,#8706,#8707);
#7475=AXIS2_PLACEMENT_3D('',#11164,#8708,#8709);
#7476=AXIS2_PLACEMENT_3D('',#11167,#8711,#8712);
#7477=AXIS2_PLACEMENT_3D('',#11168,#8713,#8714);
#7478=AXIS2_PLACEMENT_3D('',#11170,#8715,#8716);
#7479=AXIS2_PLACEMENT_3D('',#11171,#8717,#8718);
#7480=AXIS2_PLACEMENT_3D('',#11174,#8720,#8721);
#7481=AXIS2_PLACEMENT_3D('',#11175,#8722,#8723);
#7482=AXIS2_PLACEMENT_3D('',#11177,#8724,#8725);
#7483=AXIS2_PLACEMENT_3D('',#11178,#8726,#8727);
#7484=AXIS2_PLACEMENT_3D('',#11180,#8728,#8729);
#7485=AXIS2_PLACEMENT_3D('',#11182,#8731,#8732);
#7486=AXIS2_PLACEMENT_3D('',#11184,#8733,#8734);
#7487=AXIS2_PLACEMENT_3D('',#11186,#8736,#8737);
#7488=AXIS2_PLACEMENT_3D('',#11190,#8740,#8741);
#7489=AXIS2_PLACEMENT_3D('',#11192,#8743,#8744);
#7490=AXIS2_PLACEMENT_3D('',#11193,#8745,#8746);
#7491=AXIS2_PLACEMENT_3D('',#11194,#8747,#8748);
#7492=AXIS2_PLACEMENT_3D('',#11197,#8749,#8750);
#7493=AXIS2_PLACEMENT_3D('',#11201,#8752,#8753);
#7494=AXIS2_PLACEMENT_3D('',#11203,#8755,#8756);
#7495=AXIS2_PLACEMENT_3D('',#11217,#8758,#8759);
#7496=AXIS2_PLACEMENT_3D('',#11220,#8761,#8762);
#7497=AXIS2_PLACEMENT_3D('',#11255,#8767,#8768);
#7498=AXIS2_PLACEMENT_3D('',#11256,#8769,#8770);
#7499=AXIS2_PLACEMENT_3D('',#11257,#8771,#8772);
#7500=AXIS2_PLACEMENT_3D('',#11260,#8773,#8774);
#7501=AXIS2_PLACEMENT_3D('',#11263,#8776,#8777);
#7502=AXIS2_PLACEMENT_3D('',#11265,#8779,#8780);
#7503=AXIS2_PLACEMENT_3D('',#11266,#8781,#8782);
#7504=AXIS2_PLACEMENT_3D('',#11267,#8783,#8784);
#7505=AXIS2_PLACEMENT_3D('',#11269,#8785,#8786);
#7506=AXIS2_PLACEMENT_3D('',#11273,#8788,#8789);
#7507=AXIS2_PLACEMENT_3D('',#11284,#8791,#8792);
#7508=AXIS2_PLACEMENT_3D('',#11288,#8794,#8795);
#7509=AXIS2_PLACEMENT_3D('',#11295,#8799,#8800);
#7510=AXIS2_PLACEMENT_3D('',#11296,#8801,#8802);
#7511=AXIS2_PLACEMENT_3D('',#11300,#8805,#8806);
#7512=AXIS2_PLACEMENT_3D('',#11303,#8808,#8809);
#7513=AXIS2_PLACEMENT_3D('',#11304,#8810,#8811);
#7514=AXIS2_PLACEMENT_3D('',#11306,#8812,#8813);
#7515=AXIS2_PLACEMENT_3D('',#11310,#8816,#8817);
#7516=AXIS2_PLACEMENT_3D('',#11312,#8818,#8819);
#7517=AXIS2_PLACEMENT_3D('',#11319,#8823,#8824);
#7518=AXIS2_PLACEMENT_3D('',#11320,#8825,#8826);
#7519=AXIS2_PLACEMENT_3D('',#11322,#8828,#8829);
#7520=AXIS2_PLACEMENT_3D('',#11327,#8832,#8833);
#7521=AXIS2_PLACEMENT_3D('',#11329,#8834,#8835);
#7522=AXIS2_PLACEMENT_3D('',#11330,#8836,#8837);
#7523=AXIS2_PLACEMENT_3D('',#11333,#8839,#8840);
#7524=AXIS2_PLACEMENT_3D('',#11334,#8841,#8842);
#7525=AXIS2_PLACEMENT_3D('',#11338,#8845,#8846);
#7526=AXIS2_PLACEMENT_3D('',#11340,#8847,#8848);
#7527=AXIS2_PLACEMENT_3D('',#11343,#8850,#8851);
#7528=AXIS2_PLACEMENT_3D('',#11344,#8852,#8853);
#7529=AXIS2_PLACEMENT_3D('',#11345,#8854,#8855);
#7530=AXIS2_PLACEMENT_3D('',#11346,#8856,#8857);
#7531=AXIS2_PLACEMENT_3D('',#11383,#8863,#8864);
#7532=AXIS2_PLACEMENT_3D('',#11384,#8865,#8866);
#7533=AXIS2_PLACEMENT_3D('',#11389,#8869,#8870);
#7534=AXIS2_PLACEMENT_3D('',#11390,#8871,#8872);
#7535=AXIS2_PLACEMENT_3D('',#11391,#8873,#8874);
#7536=AXIS2_PLACEMENT_3D('',#11393,#8876,#8877);
#7537=AXIS2_PLACEMENT_3D('',#11394,#8878,#8879);
#7538=AXIS2_PLACEMENT_3D('',#11397,#8882,#8883);
#7539=AXIS2_PLACEMENT_3D('',#11399,#8885,#8886);
#7540=AXIS2_PLACEMENT_3D('',#11401,#8888,#8889);
#7541=AXIS2_PLACEMENT_3D('',#11403,#8891,#8892);
#7542=AXIS2_PLACEMENT_3D('',#11406,#8894,#8895);
#7543=AXIS2_PLACEMENT_3D('',#11407,#8896,#8897);
#7544=AXIS2_PLACEMENT_3D('',#11409,#8899,#8900);
#7545=AXIS2_PLACEMENT_3D('',#11411,#8901,#8902);
#7546=AXIS2_PLACEMENT_3D('',#11413,#8904,#8905);
#7547=AXIS2_PLACEMENT_3D('',#11417,#8908,#8909);
#7548=AXIS2_PLACEMENT_3D('',#11419,#8911,#8912);
#7549=AXIS2_PLACEMENT_3D('',#11422,#8914,#8915);
#7550=AXIS2_PLACEMENT_3D('',#11423,#8916,#8917);
#7551=AXIS2_PLACEMENT_3D('',#11424,#8918,#8919);
#7552=AXIS2_PLACEMENT_3D('',#11428,#8922,#8923);
#7553=AXIS2_PLACEMENT_3D('',#11429,#8924,#8925);
#7554=AXIS2_PLACEMENT_3D('',#11431,#8927,#8928);
#7555=AXIS2_PLACEMENT_3D('',#11432,#8929,#8930);
#7556=AXIS2_PLACEMENT_3D('',#11433,#8931,#8932);
#7557=AXIS2_PLACEMENT_3D('',#11436,#8933,#8934);
#7558=AXIS2_PLACEMENT_3D('',#11440,#8936,#8937);
#7559=AXIS2_PLACEMENT_3D('',#11442,#8939,#8940);
#7560=AXIS2_PLACEMENT_3D('',#11444,#8941,#8942);
#7561=AXIS2_PLACEMENT_3D('',#11445,#8943,#8944);
#7562=AXIS2_PLACEMENT_3D('',#11446,#8945,#8946);
#7563=AXIS2_PLACEMENT_3D('',#11449,#8947,#8948);
#7564=AXIS2_PLACEMENT_3D('',#11451,#8949,#8950);
#7565=AXIS2_PLACEMENT_3D('',#11452,#8951,#8952);
#7566=AXIS2_PLACEMENT_3D('',#11453,#8953,#8954);
#7567=AXIS2_PLACEMENT_3D('',#11455,#8955,#8956);
#7568=AXIS2_PLACEMENT_3D('',#11458,#8959,#8960);
#7569=AXIS2_PLACEMENT_3D('',#11459,#8961,#8962);
#7570=AXIS2_PLACEMENT_3D('',#11460,#8963,#8964);
#7571=AXIS2_PLACEMENT_3D('',#11468,#8968,#8969);
#7572=AXIS2_PLACEMENT_3D('',#11472,#8972,#8973);
#7573=AXIS2_PLACEMENT_3D('',#11475,#8975,#8976);
#7574=AXIS2_PLACEMENT_3D('',#11476,#8977,#8978);
#7575=AXIS2_PLACEMENT_3D('',#11480,#8980,#8981);
#7576=AXIS2_PLACEMENT_3D('',#11482,#8982,#8983);
#7577=AXIS2_PLACEMENT_3D('',#11490,#8987,#8988);
#7578=AXIS2_PLACEMENT_3D('',#11493,#8990,#8991);
#7579=AXIS2_PLACEMENT_3D('',#11494,#8992,#8993);
#7580=AXIS2_PLACEMENT_3D('',#11497,#8995,#8996);
#7581=AXIS2_PLACEMENT_3D('',#11498,#8997,#8998);
#7582=AXIS2_PLACEMENT_3D('',#11502,#9000,#9001);
#7583=AXIS2_PLACEMENT_3D('',#11504,#9003,#9004);
#7584=AXIS2_PLACEMENT_3D('',#11507,#9005,#9006);
#7585=AXIS2_PLACEMENT_3D('',#11511,#9008,#9009);
#7586=AXIS2_PLACEMENT_3D('',#11513,#9011,#9012);
#7587=AXIS2_PLACEMENT_3D('',#11516,#9013,#9014);
#7588=AXIS2_PLACEMENT_3D('',#11517,#9015,#9016);
#7589=AXIS2_PLACEMENT_3D('',#11518,#9017,#9018);
#7590=AXIS2_PLACEMENT_3D('',#11519,#9019,#9020);
#7591=AXIS2_PLACEMENT_3D('',#11520,#9021,#9022);
#7592=AXIS2_PLACEMENT_3D('',#11521,#9023,#9024);
#7593=AXIS2_PLACEMENT_3D('',#11522,#9025,#9026);
#7594=AXIS2_PLACEMENT_3D('',#11524,#9027,#9028);
#7595=AXIS2_PLACEMENT_3D('',#11525,#9029,#9030);
#7596=AXIS2_PLACEMENT_3D('',#11526,#9031,#9032);
#7597=AXIS2_PLACEMENT_3D('',#11528,#9033,#9034);
#7598=AXIS2_PLACEMENT_3D('',#11529,#9035,#9036);
#7599=AXIS2_PLACEMENT_3D('',#11530,#9037,#9038);
#7600=AXIS2_PLACEMENT_3D('',#11531,#9039,#9040);
#7601=AXIS2_PLACEMENT_3D('',#11533,#9042,#9043);
#7602=AXIS2_PLACEMENT_3D('',#11534,#9044,#9045);
#7603=AXIS2_PLACEMENT_3D('',#11535,#9046,#9047);
#7604=AXIS2_PLACEMENT_3D('',#11538,#9049,#9050);
#7605=AXIS2_PLACEMENT_3D('',#11539,#9051,#9052);
#7606=AXIS2_PLACEMENT_3D('',#11545,#9055,#9056);
#7607=AXIS2_PLACEMENT_3D('',#11549,#9059,#9060);
#7608=AXIS2_PLACEMENT_3D('',#11552,#9062,#9063);
#7609=AXIS2_PLACEMENT_3D('',#11553,#9064,#9065);
#7610=AXIS2_PLACEMENT_3D('',#11556,#9067,#9068);
#7611=AXIS2_PLACEMENT_3D('',#11557,#9069,#9070);
#7612=AXIS2_PLACEMENT_3D('',#11559,#9071,#9072);
#7613=AXIS2_PLACEMENT_3D('',#11560,#9073,#9074);
#7614=AXIS2_PLACEMENT_3D('',#11561,#9075,#9076);
#7615=AXIS2_PLACEMENT_3D('',#11563,#9077,#9078);
#7616=AXIS2_PLACEMENT_3D('',#11565,#9080,#9081);
#7617=AXIS2_PLACEMENT_3D('',#11567,#9082,#9083);
#7618=AXIS2_PLACEMENT_3D('',#11568,#9084,#9085);
#7619=AXIS2_PLACEMENT_3D('',#11569,#9086,#9087);
#7620=AXIS2_PLACEMENT_3D('',#11571,#9088,#9089);
#7621=AXIS2_PLACEMENT_3D('',#11573,#9091,#9092);
#7622=AXIS2_PLACEMENT_3D('',#11574,#9093,#9094);
#7623=AXIS2_PLACEMENT_3D('',#11575,#9095,#9096);
#7624=AXIS2_PLACEMENT_3D('',#11578,#9098,#9099);
#7625=AXIS2_PLACEMENT_3D('',#11579,#9100,#9101);
#7626=AXIS2_PLACEMENT_3D('',#11583,#9104,#9105);
#7627=AXIS2_PLACEMENT_3D('',#11586,#9107,#9108);
#7628=AXIS2_PLACEMENT_3D('',#11587,#9109,#9110);
#7629=AXIS2_PLACEMENT_3D('',#11595,#9114,#9115);
#7630=AXIS2_PLACEMENT_3D('',#11597,#9117,#9118);
#7631=AXIS2_PLACEMENT_3D('',#11600,#9120,#9121);
#7632=AXIS2_PLACEMENT_3D('',#11601,#9122,#9123);
#7633=AXIS2_PLACEMENT_3D('',#11604,#9125,#9126);
#7634=AXIS2_PLACEMENT_3D('',#11605,#9127,#9128);
#7635=AXIS2_PLACEMENT_3D('',#11607,#9129,#9130);
#7636=AXIS2_PLACEMENT_3D('',#11610,#9132,#9133);
#7637=AXIS2_PLACEMENT_3D('',#11611,#9134,#9135);
#7638=AXIS2_PLACEMENT_3D('',#11613,#9136,#9137);
#7639=AXIS2_PLACEMENT_3D('',#11617,#9139,#9140);
#7640=AXIS2_PLACEMENT_3D('',#11619,#9142,#9143);
#7641=AXIS2_PLACEMENT_3D('',#11621,#9145,#9146);
#7642=AXIS2_PLACEMENT_3D('',#11622,#9147,#9148);
#7643=AXIS2_PLACEMENT_3D('',#11623,#9149,#9150);
#7644=AXIS2_PLACEMENT_3D('',#11625,#9152,#9153);
#7645=AXIS2_PLACEMENT_3D('',#11626,#9154,#9155);
#7646=AXIS2_PLACEMENT_3D('',#11627,#9156,#9157);
#7647=AXIS2_PLACEMENT_3D('',#11628,#9158,#9159);
#7648=AXIS2_PLACEMENT_3D('',#11629,#9160,#9161);
#7649=AXIS2_PLACEMENT_3D('',#11630,#9162,#9163);
#7650=AXIS2_PLACEMENT_3D('',#11638,#9167,#9168);
#7651=AXIS2_PLACEMENT_3D('',#11640,#9169,#9170);
#7652=AXIS2_PLACEMENT_3D('',#11647,#9174,#9175);
#7653=AXIS2_PLACEMENT_3D('',#11648,#9176,#9177);
#7654=AXIS2_PLACEMENT_3D('',#11649,#9178,#9179);
#7655=AXIS2_PLACEMENT_3D('',#11650,#9180,#9181);
#7656=AXIS2_PLACEMENT_3D('',#11651,#9182,#9183);
#7657=AXIS2_PLACEMENT_3D('',#11653,#9185,#9186);
#7658=AXIS2_PLACEMENT_3D('',#11655,#9187,#9188);
#7659=AXIS2_PLACEMENT_3D('',#11656,#9189,#9190);
#7660=AXIS2_PLACEMENT_3D('',#11657,#9191,#9192);
#7661=AXIS2_PLACEMENT_3D('',#11659,#9193,#9194);
#7662=AXIS2_PLACEMENT_3D('',#11661,#9196,#9197);
#7663=AXIS2_PLACEMENT_3D('',#11663,#9198,#9199);
#7664=AXIS2_PLACEMENT_3D('',#11664,#9200,#9201);
#7665=AXIS2_PLACEMENT_3D('',#11665,#9202,#9203);
#7666=AXIS2_PLACEMENT_3D('',#11667,#9204,#9205);
#7667=AXIS2_PLACEMENT_3D('',#11669,#9207,#9208);
#7668=AXIS2_PLACEMENT_3D('',#11671,#9209,#9210);
#7669=AXIS2_PLACEMENT_3D('',#11672,#9211,#9212);
#7670=AXIS2_PLACEMENT_3D('',#11673,#9213,#9214);
#7671=AXIS2_PLACEMENT_3D('',#11675,#9215,#9216);
#7672=AXIS2_PLACEMENT_3D('',#11677,#9218,#9219);
#7673=AXIS2_PLACEMENT_3D('',#11678,#9220,#9221);
#7674=AXIS2_PLACEMENT_3D('',#11679,#9222,#9223);
#7675=AXIS2_PLACEMENT_3D('',#11680,#9224,#9225);
#7676=AXIS2_PLACEMENT_3D('',#11681,#9226,#9227);
#7677=AXIS2_PLACEMENT_3D('',#11684,#9228,#9229);
#7678=AXIS2_PLACEMENT_3D('',#11688,#9231,#9232);
#7679=AXIS2_PLACEMENT_3D('',#11690,#9234,#9235);
#7680=AXIS2_PLACEMENT_3D('',#11693,#9236,#9237);
#7681=AXIS2_PLACEMENT_3D('',#11694,#9238,#9239);
#7682=AXIS2_PLACEMENT_3D('',#11695,#9240,#9241);
#7683=AXIS2_PLACEMENT_3D('',#11696,#9242,#9243);
#7684=AXIS2_PLACEMENT_3D('',#11698,#9244,#9245);
#7685=AXIS2_PLACEMENT_3D('',#11699,#9246,#9247);
#7686=AXIS2_PLACEMENT_3D('',#11700,#9248,#9249);
#7687=AXIS2_PLACEMENT_3D('',#11701,#9250,#9251);
#7688=AXIS2_PLACEMENT_3D('',#11703,#9252,#9253);
#7689=AXIS2_PLACEMENT_3D('',#11705,#9255,#9256);
#7690=AXIS2_PLACEMENT_3D('',#11706,#9257,#9258);
#7691=AXIS2_PLACEMENT_3D('',#11707,#9259,#9260);
#7692=AXIS2_PLACEMENT_3D('',#11708,#9261,#9262);
#7693=AXIS2_PLACEMENT_3D('',#11709,#9263,#9264);
#7694=AXIS2_PLACEMENT_3D('',#11710,#9265,#9266);
#7695=AXIS2_PLACEMENT_3D('',#11711,#9267,#9268);
#7696=AXIS2_PLACEMENT_3D('',#11712,#9269,#9270);
#7697=AXIS2_PLACEMENT_3D('',#11713,#9271,#9272);
#7698=AXIS2_PLACEMENT_3D('',#11714,#9273,#9274);
#7699=AXIS2_PLACEMENT_3D('',#11716,#9275,#9276);
#7700=AXIS2_PLACEMENT_3D('',#11718,#9278,#9279);
#7701=AXIS2_PLACEMENT_3D('',#11719,#9280,#9281);
#7702=AXIS2_PLACEMENT_3D('',#11720,#9282,#9283);
#7703=AXIS2_PLACEMENT_3D('',#11721,#9284,#9285);
#7704=AXIS2_PLACEMENT_3D('',#11723,#9287,#9288);
#7705=AXIS2_PLACEMENT_3D('',#11725,#9290,#9291);
#7706=AXIS2_PLACEMENT_3D('',#11727,#9293,#9294);
#7707=AXIS2_PLACEMENT_3D('',#11729,#9296,#9297);
#7708=AXIS2_PLACEMENT_3D('',#11730,#9298,#9299);
#7709=AXIS2_PLACEMENT_3D('',#11731,#9300,#9301);
#7710=AXIS2_PLACEMENT_3D('',#11732,#9302,#9303);
#7711=AXIS2_PLACEMENT_3D('',#11735,#9304,#9305);
#7712=AXIS2_PLACEMENT_3D('',#11739,#9307,#9308);
#7713=AXIS2_PLACEMENT_3D('',#11741,#9310,#9311);
#7714=AXIS2_PLACEMENT_3D('',#11743,#9312,#9313);
#7715=AXIS2_PLACEMENT_3D('',#11747,#9315,#9316);
#7716=AXIS2_PLACEMENT_3D('',#11749,#9318,#9319);
#7717=AXIS2_PLACEMENT_3D('',#11750,#9320,#9321);
#7718=AXIS2_PLACEMENT_3D('',#11751,#9322,#9323);
#7719=AXIS2_PLACEMENT_3D('',#11754,#9324,#9325);
#7720=AXIS2_PLACEMENT_3D('',#11757,#9327,#9328);
#7721=AXIS2_PLACEMENT_3D('',#11759,#9330,#9331);
#7722=AXIS2_PLACEMENT_3D('',#11760,#9332,#9333);
#7723=AXIS2_PLACEMENT_3D('',#11761,#9334,#9335);
#7724=AXIS2_PLACEMENT_3D('',#11771,#9340,#9341);
#7725=AXIS2_PLACEMENT_3D('',#11777,#9345,#9346);
#7726=AXIS2_PLACEMENT_3D('',#11780,#9348,#9349);
#7727=AXIS2_PLACEMENT_3D('',#11781,#9350,#9351);
#7728=AXIS2_PLACEMENT_3D('',#11785,#9354,#9355);
#7729=AXIS2_PLACEMENT_3D('',#11788,#9357,#9358);
#7730=AXIS2_PLACEMENT_3D('',#11789,#9359,#9360);
#7731=AXIS2_PLACEMENT_3D('',#11797,#9364,#9365);
#7732=AXIS2_PLACEMENT_3D('',#11803,#9369,#9370);
#7733=AXIS2_PLACEMENT_3D('',#11805,#9371,#9372);
#7734=AXIS2_PLACEMENT_3D('',#11820,#9374,#9375);
#7735=AXIS2_PLACEMENT_3D('',#11826,#9379,#9380);
#7736=AXIS2_PLACEMENT_3D('',#11842,#9382,#9383);
#7737=AXIS2_PLACEMENT_3D('',#11843,#9384,#9385);
#7738=AXIS2_PLACEMENT_3D('',#11849,#9389,#9390);
#7739=AXIS2_PLACEMENT_3D('',#11862,#9391,#9392);
#7740=AXIS2_PLACEMENT_3D('',#11863,#9393,#9394);
#7741=AXIS2_PLACEMENT_3D('',#11864,#9395,#9396);
#7742=AXIS2_PLACEMENT_3D('',#11877,#9397,#9398);
#7743=AXIS2_PLACEMENT_3D('',#11878,#9399,#9400);
#7744=AXIS2_PLACEMENT_3D('',#11880,#9402,#9403);
#7745=AXIS2_PLACEMENT_3D('',#11882,#9405,#9406);
#7746=AXIS2_PLACEMENT_3D('',#11884,#9408,#9409);
#7747=AXIS2_PLACEMENT_3D('',#11885,#9410,#9411);
#7748=AXIS2_PLACEMENT_3D('',#11886,#9412,#9413);
#7749=AXIS2_PLACEMENT_3D('',#11903,#9415,#9416);
#7750=AXIS2_PLACEMENT_3D('',#11907,#9418,#9419);
#7751=AXIS2_PLACEMENT_3D('',#11923,#9422,#9423);
#7752=AXIS2_PLACEMENT_3D('',#11927,#9425,#9426);
#7753=AXIS2_PLACEMENT_3D('',#11931,#9428,#9429);
#7754=AXIS2_PLACEMENT_3D('',#11934,#9431,#9432);
#7755=AXIS2_PLACEMENT_3D('',#11935,#9433,#9434);
#7756=AXIS2_PLACEMENT_3D('',#11937,#9435,#9436);
#7757=AXIS2_PLACEMENT_3D('',#11938,#9437,#9438);
#7758=AXIS2_PLACEMENT_3D('',#11940,#9439,#9440);
#7759=AXIS2_PLACEMENT_3D('',#11942,#9441,#9442);
#7760=AXIS2_PLACEMENT_3D('',#11943,#9443,#9444);
#7761=AXIS2_PLACEMENT_3D('',#11947,#9446,#9447);
#7762=AXIS2_PLACEMENT_3D('',#11951,#9449,#9450);
#7763=AXIS2_PLACEMENT_3D('',#11955,#9452,#9453);
#7764=AXIS2_PLACEMENT_3D('',#11959,#9455,#9456);
#7765=AXIS2_PLACEMENT_3D('',#11963,#9458,#9459);
#7766=AXIS2_PLACEMENT_3D('',#11967,#9461,#9462);
#7767=AXIS2_PLACEMENT_3D('',#11969,#9463,#9464);
#7768=AXIS2_PLACEMENT_3D('',#11972,#9466,#9467);
#7769=AXIS2_PLACEMENT_3D('',#11975,#9468,#9469);
#7770=AXIS2_PLACEMENT_3D('',#11977,#9470,#9471);
#7771=AXIS2_PLACEMENT_3D('',#11981,#9473,#9474);
#7772=AXIS2_PLACEMENT_3D('',#11983,#9475,#9476);
#7773=AXIS2_PLACEMENT_3D('',#11987,#9478,#9479);
#7774=AXIS2_PLACEMENT_3D('',#11989,#9480,#9481);
#7775=AXIS2_PLACEMENT_3D('',#11993,#9483,#9484);
#7776=AXIS2_PLACEMENT_3D('',#11995,#9485,#9486);
#7777=AXIS2_PLACEMENT_3D('',#11999,#9488,#9489);
#7778=AXIS2_PLACEMENT_3D('',#12001,#9490,#9491);
#7779=AXIS2_PLACEMENT_3D('',#12005,#9493,#9494);
#7780=AXIS2_PLACEMENT_3D('',#12007,#9495,#9496);
#7781=AXIS2_PLACEMENT_3D('',#12011,#9498,#9499);
#7782=AXIS2_PLACEMENT_3D('',#12013,#9500,#9501);
#7783=AXIS2_PLACEMENT_3D('',#12017,#9503,#9504);
#7784=AXIS2_PLACEMENT_3D('',#12019,#9505,#9506);
#7785=AXIS2_PLACEMENT_3D('',#12023,#9508,#9509);
#7786=AXIS2_PLACEMENT_3D('',#12025,#9510,#9511);
#7787=AXIS2_PLACEMENT_3D('',#12029,#9513,#9514);
#7788=AXIS2_PLACEMENT_3D('',#12031,#9515,#9516);
#7789=AXIS2_PLACEMENT_3D('',#12035,#9518,#9519);
#7790=AXIS2_PLACEMENT_3D('',#12037,#9520,#9521);
#7791=AXIS2_PLACEMENT_3D('',#12041,#9523,#9524);
#7792=AXIS2_PLACEMENT_3D('',#12043,#9525,#9526);
#7793=AXIS2_PLACEMENT_3D('',#12047,#9528,#9529);
#7794=AXIS2_PLACEMENT_3D('',#12049,#9530,#9531);
#7795=AXIS2_PLACEMENT_3D('',#12053,#9533,#9534);
#7796=AXIS2_PLACEMENT_3D('',#12055,#9535,#9536);
#7797=AXIS2_PLACEMENT_3D('',#12059,#9538,#9539);
#7798=AXIS2_PLACEMENT_3D('',#12061,#9540,#9541);
#7799=AXIS2_PLACEMENT_3D('',#12065,#9543,#9544);
#7800=AXIS2_PLACEMENT_3D('',#12067,#9545,#9546);
#7801=AXIS2_PLACEMENT_3D('',#12071,#9548,#9549);
#7802=AXIS2_PLACEMENT_3D('',#12073,#9550,#9551);
#7803=AXIS2_PLACEMENT_3D('',#12077,#9553,#9554);
#7804=AXIS2_PLACEMENT_3D('',#12079,#9555,#9556);
#7805=AXIS2_PLACEMENT_3D('',#12083,#9558,#9559);
#7806=AXIS2_PLACEMENT_3D('',#12085,#9560,#9561);
#7807=AXIS2_PLACEMENT_3D('',#12089,#9563,#9564);
#7808=AXIS2_PLACEMENT_3D('',#12091,#9565,#9566);
#7809=AXIS2_PLACEMENT_3D('',#12095,#9568,#9569);
#7810=AXIS2_PLACEMENT_3D('',#12097,#9570,#9571);
#7811=AXIS2_PLACEMENT_3D('',#12101,#9573,#9574);
#7812=AXIS2_PLACEMENT_3D('',#12103,#9575,#9576);
#7813=AXIS2_PLACEMENT_3D('',#12107,#9578,#9579);
#7814=AXIS2_PLACEMENT_3D('',#12109,#9580,#9581);
#7815=AXIS2_PLACEMENT_3D('',#12113,#9583,#9584);
#7816=AXIS2_PLACEMENT_3D('',#12115,#9585,#9586);
#7817=AXIS2_PLACEMENT_3D('',#12119,#9588,#9589);
#7818=AXIS2_PLACEMENT_3D('',#12121,#9590,#9591);
#7819=AXIS2_PLACEMENT_3D('',#12125,#9593,#9594);
#7820=AXIS2_PLACEMENT_3D('',#12127,#9595,#9596);
#7821=AXIS2_PLACEMENT_3D('',#12131,#9598,#9599);
#7822=AXIS2_PLACEMENT_3D('',#12133,#9600,#9601);
#7823=AXIS2_PLACEMENT_3D('',#12137,#9603,#9604);
#7824=AXIS2_PLACEMENT_3D('',#12139,#9605,#9606);
#7825=AXIS2_PLACEMENT_3D('',#12143,#9608,#9609);
#7826=AXIS2_PLACEMENT_3D('',#12145,#9610,#9611);
#7827=AXIS2_PLACEMENT_3D('',#12149,#9613,#9614);
#7828=AXIS2_PLACEMENT_3D('',#12151,#9615,#9616);
#7829=AXIS2_PLACEMENT_3D('',#12153,#9618,#9619);
#7830=AXIS2_PLACEMENT_3D('',#12161,#9624,#9625);
#7831=AXIS2_PLACEMENT_3D('',#12169,#9630,#9631);
#7832=AXIS2_PLACEMENT_3D('',#12173,#9633,#9634);
#7833=AXIS2_PLACEMENT_3D('',#12176,#9636,#9637);
#7834=AXIS2_PLACEMENT_3D('',#12177,#9638,#9639);
#7835=AXIS2_PLACEMENT_3D('',#12180,#9640,#9641);
#7836=AXIS2_PLACEMENT_3D('',#12181,#9642,#9643);
#7837=AXIS2_PLACEMENT_3D('',#12182,#9644,#9645);
#7838=AXIS2_PLACEMENT_3D('',#12183,#9646,#9647);
#7839=AXIS2_PLACEMENT_3D('',#12186,#9648,#9649);
#7840=AXIS2_PLACEMENT_3D('',#12189,#9652,#9653);
#7841=AXIS2_PLACEMENT_3D('',#12192,#9654,#9655);
#7842=AXIS2_PLACEMENT_3D('',#12193,#9656,#9657);
#7843=AXIS2_PLACEMENT_3D('',#12194,#9658,#9659);
#7844=AXIS2_PLACEMENT_3D('',#12195,#9660,#9661);
#7845=AXIS2_PLACEMENT_3D('',#12197,#9662,#9663);
#7846=AXIS2_PLACEMENT_3D('',#12200,#9666,#9667);
#7847=AXIS2_PLACEMENT_3D('',#12201,#9668,#9669);
#7848=AXIS2_PLACEMENT_3D('',#12205,#9671,#9672);
#7849=AXIS2_PLACEMENT_3D('',#12207,#9674,#9675);
#7850=AXIS2_PLACEMENT_3D('',#12211,#9678,#9679);
#7851=AXIS2_PLACEMENT_3D('',#12213,#9680,#9681);
#7852=AXIS2_PLACEMENT_3D('',#12215,#9683,#9684);
#7853=AXIS2_PLACEMENT_3D('',#12218,#9686,#9687);
#7854=AXIS2_PLACEMENT_3D('',#12219,#9688,#9689);
#7855=AXIS2_PLACEMENT_3D('',#12222,#9691,#9692);
#7856=AXIS2_PLACEMENT_3D('',#12223,#9693,#9694);
#7857=AXIS2_PLACEMENT_3D('',#12225,#9696,#9697);
#7858=AXIS2_PLACEMENT_3D('',#12227,#9698,#9699);
#7859=AXIS2_PLACEMENT_3D('',#12229,#9701,#9702);
#7860=AXIS2_PLACEMENT_3D('',#12233,#9705,#9706);
#7861=AXIS2_PLACEMENT_3D('',#12234,#9707,#9708);
#7862=AXIS2_PLACEMENT_3D('',#12235,#9709,#9710);
#7863=AXIS2_PLACEMENT_3D('',#12238,#9712,#9713);
#7864=AXIS2_PLACEMENT_3D('',#12239,#9714,#9715);
#7865=AXIS2_PLACEMENT_3D('',#12242,#9717,#9718);
#7866=AXIS2_PLACEMENT_3D('',#12243,#9719,#9720);
#7867=AXIS2_PLACEMENT_3D('',#12254,#9726,#9727);
#7868=AXIS2_PLACEMENT_3D('',#12256,#9728,#9729);
#7869=AXIS2_PLACEMENT_3D('',#12258,#9730,#9731);
#7870=AXIS2_PLACEMENT_3D('',#12260,#9733,#9734);
#7871=AXIS2_PLACEMENT_3D('',#12266,#9738,#9739);
#7872=AXIS2_PLACEMENT_3D('',#12268,#9740,#9741);
#7873=AXIS2_PLACEMENT_3D('',#12270,#9742,#9743);
#7874=AXIS2_PLACEMENT_3D('',#12272,#9745,#9746);
#7875=AXIS2_PLACEMENT_3D('',#12280,#9751,#9752);
#7876=AXIS2_PLACEMENT_3D('',#12282,#9753,#9754);
#7877=AXIS2_PLACEMENT_3D('',#12284,#9755,#9756);
#7878=AXIS2_PLACEMENT_3D('',#12286,#9758,#9759);
#7879=AXIS2_PLACEMENT_3D('',#12292,#9763,#9764);
#7880=AXIS2_PLACEMENT_3D('',#12293,#9765,#9766);
#7881=AXIS2_PLACEMENT_3D('',#12294,#9767,#9768);
#7882=AXIS2_PLACEMENT_3D('',#12295,#9769,#9770);
#7883=AXIS2_PLACEMENT_3D('',#12297,#9772,#9773);
#7884=AXIS2_PLACEMENT_3D('',#12298,#9774,#9775);
#7885=AXIS2_PLACEMENT_3D('',#12301,#9777,#9778);
#7886=AXIS2_PLACEMENT_3D('',#12302,#9779,#9780);
#7887=AXIS2_PLACEMENT_3D('',#12305,#9782,#9783);
#7888=AXIS2_PLACEMENT_3D('',#12306,#9784,#9785);
#7889=AXIS2_PLACEMENT_3D('',#12310,#9787,#9788);
#7890=AXIS2_PLACEMENT_3D('',#12314,#9790,#9791);
#7891=AXIS2_PLACEMENT_3D('',#12316,#9792,#9793);
#7892=AXIS2_PLACEMENT_3D('',#12319,#9795,#9796);
#7893=AXIS2_PLACEMENT_3D('',#12322,#9797,#9798);
#7894=AXIS2_PLACEMENT_3D('',#12326,#9800,#9801);
#7895=AXIS2_PLACEMENT_3D('',#12328,#9802,#9803);
#7896=AXIS2_PLACEMENT_3D('',#12331,#9805,#9806);
#7897=AXIS2_PLACEMENT_3D('',#12334,#9807,#9808);
#7898=AXIS2_PLACEMENT_3D('',#12338,#9810,#9811);
#7899=AXIS2_PLACEMENT_3D('',#12340,#9812,#9813);
#7900=AXIS2_PLACEMENT_3D('',#12343,#9815,#9816);
#7901=AXIS2_PLACEMENT_3D('',#12346,#9817,#9818);
#7902=AXIS2_PLACEMENT_3D('',#12350,#9820,#9821);
#7903=AXIS2_PLACEMENT_3D('',#12352,#9822,#9823);
#7904=AXIS2_PLACEMENT_3D('',#12355,#9825,#9826);
#7905=AXIS2_PLACEMENT_3D('',#12358,#9827,#9828);
#7906=AXIS2_PLACEMENT_3D('',#12362,#9830,#9831);
#7907=AXIS2_PLACEMENT_3D('',#12364,#9832,#9833);
#7908=AXIS2_PLACEMENT_3D('',#12367,#9835,#9836);
#7909=AXIS2_PLACEMENT_3D('',#12370,#9837,#9838);
#7910=AXIS2_PLACEMENT_3D('',#12374,#9840,#9841);
#7911=AXIS2_PLACEMENT_3D('',#12376,#9842,#9843);
#7912=AXIS2_PLACEMENT_3D('',#12379,#9845,#9846);
#7913=AXIS2_PLACEMENT_3D('',#12382,#9847,#9848);
#7914=AXIS2_PLACEMENT_3D('',#12386,#9850,#9851);
#7915=AXIS2_PLACEMENT_3D('',#12388,#9852,#9853);
#7916=AXIS2_PLACEMENT_3D('',#12391,#9855,#9856);
#7917=AXIS2_PLACEMENT_3D('',#12394,#9857,#9858);
#7918=AXIS2_PLACEMENT_3D('',#12398,#9860,#9861);
#7919=AXIS2_PLACEMENT_3D('',#12400,#9862,#9863);
#7920=AXIS2_PLACEMENT_3D('',#12403,#9865,#9866);
#7921=AXIS2_PLACEMENT_3D('',#12406,#9867,#9868);
#7922=AXIS2_PLACEMENT_3D('',#12410,#9870,#9871);
#7923=AXIS2_PLACEMENT_3D('',#12412,#9872,#9873);
#7924=AXIS2_PLACEMENT_3D('',#12415,#9875,#9876);
#7925=AXIS2_PLACEMENT_3D('',#12418,#9877,#9878);
#7926=AXIS2_PLACEMENT_3D('',#12422,#9880,#9881);
#7927=AXIS2_PLACEMENT_3D('',#12424,#9882,#9883);
#7928=AXIS2_PLACEMENT_3D('',#12427,#9885,#9886);
#7929=AXIS2_PLACEMENT_3D('',#12430,#9887,#9888);
#7930=AXIS2_PLACEMENT_3D('',#12434,#9890,#9891);
#7931=AXIS2_PLACEMENT_3D('',#12436,#9892,#9893);
#7932=AXIS2_PLACEMENT_3D('',#12439,#9895,#9896);
#7933=AXIS2_PLACEMENT_3D('',#12442,#9897,#9898);
#7934=AXIS2_PLACEMENT_3D('',#12446,#9900,#9901);
#7935=AXIS2_PLACEMENT_3D('',#12448,#9902,#9903);
#7936=AXIS2_PLACEMENT_3D('',#12451,#9905,#9906);
#7937=AXIS2_PLACEMENT_3D('',#12454,#9907,#9908);
#7938=AXIS2_PLACEMENT_3D('',#12458,#9910,#9911);
#7939=AXIS2_PLACEMENT_3D('',#12460,#9912,#9913);
#7940=AXIS2_PLACEMENT_3D('',#12463,#9915,#9916);
#7941=AXIS2_PLACEMENT_3D('',#12466,#9917,#9918);
#7942=AXIS2_PLACEMENT_3D('',#12470,#9920,#9921);
#7943=AXIS2_PLACEMENT_3D('',#12472,#9922,#9923);
#7944=AXIS2_PLACEMENT_3D('',#12475,#9925,#9926);
#7945=AXIS2_PLACEMENT_3D('',#12478,#9927,#9928);
#7946=AXIS2_PLACEMENT_3D('',#12482,#9930,#9931);
#7947=AXIS2_PLACEMENT_3D('',#12484,#9932,#9933);
#7948=AXIS2_PLACEMENT_3D('',#12487,#9935,#9936);
#7949=AXIS2_PLACEMENT_3D('',#12492,#9938,#9939);
#7950=AXIS2_PLACEMENT_3D('',#12495,#9941,#9942);
#7951=AXIS2_PLACEMENT_3D('',#12496,#9943,#9944);
#7952=AXIS2_PLACEMENT_3D('',#12498,#9946,#9947);
#7953=AXIS2_PLACEMENT_3D('',#12499,#9948,#9949);
#7954=AXIS2_PLACEMENT_3D('',#12502,#9950,#9951);
#7955=AXIS2_PLACEMENT_3D('',#12505,#9954,#9955);
#7956=AXIS2_PLACEMENT_3D('',#12509,#9958,#9959);
#7957=AXIS2_PLACEMENT_3D('',#12512,#9960,#9961);
#7958=AXIS2_PLACEMENT_3D('',#12515,#9964,#9965);
#7959=AXIS2_PLACEMENT_3D('',#12519,#9967,#9968);
#7960=AXIS2_PLACEMENT_3D('',#12523,#9971,#9972);
#7961=AXIS2_PLACEMENT_3D('',#12524,#9973,#9974);
#7962=AXIS2_PLACEMENT_3D('',#12526,#9976,#9977);
#7963=AXIS2_PLACEMENT_3D('',#12528,#9979,#9980);
#7964=AXIS2_PLACEMENT_3D('',#12529,#9981,#9982);
#7965=AXIS2_PLACEMENT_3D('',#12531,#9984,#9985);
#7966=AXIS2_PLACEMENT_3D('',#12532,#9986,#9987);
#7967=AXIS2_PLACEMENT_3D('',#12535,#9990,#9991);
#7968=AXIS2_PLACEMENT_3D('',#12537,#9993,#9994);
#7969=AXIS2_PLACEMENT_3D('',#12539,#9996,#9997);
#7970=AXIS2_PLACEMENT_3D('',#12541,#9999,#10000);
#7971=AXIS2_PLACEMENT_3D('',#12543,#10002,#10003);
#7972=AXIS2_PLACEMENT_3D('',#12544,#10004,#10005);
#7973=AXIS2_PLACEMENT_3D('',#12547,#10008,#10009);
#7974=AXIS2_PLACEMENT_3D('',#12549,#10011,#10012);
#7975=AXIS2_PLACEMENT_3D('',#12551,#10014,#10015);
#7976=AXIS2_PLACEMENT_3D('',#12553,#10017,#10018);
#7977=AXIS2_PLACEMENT_3D('',#12555,#10020,#10021);
#7978=AXIS2_PLACEMENT_3D('',#12556,#10022,#10023);
#7979=AXIS2_PLACEMENT_3D('',#12559,#10026,#10027);
#7980=AXIS2_PLACEMENT_3D('',#12561,#10029,#10030);
#7981=AXIS2_PLACEMENT_3D('',#12563,#10032,#10033);
#7982=AXIS2_PLACEMENT_3D('',#12565,#10035,#10036);
#7983=AXIS2_PLACEMENT_3D('',#12567,#10038,#10039);
#7984=AXIS2_PLACEMENT_3D('',#12568,#10040,#10041);
#7985=AXIS2_PLACEMENT_3D('',#12571,#10044,#10045);
#7986=AXIS2_PLACEMENT_3D('',#12573,#10047,#10048);
#7987=AXIS2_PLACEMENT_3D('',#12575,#10050,#10051);
#7988=AXIS2_PLACEMENT_3D('',#12577,#10053,#10054);
#7989=AXIS2_PLACEMENT_3D('',#12579,#10056,#10057);
#7990=AXIS2_PLACEMENT_3D('',#12580,#10058,#10059);
#7991=AXIS2_PLACEMENT_3D('',#12583,#10062,#10063);
#7992=AXIS2_PLACEMENT_3D('',#12585,#10065,#10066);
#7993=AXIS2_PLACEMENT_3D('',#12587,#10068,#10069);
#7994=AXIS2_PLACEMENT_3D('',#12589,#10071,#10072);
#7995=AXIS2_PLACEMENT_3D('',#12591,#10074,#10075);
#7996=AXIS2_PLACEMENT_3D('',#12592,#10076,#10077);
#7997=AXIS2_PLACEMENT_3D('',#12595,#10080,#10081);
#7998=AXIS2_PLACEMENT_3D('',#12597,#10083,#10084);
#7999=AXIS2_PLACEMENT_3D('',#12599,#10086,#10087);
#8000=AXIS2_PLACEMENT_3D('',#12601,#10089,#10090);
#8001=AXIS2_PLACEMENT_3D('',#12603,#10092,#10093);
#8002=AXIS2_PLACEMENT_3D('',#12604,#10094,#10095);
#8003=AXIS2_PLACEMENT_3D('',#12607,#10098,#10099);
#8004=AXIS2_PLACEMENT_3D('',#12609,#10101,#10102);
#8005=AXIS2_PLACEMENT_3D('',#12611,#10104,#10105);
#8006=AXIS2_PLACEMENT_3D('',#12613,#10107,#10108);
#8007=AXIS2_PLACEMENT_3D('',#12615,#10110,#10111);
#8008=AXIS2_PLACEMENT_3D('',#12616,#10112,#10113);
#8009=AXIS2_PLACEMENT_3D('',#12619,#10116,#10117);
#8010=AXIS2_PLACEMENT_3D('',#12621,#10119,#10120);
#8011=AXIS2_PLACEMENT_3D('',#12623,#10122,#10123);
#8012=AXIS2_PLACEMENT_3D('',#12625,#10125,#10126);
#8013=AXIS2_PLACEMENT_3D('',#12627,#10128,#10129);
#8014=AXIS2_PLACEMENT_3D('',#12628,#10130,#10131);
#8015=AXIS2_PLACEMENT_3D('',#12631,#10134,#10135);
#8016=AXIS2_PLACEMENT_3D('',#12633,#10137,#10138);
#8017=AXIS2_PLACEMENT_3D('',#12635,#10140,#10141);
#8018=AXIS2_PLACEMENT_3D('',#12637,#10143,#10144);
#8019=AXIS2_PLACEMENT_3D('',#12639,#10146,#10147);
#8020=AXIS2_PLACEMENT_3D('',#12640,#10148,#10149);
#8021=AXIS2_PLACEMENT_3D('',#12643,#10152,#10153);
#8022=AXIS2_PLACEMENT_3D('',#12645,#10155,#10156);
#8023=AXIS2_PLACEMENT_3D('',#12647,#10158,#10159);
#8024=AXIS2_PLACEMENT_3D('',#12649,#10161,#10162);
#8025=AXIS2_PLACEMENT_3D('',#12651,#10164,#10165);
#8026=AXIS2_PLACEMENT_3D('',#12652,#10166,#10167);
#8027=AXIS2_PLACEMENT_3D('',#12655,#10170,#10171);
#8028=AXIS2_PLACEMENT_3D('',#12657,#10173,#10174);
#8029=AXIS2_PLACEMENT_3D('',#12659,#10176,#10177);
#8030=AXIS2_PLACEMENT_3D('',#12661,#10179,#10180);
#8031=AXIS2_PLACEMENT_3D('',#12663,#10182,#10183);
#8032=AXIS2_PLACEMENT_3D('',#12664,#10184,#10185);
#8033=AXIS2_PLACEMENT_3D('',#12667,#10188,#10189);
#8034=AXIS2_PLACEMENT_3D('',#12669,#10191,#10192);
#8035=AXIS2_PLACEMENT_3D('',#12671,#10194,#10195);
#8036=AXIS2_PLACEMENT_3D('',#12673,#10197,#10198);
#8037=AXIS2_PLACEMENT_3D('',#12675,#10200,#10201);
#8038=AXIS2_PLACEMENT_3D('',#12676,#10202,#10203);
#8039=AXIS2_PLACEMENT_3D('',#12679,#10206,#10207);
#8040=AXIS2_PLACEMENT_3D('',#12681,#10209,#10210);
#8041=AXIS2_PLACEMENT_3D('',#12683,#10212,#10213);
#8042=AXIS2_PLACEMENT_3D('',#12685,#10215,#10216);
#8043=AXIS2_PLACEMENT_3D('',#12687,#10218,#10219);
#8044=AXIS2_PLACEMENT_3D('',#12688,#10220,#10221);
#8045=AXIS2_PLACEMENT_3D('',#12691,#10224,#10225);
#8046=AXIS2_PLACEMENT_3D('',#12693,#10227,#10228);
#8047=AXIS2_PLACEMENT_3D('',#12695,#10230,#10231);
#8048=AXIS2_PLACEMENT_3D('',#12697,#10233,#10234);
#8049=AXIS2_PLACEMENT_3D('',#12699,#10236,#10237);
#8050=AXIS2_PLACEMENT_3D('',#12700,#10238,#10239);
#8051=AXIS2_PLACEMENT_3D('',#12703,#10242,#10243);
#8052=AXIS2_PLACEMENT_3D('',#12705,#10245,#10246);
#8053=AXIS2_PLACEMENT_3D('',#12707,#10248,#10249);
#8054=AXIS2_PLACEMENT_3D('',#12709,#10251,#10252);
#8055=AXIS2_PLACEMENT_3D('',#12711,#10254,#10255);
#8056=AXIS2_PLACEMENT_3D('',#12712,#10256,#10257);
#8057=AXIS2_PLACEMENT_3D('',#12713,#10258,#10259);
#8058=AXIS2_PLACEMENT_3D('',#12714,#10260,#10261);
#8059=AXIS2_PLACEMENT_3D('',#12715,#10262,#10263);
#8060=AXIS2_PLACEMENT_3D('',#12716,#10264,#10265);
#8061=AXIS2_PLACEMENT_3D('',#12717,#10266,#10267);
#8062=AXIS2_PLACEMENT_3D('',#12718,#10268,#10269);
#8063=AXIS2_PLACEMENT_3D('',#12719,#10270,#10271);
#8064=AXIS2_PLACEMENT_3D('',#12720,#10272,#10273);
#8065=DIRECTION('axis',(0.,0.,1.));
#8066=DIRECTION('refdir',(1.,0.,0.));
#8067=DIRECTION('axis',(0.,0.,1.));
#8068=DIRECTION('refdir',(1.,0.,0.));
#8069=DIRECTION('center_axis',(0.,-1.,0.));
#8070=DIRECTION('ref_axis',(-1.,0.,0.));
#8071=DIRECTION('center_axis',(0.,-1.,0.));
#8072=DIRECTION('ref_axis',(-1.,0.,0.));
#8073=DIRECTION('',(0.,-1.,0.));
#8074=DIRECTION('center_axis',(0.,1.,0.));
#8075=DIRECTION('ref_axis',(-1.,0.,0.));
#8076=DIRECTION('center_axis',(-1.,0.,0.));
#8077=DIRECTION('ref_axis',(0.,0.,1.));
#8078=DIRECTION('',(0.,-1.,0.));
#8079=DIRECTION('',(0.,-1.22464679914735E-16,1.));
#8080=DIRECTION('',(0.,1.,0.));
#8081=DIRECTION('',(0.,1.22464679914735E-16,-1.));
#8082=DIRECTION('',(0.,-1.,0.));
#8083=DIRECTION('',(0.,-1.22464679914735E-16,1.));
#8084=DIRECTION('',(0.,1.,3.5527136788005E-15));
#8085=DIRECTION('',(0.,0.,1.));
#8086=DIRECTION('center_axis',(0.,-1.,0.));
#8087=DIRECTION('ref_axis',(0.,0.,-1.));
#8088=DIRECTION('',(-1.,0.,0.));
#8089=DIRECTION('',(-1.,0.,0.));
#8090=DIRECTION('',(0.,-1.22464679914735E-16,1.));
#8091=DIRECTION('center_axis',(0.,-1.,0.));
#8092=DIRECTION('ref_axis',(0.,0.,-1.));
#8093=DIRECTION('',(-1.,0.,0.));
#8094=DIRECTION('',(0.,-1.22464679914735E-16,1.));
#8095=DIRECTION('',(-1.,0.,0.));
#8096=DIRECTION('center_axis',(0.,3.5527136788005E-15,-1.));
#8097=DIRECTION('ref_axis',(0.,-1.,-3.5527136788005E-15));
#8098=DIRECTION('',(0.,-1.,-3.5527136788005E-15));
#8099=DIRECTION('',(-1.,0.,0.));
#8100=DIRECTION('center_axis',(0.,1.,0.));
#8101=DIRECTION('ref_axis',(0.,0.,-1.));
#8102=DIRECTION('',(0.,0.,-1.));
#8103=DIRECTION('',(-1.,0.,0.));
#8104=DIRECTION('center_axis',(0.,0.,1.));
#8105=DIRECTION('ref_axis',(0.,1.,0.));
#8106=DIRECTION('',(0.,1.,0.));
#8107=DIRECTION('center_axis',(1.,0.,0.));
#8108=DIRECTION('ref_axis',(0.,1.22464679914735E-16,-1.));
#8109=DIRECTION('',(0.,-1.,0.));
#8110=DIRECTION('',(0.,1.22464679914735E-16,-1.));
#8111=DIRECTION('',(0.,1.,0.));
#8112=DIRECTION('center_axis',(0.,0.,1.));
#8113=DIRECTION('ref_axis',(1.,0.,0.));
#8114=DIRECTION('',(-1.,0.,0.));
#8115=DIRECTION('center_axis',(0.,0.,-1.));
#8116=DIRECTION('ref_axis',(-1.,0.,0.));
#8117=DIRECTION('',(-1.,0.,0.));
#8118=DIRECTION('center_axis',(0.,1.,0.));
#8119=DIRECTION('ref_axis',(0.,0.,1.));
#8120=DIRECTION('axis',(0.,0.,1.));
#8121=DIRECTION('refdir',(1.,0.,0.));
#8122=DIRECTION('center_axis',(0.,-1.,-1.22464679914735E-16));
#8123=DIRECTION('ref_axis',(1.,0.,0.));
#8124=DIRECTION('center_axis',(0.,-1.,-1.22464679914735E-16));
#8125=DIRECTION('ref_axis',(1.,0.,0.));
#8126=DIRECTION('center_axis',(0.,1.,1.22464679914735E-16));
#8127=DIRECTION('ref_axis',(1.,0.,0.));
#8128=DIRECTION('center_axis',(0.,-1.,-1.22464679914735E-16));
#8129=DIRECTION('ref_axis',(0.,1.22464679914735E-16,-1.));
#8130=DIRECTION('',(0.994505452921406,1.28201886279452E-17,-0.104684784518043));
#8131=DIRECTION('',(0.99714268802795,-9.2511181908077E-18,0.0755411127293901));
#8132=DIRECTION('',(1.,0.,0.));
#8133=DIRECTION('',(0.,1.22464679914735E-16,-1.));
#8134=DIRECTION('',(1.,0.,0.));
#8135=DIRECTION('',(-0.99714268802795,-9.2511181908077E-18,0.0755411127293901));
#8136=DIRECTION('',(-0.994505452921406,1.2820188627945E-17,-0.104684784518042));
#8137=DIRECTION('',(-1.,0.,0.));
#8138=DIRECTION('',(0.,-1.22464679914735E-16,1.));
#8139=DIRECTION('',(-1.,0.,0.));
#8140=DIRECTION('center_axis',(0.,1.,1.22464679914735E-16));
#8141=DIRECTION('ref_axis',(1.,0.,0.));
#8142=DIRECTION('center_axis',(0.,1.,1.22464679914735E-16));
#8143=DIRECTION('ref_axis',(-1.,0.,0.));
#8144=DIRECTION('center_axis',(-0.104684784518043,1.21791791965479E-16,
-0.994505452921406));
#8145=DIRECTION('ref_axis',(0.994505452921406,1.28201886279452E-17,-0.104684784518043));
#8146=DIRECTION('',(0.994505452921406,1.28201886279452E-17,-0.104684784518043));
#8147=DIRECTION('',(0.,-1.,-1.22464679914735E-16));
#8148=DIRECTION('',(0.,-1.,-1.22464679914735E-16));
#8149=DIRECTION('center_axis',(0.0755411127293901,-1.22114760118662E-16,
0.99714268802795));
#8150=DIRECTION('ref_axis',(-0.99714268802795,-9.2511181908077E-18,0.0755411127293901));
#8151=DIRECTION('',(0.,1.,1.22464679914735E-16));
#8152=DIRECTION('',(0.99714268802795,9.2511181908077E-18,-0.0755411127293901));
#8153=DIRECTION('',(0.,-1.,-1.22464679914735E-16));
#8154=DIRECTION('',(0.,-1.,-1.22464679914735E-16));
#8155=DIRECTION('',(-0.99714268802795,0.,0.0755411127293901));
#8156=DIRECTION('center_axis',(-0.104684784518042,-1.21791791965479E-16,
0.994505452921406));
#8157=DIRECTION('ref_axis',(-0.994505452921406,1.2820188627945E-17,-0.104684784518042));
#8158=DIRECTION('',(0.994505452921406,-1.2820188627945E-17,0.104684784518042));
#8159=DIRECTION('',(0.,-1.,-1.22464679914735E-16));
#8160=DIRECTION('center_axis',(0.,-1.,-1.22464679914735E-16));
#8161=DIRECTION('ref_axis',(0.,1.22464679914735E-16,-1.));
#8162=DIRECTION('',(0.,-1.22464679914735E-16,1.));
#8163=DIRECTION('',(0.99714268802795,-9.25111819080768E-18,0.07554111272939));
#8164=DIRECTION('',(0.994505452921406,1.28201886279451E-17,-0.104684784518042));
#8165=DIRECTION('',(0.,1.22464679914735E-16,-1.));
#8166=DIRECTION('',(-0.994505452921406,1.28201886279451E-17,-0.104684784518042));
#8167=DIRECTION('',(-0.99714268802795,-9.25111819080771E-18,0.0755411127293902));
#8168=DIRECTION('center_axis',(0.,1.,1.22464679914735E-16));
#8169=DIRECTION('ref_axis',(1.,0.,0.));
#8170=DIRECTION('center_axis',(1.,0.,0.));
#8171=DIRECTION('ref_axis',(0.,-1.22464679914735E-16,1.));
#8172=DIRECTION('',(0.,-1.22464679914735E-16,1.));
#8173=DIRECTION('',(0.,-1.,-1.22464679914735E-16));
#8174=DIRECTION('',(0.,-1.,-1.22464679914735E-16));
#8175=DIRECTION('center_axis',(0.0755411127293902,-1.22114760118662E-16,
0.99714268802795));
#8176=DIRECTION('ref_axis',(-0.99714268802795,-9.25111819080771E-18,0.0755411127293902));
#8177=DIRECTION('',(-0.99714268802795,-9.25111819080771E-18,0.0755411127293902));
#8178=DIRECTION('',(0.,-1.,-1.22464679914735E-16));
#8179=DIRECTION('center_axis',(0.07554111272939,1.22114760118662E-16,-0.99714268802795));
#8180=DIRECTION('ref_axis',(0.99714268802795,-9.25111819080768E-18,0.07554111272939));
#8181=DIRECTION('',(0.99714268802795,-9.25111819080768E-18,0.07554111272939));
#8182=DIRECTION('',(0.,-1.,-1.22464679914735E-16));
#8183=DIRECTION('center_axis',(-0.104684784518042,1.21791791965479E-16,
-0.994505452921406));
#8184=DIRECTION('ref_axis',(0.994505452921406,1.28201886279451E-17,-0.104684784518042));
#8185=DIRECTION('',(0.994505452921406,1.28201886279451E-17,-0.104684784518042));
#8186=DIRECTION('',(0.,-1.,-1.22464679914735E-16));
#8187=DIRECTION('center_axis',(-1.,0.,0.));
#8188=DIRECTION('ref_axis',(0.,1.22464679914735E-16,-1.));
#8189=DIRECTION('',(0.,1.22464679914735E-16,-1.));
#8190=DIRECTION('',(0.,-1.,-1.22464679914735E-16));
#8191=DIRECTION('center_axis',(-0.104684784518042,-1.21791791965479E-16,
0.994505452921406));
#8192=DIRECTION('ref_axis',(-0.994505452921406,1.28201886279451E-17,-0.104684784518042));
#8193=DIRECTION('',(-0.994505452921406,1.28201886279451E-17,-0.104684784518042));
#8194=DIRECTION('center_axis',(0.,1.22464679914735E-16,-1.));
#8195=DIRECTION('ref_axis',(0.,-1.,-1.22464679914735E-16));
#8196=DIRECTION('',(0.,-1.,-1.22464679914735E-16));
#8197=DIRECTION('',(-1.,0.,0.));
#8198=DIRECTION('center_axis',(0.,-1.22464679914735E-16,1.));
#8199=DIRECTION('ref_axis',(0.,1.,1.22464679914735E-16));
#8200=DIRECTION('',(-1.,0.,0.));
#8201=DIRECTION('',(0.,1.,1.22464679914735E-16));
#8202=DIRECTION('center_axis',(0.,0.,1.));
#8203=DIRECTION('ref_axis',(1.,0.,0.));
#8204=DIRECTION('',(-1.,0.,0.));
#8205=DIRECTION('',(0.,1.,0.));
#8206=DIRECTION('',(-1.,0.,0.));
#8207=DIRECTION('',(0.,1.,0.));
#8208=DIRECTION('',(1.,0.,0.));
#8209=DIRECTION('',(0.,-1.,0.));
#8210=DIRECTION('center_axis',(1.,0.,0.));
#8211=DIRECTION('ref_axis',(0.,1.22464679914735E-16,-1.));
#8212=DIRECTION('',(0.,0.,1.));
#8213=DIRECTION('',(0.,-1.22464679914735E-16,1.));
#8214=DIRECTION('',(0.,1.,0.));
#8215=DIRECTION('center_axis',(1.,0.,0.));
#8216=DIRECTION('ref_axis',(0.,0.,-1.));
#8217=DIRECTION('',(0.,0.,1.));
#8218=DIRECTION('',(0.,0.,-1.));
#8219=DIRECTION('',(0.,1.,0.));
#8220=DIRECTION('center_axis',(0.,-1.,0.));
#8221=DIRECTION('ref_axis',(0.,0.,-1.));
#8222=DIRECTION('',(1.,0.,0.));
#8223=DIRECTION('center_axis',(-2.22044604925031E-15,0.,-1.));
#8224=DIRECTION('ref_axis',(-1.,-2.71926214689378E-31,2.22044604925031E-15));
#8225=DIRECTION('',(1.,0.,-2.22044604925031E-15));
#8226=DIRECTION('',(1.,2.71926214689378E-31,-2.22044604925031E-15));
#8227=DIRECTION('',(0.,1.,0.));
#8228=DIRECTION('center_axis',(-1.,0.,0.));
#8229=DIRECTION('ref_axis',(0.,0.,1.));
#8230=DIRECTION('',(0.,0.,-1.));
#8231=DIRECTION('',(0.,1.22464679914735E-16,-1.));
#8232=DIRECTION('',(0.,1.22464679914735E-16,-1.));
#8233=DIRECTION('center_axis',(0.,-1.,0.));
#8234=DIRECTION('ref_axis',(0.,0.,-1.));
#8235=DIRECTION('center_axis',(0.,-1.22464679914735E-16,1.));
#8236=DIRECTION('ref_axis',(0.,-1.,-1.22464679914735E-16));
#8237=DIRECTION('',(-1.,0.,0.));
#8238=DIRECTION('',(0.,-1.,-1.22464679914735E-16));
#8239=DIRECTION('center_axis',(1.,0.,0.));
#8240=DIRECTION('ref_axis',(0.,0.,-1.));
#8241=DIRECTION('',(0.,0.,1.));
#8242=DIRECTION('',(0.,1.,0.));
#8243=DIRECTION('',(0.,-1.22464679914735E-16,1.));
#8244=DIRECTION('',(0.,-1.,0.));
#8245=DIRECTION('',(0.,0.,1.));
#8246=DIRECTION('',(0.,1.,1.22464679914735E-16));
#8247=DIRECTION('center_axis',(0.,1.22464679914735E-16,-1.));
#8248=DIRECTION('ref_axis',(0.,1.,1.22464679914735E-16));
#8249=DIRECTION('',(1.,0.,0.));
#8250=DIRECTION('',(0.,-1.,-1.22464679914735E-16));
#8251=DIRECTION('center_axis',(0.,-1.,0.));
#8252=DIRECTION('ref_axis',(0.,0.,-1.));
#8253=DIRECTION('',(1.,0.,0.));
#8254=DIRECTION('',(0.,0.,1.));
#8255=DIRECTION('center_axis',(0.,0.,-1.));
#8256=DIRECTION('ref_axis',(1.,0.,0.));
#8257=DIRECTION('',(1.,0.,0.));
#8258=DIRECTION('',(0.,-1.,0.));
#8259=DIRECTION('center_axis',(0.,-1.,0.));
#8260=DIRECTION('ref_axis',(0.,0.,-1.));
#8261=DIRECTION('',(0.99714268802795,0.,0.0755411127293901));
#8262=DIRECTION('',(0.,-1.22464679914735E-16,1.));
#8263=DIRECTION('',(-1.,0.,0.));
#8264=DIRECTION('center_axis',(0.,0.,1.));
#8265=DIRECTION('ref_axis',(-1.,0.,0.));
#8266=DIRECTION('',(-1.,0.,0.));
#8267=DIRECTION('',(0.,1.,0.));
#8268=DIRECTION('center_axis',(-1.,0.,0.));
#8269=DIRECTION('ref_axis',(0.,0.,1.));
#8270=DIRECTION('',(0.,1.22464679914735E-16,-1.));
#8271=DIRECTION('center_axis',(0.,-1.,-1.22464679914735E-16));
#8272=DIRECTION('ref_axis',(-1.,0.,0.));
#8273=DIRECTION('',(0.,1.22464679914735E-16,-1.));
#8274=DIRECTION('',(0.99714268802795,-9.2511181908077E-18,0.0755411127293901));
#8275=DIRECTION('center_axis',(0.,1.,1.22464679914735E-16));
#8276=DIRECTION('ref_axis',(-1.,0.,0.));
#8277=DIRECTION('center_axis',(-1.,0.,0.));
#8278=DIRECTION('ref_axis',(0.,0.,1.));
#8279=DIRECTION('',(0.,-1.,-1.22464679914735E-16));
#8280=DIRECTION('center_axis',(0.0755411127293901,1.22114760118662E-16,
-0.99714268802795));
#8281=DIRECTION('ref_axis',(0.99714268802795,-9.2511181908077E-18,0.0755411127293901));
#8282=DIRECTION('center_axis',(0.,-1.,0.));
#8283=DIRECTION('ref_axis',(-1.,0.,0.));
#8284=DIRECTION('',(0.,-1.,0.));
#8285=DIRECTION('center_axis',(0.,-1.,0.));
#8286=DIRECTION('ref_axis',(1.,0.,0.));
#8287=DIRECTION('',(0.,1.,0.));
#8288=DIRECTION('center_axis',(0.,1.,0.));
#8289=DIRECTION('ref_axis',(1.,0.,0.));
#8290=DIRECTION('',(0.,1.,0.));
#8291=DIRECTION('axis',(0.,0.,1.));
#8292=DIRECTION('refdir',(1.,0.,0.));
#8293=DIRECTION('axis',(0.,0.,1.));
#8294=DIRECTION('refdir',(1.,0.,0.));
#8295=DIRECTION('center_axis',(0.,0.,1.));
#8296=DIRECTION('ref_axis',(-0.707106781186551,-0.707106781186544,0.));
#8297=DIRECTION('center_axis',(0.,0.,1.));
#8298=DIRECTION('ref_axis',(-0.707106781186551,-0.707106781186544,0.));
#8299=DIRECTION('',(0.,0.,1.));
#8300=DIRECTION('center_axis',(0.,0.,-1.));
#8301=DIRECTION('ref_axis',(0.,-1.,0.));
#8302=DIRECTION('',(0.,0.,-1.));
#8303=DIRECTION('center_axis',(0.,1.,0.));
#8304=DIRECTION('ref_axis',(0.,0.,1.));
#8305=DIRECTION('center_axis',(-1.,0.,0.));
#8306=DIRECTION('ref_axis',(0.,-1.,0.));
#8307=DIRECTION('center_axis',(0.,-1.,0.));
#8308=DIRECTION('ref_axis',(-0.707106781186547,0.,0.707106781186548));
#8309=DIRECTION('center_axis',(0.,1.,0.));
#8310=DIRECTION('ref_axis',(-0.707106781186547,0.,0.707106781186548));
#8311=DIRECTION('center_axis',(1.,0.,0.));
#8312=DIRECTION('ref_axis',(0.,-0.707106781186551,0.707106781186544));
#8313=DIRECTION('center_axis',(-1.,0.,0.));
#8314=DIRECTION('ref_axis',(0.,-1.,0.));
#8315=DIRECTION('',(-1.,0.,0.));
#8316=DIRECTION('',(1.,0.,0.));
#8317=DIRECTION('center_axis',(0.,1.,0.));
#8318=DIRECTION('ref_axis',(0.,0.,1.));
#8319=DIRECTION('center_axis',(0.,0.,1.));
#8320=DIRECTION('ref_axis',(0.,-1.,0.));
#8321=DIRECTION('center_axis',(0.,-1.,0.));
#8322=DIRECTION('ref_axis',(0.707106781186547,0.,0.707106781186548));
#8323=DIRECTION('center_axis',(0.,1.,0.));
#8324=DIRECTION('ref_axis',(0.707106781186547,0.,0.707106781186548));
#8325=DIRECTION('center_axis',(0.,0.,1.));
#8326=DIRECTION('ref_axis',(0.707106781186541,-0.707106781186554,0.));
#8327=DIRECTION('center_axis',(0.,0.,1.));
#8328=DIRECTION('ref_axis',(0.707106781186541,-0.707106781186554,0.));
#8329=DIRECTION('',(0.,0.,1.));
#8330=DIRECTION('',(0.,0.,-1.));
#8331=DIRECTION('center_axis',(0.,-1.,0.));
#8332=DIRECTION('ref_axis',(1.,0.,0.));
#8333=DIRECTION('',(-1.,0.,0.));
#8334=DIRECTION('center_axis',(-1.,0.,0.));
#8335=DIRECTION('ref_axis',(0.,-1.,0.));
#8336=DIRECTION('',(0.,-1.,0.));
#8337=DIRECTION('',(0.,0.,1.));
#8338=DIRECTION('',(0.,1.,0.));
#8339=DIRECTION('center_axis',(0.,0.,1.));
#8340=DIRECTION('ref_axis',(0.707106781186552,0.707106781186543,0.));
#8341=DIRECTION('center_axis',(0.,0.,1.));
#8342=DIRECTION('ref_axis',(0.707106781186552,0.707106781186543,0.));
#8343=DIRECTION('',(0.,0.,1.));
#8344=DIRECTION('center_axis',(0.,0.,-1.));
#8345=DIRECTION('ref_axis',(0.,1.,0.));
#8346=DIRECTION('',(0.,0.,-1.));
#8347=DIRECTION('center_axis',(0.,-1.,0.));
#8348=DIRECTION('ref_axis',(0.,0.,-1.));
#8349=DIRECTION('center_axis',(1.,0.,0.));
#8350=DIRECTION('ref_axis',(0.,1.,0.));
#8351=DIRECTION('center_axis',(0.,1.,0.));
#8352=DIRECTION('ref_axis',(0.707106781186547,0.,0.707106781186548));
#8353=DIRECTION('center_axis',(0.,-1.,0.));
#8354=DIRECTION('ref_axis',(0.707106781186547,0.,0.707106781186548));
#8355=DIRECTION('center_axis',(-1.,0.,0.));
#8356=DIRECTION('ref_axis',(0.,0.707106781186549,0.707106781186546));
#8357=DIRECTION('center_axis',(1.,0.,0.));
#8358=DIRECTION('ref_axis',(0.,1.,0.));
#8359=DIRECTION('',(1.,0.,0.));
#8360=DIRECTION('',(-1.,0.,0.));
#8361=DIRECTION('center_axis',(0.,-1.,0.));
#8362=DIRECTION('ref_axis',(0.,0.,-1.));
#8363=DIRECTION('center_axis',(0.,0.,1.));
#8364=DIRECTION('ref_axis',(0.,1.,0.));
#8365=DIRECTION('center_axis',(0.,1.,0.));
#8366=DIRECTION('ref_axis',(-0.707106781186547,0.,0.707106781186548));
#8367=DIRECTION('center_axis',(0.,-1.,0.));
#8368=DIRECTION('ref_axis',(-0.707106781186547,0.,0.707106781186548));
#8369=DIRECTION('center_axis',(0.,0.,1.));
#8370=DIRECTION('ref_axis',(-0.70710678118654,0.707106781186555,0.));
#8371=DIRECTION('center_axis',(0.,0.,1.));
#8372=DIRECTION('ref_axis',(-0.70710678118654,0.707106781186555,0.));
#8373=DIRECTION('',(0.,0.,-1.));
#8374=DIRECTION('center_axis',(0.,1.,0.));
#8375=DIRECTION('ref_axis',(-1.,0.,0.));
#8376=DIRECTION('',(1.,0.,0.));
#8377=DIRECTION('center_axis',(1.,0.,0.));
#8378=DIRECTION('ref_axis',(0.,1.,0.));
#8379=DIRECTION('',(0.,-1.,0.));
#8380=DIRECTION('',(0.,1.,0.));
#8381=DIRECTION('center_axis',(0.,-1.,0.));
#8382=DIRECTION('ref_axis',(-0.707106781186547,0.,0.707106781186547));
#8383=DIRECTION('',(0.,1.,0.));
#8384=DIRECTION('center_axis',(0.,0.,1.));
#8385=DIRECTION('ref_axis',(1.,0.,0.));
#8386=DIRECTION('',(0.,-1.,0.));
#8387=DIRECTION('center_axis',(0.,1.,0.));
#8388=DIRECTION('ref_axis',(0.707106781186547,0.,0.707106781186547));
#8389=DIRECTION('center_axis',(0.,1.,0.));
#8390=DIRECTION('ref_axis',(-0.707106781186547,0.,0.707106781186547));
#8391=DIRECTION('center_axis',(0.,-1.,0.));
#8392=DIRECTION('ref_axis',(-0.707106781186547,0.,0.707106781186547));
#8393=DIRECTION('',(0.,-1.,0.));
#8394=DIRECTION('center_axis',(0.,1.,0.));
#8395=DIRECTION('ref_axis',(-0.707106781186547,0.,0.707106781186547));
#8396=DIRECTION('',(0.,1.,0.));
#8397=DIRECTION('center_axis',(0.,1.,0.));
#8398=DIRECTION('ref_axis',(-1.,0.,0.));
#8399=DIRECTION('',(-1.,0.,0.));
#8400=DIRECTION('center_axis',(0.,1.,0.));
#8401=DIRECTION('ref_axis',(0.707106781186547,0.,0.707106781186547));
#8402=DIRECTION('',(0.,0.,1.));
#8403=DIRECTION('',(-1.,0.,0.));
#8404=DIRECTION('',(0.,0.,1.));
#8405=DIRECTION('center_axis',(0.,0.,1.));
#8406=DIRECTION('ref_axis',(-1.,0.,0.));
#8407=DIRECTION('',(1.,0.,0.));
#8408=DIRECTION('',(0.,1.,0.));
#8409=DIRECTION('center_axis',(0.,-1.,0.));
#8410=DIRECTION('ref_axis',(0.707106781186547,0.,0.707106781186547));
#8411=DIRECTION('center_axis',(0.,-1.,0.));
#8412=DIRECTION('ref_axis',(0.707106781186547,0.,0.707106781186547));
#8413=DIRECTION('',(0.,-1.,0.));
#8414=DIRECTION('center_axis',(0.,-1.,0.));
#8415=DIRECTION('ref_axis',(1.,0.,0.));
#8416=DIRECTION('',(0.,0.,1.));
#8417=DIRECTION('',(1.,0.,0.));
#8418=DIRECTION('',(0.,0.,1.));
#8419=DIRECTION('center_axis',(1.,0.,0.));
#8420=DIRECTION('ref_axis',(0.,1.,0.));
#8421=DIRECTION('',(0.,1.,0.));
#8422=DIRECTION('center_axis',(-1.,0.,0.));
#8423=DIRECTION('ref_axis',(0.,-1.,0.));
#8424=DIRECTION('',(0.,-1.,0.));
#8425=DIRECTION('center_axis',(0.,0.,1.));
#8426=DIRECTION('ref_axis',(1.,0.,0.));
#8427=DIRECTION('axis',(0.,0.,1.));
#8428=DIRECTION('refdir',(1.,0.,0.));
#8429=DIRECTION('center_axis',(0.,-0.992965508106537,-0.118403968306501));
#8430=DIRECTION('ref_axis',(0.,-0.118403968306501,0.992965508106537));
#8431=DIRECTION('',(0.,-0.992965508106537,-0.118403968306503));
#8432=DIRECTION('center_axis',(0.,-0.992965508106537,-0.118403968306501));
#8433=DIRECTION('ref_axis',(0.,-0.118403968306501,0.992965508106537));
#8434=DIRECTION('',(0.,-0.992965508106537,-0.118403968306503));
#8435=DIRECTION('center_axis',(0.,-0.118403968306503,0.992965508106537));
#8436=DIRECTION('ref_axis',(-1.,0.,0.));
#8437=DIRECTION('',(-1.,0.,0.));
#8438=DIRECTION('',(0.,-0.992965508106537,-0.118403968306503));
#8439=DIRECTION('',(-1.,0.,0.));
#8440=DIRECTION('center_axis',(0.,-0.992965508106537,-0.118403968306501));
#8441=DIRECTION('ref_axis',(0.,-0.118403968306501,0.992965508106537));
#8442=DIRECTION('',(0.,-0.992965508106537,-0.118403968306503));
#8443=DIRECTION('center_axis',(0.,-0.992965508106537,-0.118403968306501));
#8444=DIRECTION('ref_axis',(0.,-0.118403968306501,0.992965508106537));
#8445=DIRECTION('center_axis',(1.,0.,0.));
#8446=DIRECTION('ref_axis',(0.,-0.118403968306501,0.992965508106537));
#8447=DIRECTION('',(0.,-0.118403968306501,0.992965508106537));
#8448=DIRECTION('',(0.,-0.992965508106537,-0.118403968306503));
#8449=DIRECTION('',(0.,-0.118403968306501,0.992965508106537));
#8450=DIRECTION('center_axis',(0.,-0.992965508106537,-0.118403968306501));
#8451=DIRECTION('ref_axis',(0.,0.118403968306501,-0.992965508106537));
#8452=DIRECTION('',(0.,-0.992965508106537,-0.118403968306503));
#8453=DIRECTION('center_axis',(0.,-0.992965508106537,-0.118403968306501));
#8454=DIRECTION('ref_axis',(0.,0.118403968306501,-0.992965508106537));
#8455=DIRECTION('center_axis',(0.,0.118403968306503,-0.992965508106537));
#8456=DIRECTION('ref_axis',(1.,0.,0.));
#8457=DIRECTION('',(1.,0.,0.));
#8458=DIRECTION('',(0.,-0.992965508106537,-0.118403968306503));
#8459=DIRECTION('',(1.,0.,0.));
#8460=DIRECTION('center_axis',(0.,-0.992965508106537,-0.118403968306501));
#8461=DIRECTION('ref_axis',(-1.10241316975849E-16,0.118403968306501,-0.992965508106537));
#8462=DIRECTION('',(0.,-0.992965508106537,-0.118403968306503));
#8463=DIRECTION('center_axis',(0.,-0.992965508106537,-0.118403968306501));
#8464=DIRECTION('ref_axis',(-1.10241316975849E-16,0.118403968306501,-0.992965508106537));
#8465=DIRECTION('center_axis',(-1.,0.,0.));
#8466=DIRECTION('ref_axis',(0.,0.118403968306501,-0.992965508106537));
#8467=DIRECTION('',(0.,0.118403968306501,-0.992965508106537));
#8468=DIRECTION('',(0.,0.118403968306501,-0.992965508106537));
#8469=DIRECTION('center_axis',(0.,-0.992965508106537,-0.118403968306501));
#8470=DIRECTION('ref_axis',(0.,-0.118403968306501,0.992965508106537));
#8471=DIRECTION('center_axis',(0.,0.,1.));
#8472=DIRECTION('ref_axis',(-1.,0.,0.));
#8473=DIRECTION('center_axis',(0.,1.,0.));
#8474=DIRECTION('ref_axis',(-0.707106781186548,0.,0.707106781186547));
#8475=DIRECTION('center_axis',(-1.,0.,0.));
#8476=DIRECTION('ref_axis',(0.,-1.,0.));
#8477=DIRECTION('center_axis',(0.,-1.,0.));
#8478=DIRECTION('ref_axis',(-0.707106781186548,0.,0.707106781186547));
#8479=DIRECTION('center_axis',(-1.,0.,0.));
#8480=DIRECTION('ref_axis',(0.,-0.707106781186547,0.707106781186547));
#8481=DIRECTION('center_axis',(-1.,0.,0.));
#8482=DIRECTION('ref_axis',(0.,-1.,0.));
#8483=DIRECTION('',(-1.,0.,0.));
#8484=DIRECTION('',(1.,0.,0.));
#8485=DIRECTION('center_axis',(0.,0.,1.));
#8486=DIRECTION('ref_axis',(0.,-1.,0.));
#8487=DIRECTION('center_axis',(0.,-1.,0.));
#8488=DIRECTION('ref_axis',(0.707106781186547,0.,0.707106781186547));
#8489=DIRECTION('center_axis',(0.,1.,0.));
#8490=DIRECTION('ref_axis',(0.707106781186547,0.,0.707106781186547));
#8491=DIRECTION('center_axis',(0.,0.,1.));
#8492=DIRECTION('ref_axis',(0.707106781186547,-0.707106781186547,0.));
#8493=DIRECTION('center_axis',(0.,0.,1.));
#8494=DIRECTION('ref_axis',(0.,-1.,0.));
#8495=DIRECTION('',(0.,0.,1.));
#8496=DIRECTION('',(0.,0.,-1.));
#8497=DIRECTION('center_axis',(1.,0.,0.));
#8498=DIRECTION('ref_axis',(0.,-1.,0.));
#8499=DIRECTION('center_axis',(0.,-1.,0.));
#8500=DIRECTION('ref_axis',(0.707106781186547,0.,-0.707106781186547));
#8501=DIRECTION('center_axis',(0.,1.,0.));
#8502=DIRECTION('ref_axis',(0.707106781186547,0.,-0.707106781186547));
#8503=DIRECTION('center_axis',(1.,0.,0.));
#8504=DIRECTION('ref_axis',(0.,-0.707106781186547,-0.707106781186547));
#8505=DIRECTION('center_axis',(1.,0.,0.));
#8506=DIRECTION('ref_axis',(0.,-1.,0.));
#8507=DIRECTION('',(1.,0.,0.));
#8508=DIRECTION('',(-1.,0.,0.));
#8509=DIRECTION('center_axis',(0.,0.,-1.));
#8510=DIRECTION('ref_axis',(0.,-1.,0.));
#8511=DIRECTION('center_axis',(0.,-1.,0.));
#8512=DIRECTION('ref_axis',(-0.707106781186548,0.,-0.707106781186547));
#8513=DIRECTION('center_axis',(0.,1.,0.));
#8514=DIRECTION('ref_axis',(-0.707106781186548,0.,-0.707106781186547));
#8515=DIRECTION('center_axis',(0.,0.,-1.));
#8516=DIRECTION('ref_axis',(-0.707106781186547,-0.707106781186547,0.));
#8517=DIRECTION('',(0.,0.,1.));
#8518=DIRECTION('',(0.,0.,-1.));
#8519=DIRECTION('center_axis',(0.,0.,-1.));
#8520=DIRECTION('ref_axis',(-1.,0.,0.));
#8521=DIRECTION('',(0.,-1.,0.));
#8522=DIRECTION('',(-1.,0.,0.));
#8523=DIRECTION('',(0.,1.,0.));
#8524=DIRECTION('center_axis',(0.,1.,0.));
#8525=DIRECTION('ref_axis',(-0.707106781186548,0.,-0.707106781186547));
#8526=DIRECTION('',(0.,1.,0.));
#8527=DIRECTION('center_axis',(6.60757045072021E-18,0.998227369400534,0.0595157036393757));
#8528=DIRECTION('ref_axis',(0.,0.0595157036393757,-0.998227369400534));
#8529=DIRECTION('center_axis',(-1.,0.,0.));
#8530=DIRECTION('ref_axis',(0.,0.,1.));
#8531=DIRECTION('',(0.,-1.,0.));
#8532=DIRECTION('',(0.,-0.118403968306501,0.992965508106537));
#8533=DIRECTION('center_axis',(0.,1.,0.));
#8534=DIRECTION('ref_axis',(-0.707106781186547,0.,0.707106781186547));
#8535=DIRECTION('',(0.,1.,0.));
#8536=DIRECTION('center_axis',(0.,0.998227369400534,0.0595157036393757));
#8537=DIRECTION('ref_axis',(0.,-0.0595157036393757,0.998227369400534));
#8538=DIRECTION('center_axis',(0.,1.,0.));
#8539=DIRECTION('ref_axis',(-1.,0.,0.));
#8540=DIRECTION('',(1.,0.,0.));
#8541=DIRECTION('',(0.,0.,-1.));
#8542=DIRECTION('',(-1.,0.,0.));
#8543=DIRECTION('',(0.,0.,1.));
#8544=DIRECTION('center_axis',(0.,0.118403968306501,-0.992965508106537));
#8545=DIRECTION('ref_axis',(-0.707106781186548,0.702132644266478,0.0837242489089236));
#8546=DIRECTION('center_axis',(1.76386107161359E-15,0.118403968306501,-0.992965508106537));
#8547=DIRECTION('ref_axis',(-1.,0.,-1.77635683940025E-15));
#8548=DIRECTION('center_axis',(-4.40965267903398E-16,-0.118403968306501,
0.992965508106537));
#8549=DIRECTION('ref_axis',(0.,0.992965508106537,0.118403968306501));
#8550=DIRECTION('center_axis',(-1.,0.,0.));
#8551=DIRECTION('ref_axis',(0.,0.992965508106537,0.118403968306501));
#8552=DIRECTION('center_axis',(-1.,0.,0.));
#8553=DIRECTION('ref_axis',(0.,0.747798090498532,-0.663926212652242));
#8554=DIRECTION('center_axis',(-1.,0.,0.));
#8555=DIRECTION('ref_axis',(0.,0.992965508106537,0.118403968306501));
#8556=DIRECTION('center_axis',(0.,0.118403968306501,-0.992965508106537));
#8557=DIRECTION('ref_axis',(4.44089209850063E-16,0.992965508106537,0.118403968306501));
#8558=DIRECTION('center_axis',(0.,0.998227369400534,0.0595157036393757));
#8559=DIRECTION('ref_axis',(0.,0.0595157036393757,-0.998227369400534));
#8560=DIRECTION('center_axis',(0.,-0.118403968306501,0.992965508106537));
#8561=DIRECTION('ref_axis',(0.707106781186548,0.702132644266478,0.083724248908924));
#8562=DIRECTION('center_axis',(0.,0.118403968306502,-0.992965508106537));
#8563=DIRECTION('ref_axis',(0.,0.992965508106537,0.118403968306502));
#8564=DIRECTION('',(0.,0.118403968306501,-0.992965508106537));
#8565=DIRECTION('center_axis',(1.,0.,0.));
#8566=DIRECTION('ref_axis',(0.,0.992965508106537,0.118403968306501));
#8567=DIRECTION('center_axis',(0.,0.998227369400534,0.0595157036393757));
#8568=DIRECTION('ref_axis',(0.,-0.0595157036393757,0.998227369400534));
#8569=DIRECTION('center_axis',(-1.,0.,0.));
#8570=DIRECTION('ref_axis',(0.,0.663926212652241,0.747798090498532));
#8571=DIRECTION('center_axis',(1.,0.,0.));
#8572=DIRECTION('ref_axis',(0.,0.992965508106537,0.118403968306501));
#8573=DIRECTION('',(1.,0.,0.));
#8574=DIRECTION('center_axis',(0.,1.,0.));
#8575=DIRECTION('ref_axis',(0.707106781186547,0.,0.707106781186547));
#8576=DIRECTION('',(0.,1.,0.));
#8577=DIRECTION('',(0.,-1.,0.));
#8578=DIRECTION('center_axis',(0.,0.,1.));
#8579=DIRECTION('ref_axis',(1.,0.,0.));
#8580=DIRECTION('center_axis',(0.,1.,0.));
#8581=DIRECTION('ref_axis',(0.707106781186547,0.,-0.707106781186547));
#8582=DIRECTION('',(0.,-1.,0.));
#8583=DIRECTION('center_axis',(1.,0.,0.));
#8584=DIRECTION('ref_axis',(0.,0.,-1.));
#8585=DIRECTION('center_axis',(0.,0.,-1.));
#8586=DIRECTION('ref_axis',(-1.,0.,0.));
#8587=DIRECTION('center_axis',(0.,0.,-1.));
#8588=DIRECTION('ref_axis',(-1.,0.,0.));
#8589=DIRECTION('',(0.,0.,-1.));
#8590=DIRECTION('center_axis',(0.,0.,1.));
#8591=DIRECTION('ref_axis',(-1.,0.,0.));
#8592=DIRECTION('center_axis',(0.,0.,-1.));
#8593=DIRECTION('ref_axis',(-1.,0.,0.));
#8594=DIRECTION('center_axis',(0.,0.,-1.));
#8595=DIRECTION('ref_axis',(-1.,0.,0.));
#8596=DIRECTION('',(0.,0.,-1.));
#8597=DIRECTION('center_axis',(0.,0.,1.));
#8598=DIRECTION('ref_axis',(-1.,0.,0.));
#8599=DIRECTION('center_axis',(0.,0.,1.));
#8600=DIRECTION('ref_axis',(0.707106781186547,-0.707106781186547,0.));
#8601=DIRECTION('center_axis',(0.,0.,-1.));
#8602=DIRECTION('ref_axis',(0.707106781186547,-0.707106781186547,0.));
#8603=DIRECTION('',(0.,0.,-1.));
#8604=DIRECTION('center_axis',(0.,0.,1.));
#8605=DIRECTION('ref_axis',(0.707106781186547,-0.707106781186547,0.));
#8606=DIRECTION('',(0.,0.,1.));
#8607=DIRECTION('center_axis',(0.,0.,-1.));
#8608=DIRECTION('ref_axis',(0.707106781186547,-0.707106781186547,0.));
#8609=DIRECTION('',(0.,0.,-1.));
#8610=DIRECTION('center_axis',(0.,0.,1.));
#8611=DIRECTION('ref_axis',(0.707106781186547,-0.707106781186547,0.));
#8612=DIRECTION('',(0.,0.,-1.));
#8613=DIRECTION('center_axis',(1.,0.,0.));
#8614=DIRECTION('ref_axis',(0.,0.,1.));
#8615=DIRECTION('',(0.,-1.,0.));
#8616=DIRECTION('',(0.,-1.,0.));
#8617=DIRECTION('center_axis',(0.,0.,-1.));
#8618=DIRECTION('ref_axis',(1.,0.,0.));
#8619=DIRECTION('',(1.,0.,0.));
#8620=DIRECTION('center_axis',(0.,0.,1.));
#8621=DIRECTION('ref_axis',(-0.707106781186547,-0.707106781186547,0.));
#8622=DIRECTION('',(0.,-1.,0.));
#8623=DIRECTION('center_axis',(0.,-1.,0.));
#8624=DIRECTION('ref_axis',(0.,0.,-1.));
#8625=DIRECTION('',(-1.,0.,0.));
#8626=DIRECTION('',(0.,0.,1.));
#8627=DIRECTION('center_axis',(0.,0.,1.));
#8628=DIRECTION('ref_axis',(-1.,0.,0.));
#8629=DIRECTION('',(0.,-1.,0.));
#8630=DIRECTION('',(1.,0.,0.));
#8631=DIRECTION('',(0.,1.,0.));
#8632=DIRECTION('center_axis',(0.,0.,-1.));
#8633=DIRECTION('ref_axis',(-0.707106781186547,-0.707106781186547,0.));
#8634=DIRECTION('center_axis',(0.,1.,0.));
#8635=DIRECTION('ref_axis',(0.707106781186547,0.,-0.707106781186548));
#8636=DIRECTION('',(0.,1.,0.));
#8637=DIRECTION('center_axis',(0.,-1.,0.));
#8638=DIRECTION('ref_axis',(0.707106781186547,0.,-0.707106781186548));
#8639=DIRECTION('center_axis',(0.,0.,-1.));
#8640=DIRECTION('ref_axis',(-0.707106781186547,-0.707106781186547,0.));
#8641=DIRECTION('center_axis',(0.,0.,1.));
#8642=DIRECTION('ref_axis',(-0.707106781186547,-0.707106781186547,0.));
#8643=DIRECTION('',(0.,0.,1.));
#8644=DIRECTION('center_axis',(0.,0.,-1.));
#8645=DIRECTION('ref_axis',(-0.707106781186547,-0.707106781186547,0.));
#8646=DIRECTION('',(0.,0.,-1.));
#8647=DIRECTION('',(0.,0.,1.));
#8648=DIRECTION('center_axis',(-1.,0.,0.));
#8649=DIRECTION('ref_axis',(0.,0.,-1.));
#8650=DIRECTION('',(0.,-1.,0.));
#8651=DIRECTION('center_axis',(0.,0.,1.));
#8652=DIRECTION('ref_axis',(-1.,0.,0.));
#8653=DIRECTION('',(-1.,0.,0.));
#8654=DIRECTION('center_axis',(0.,0.,1.));
#8655=DIRECTION('ref_axis',(1.,0.,0.));
#8656=DIRECTION('',(1.,0.,0.));
#8657=DIRECTION('',(0.,-1.,0.));
#8658=DIRECTION('',(-1.,0.,0.));
#8659=DIRECTION('',(0.,1.,0.));
#8660=DIRECTION('center_axis',(0.,1.,0.));
#8661=DIRECTION('ref_axis',(-0.707106781186549,0.,0.707106781186546));
#8662=DIRECTION('',(0.,1.,0.));
#8663=DIRECTION('center_axis',(0.,-1.,0.));
#8664=DIRECTION('ref_axis',(-0.707106781186549,0.,0.707106781186546));
#8665=DIRECTION('center_axis',(1.,0.,0.));
#8666=DIRECTION('ref_axis',(0.,0.,-1.));
#8667=DIRECTION('',(0.,-1.,0.));
#8668=DIRECTION('',(0.,0.,1.));
#8669=DIRECTION('center_axis',(0.,-1.,0.));
#8670=DIRECTION('ref_axis',(-0.707106781186549,0.,-0.707106781186546));
#8671=DIRECTION('center_axis',(0.,-1.,0.));
#8672=DIRECTION('ref_axis',(-0.707106781186549,0.,-0.707106781186546));
#8673=DIRECTION('',(0.,-1.,0.));
#8674=DIRECTION('center_axis',(-1.,0.,0.));
#8675=DIRECTION('ref_axis',(0.,0.,1.));
#8676=DIRECTION('',(0.,0.,-1.));
#8677=DIRECTION('center_axis',(0.,-1.,0.));
#8678=DIRECTION('ref_axis',(0.707106781186547,0.,0.707106781186548));
#8679=DIRECTION('center_axis',(0.,-1.,0.));
#8680=DIRECTION('ref_axis',(0.707106781186547,0.,0.707106781186548));
#8681=DIRECTION('center_axis',(0.,-1.,0.));
#8682=DIRECTION('ref_axis',(0.,0.,-1.));
#8683=DIRECTION('center_axis',(0.,1.,0.));
#8684=DIRECTION('ref_axis',(-1.,0.,0.));
#8685=DIRECTION('axis',(0.,0.,1.));
#8686=DIRECTION('refdir',(1.,0.,0.));
#8687=DIRECTION('center_axis',(-1.,0.,0.));
#8688=DIRECTION('ref_axis',(0.,-0.663998158309943,-0.747734207964972));
#8689=DIRECTION('center_axis',(1.,0.,0.));
#8690=DIRECTION('ref_axis',(0.,-0.663998158309943,-0.747734207964972));
#8691=DIRECTION('',(1.,0.,0.));
#8692=DIRECTION('center_axis',(-1.,0.,0.));
#8693=DIRECTION('ref_axis',(0.,-0.663998158309943,-0.747734207964972));
#8694=DIRECTION('',(-1.,0.,0.));
#8695=DIRECTION('center_axis',(1.,0.,0.));
#8696=DIRECTION('ref_axis',(0.,1.,0.));
#8697=DIRECTION('',(0.,0.992988273988171,0.118212891522006));
#8698=DIRECTION('',(0.,1.,0.));
#8699=DIRECTION('',(0.,0.,-1.));
#8700=DIRECTION('center_axis',(0.,0.118212891522006,-0.992988273988171));
#8701=DIRECTION('ref_axis',(0.,-0.992988273988171,-0.118212891522006));
#8702=DIRECTION('',(0.,-0.992988273988171,-0.118212891522006));
#8703=DIRECTION('',(-1.,0.,0.));
#8704=DIRECTION('center_axis',(0.,-0.118212891522006,0.992988273988171));
#8705=DIRECTION('ref_axis',(0.,0.992988273988171,0.118212891522006));
#8706=DIRECTION('center_axis',(0.,-0.118212891522006,0.992988273988171));
#8707=DIRECTION('ref_axis',(0.,0.992988273988171,0.118212891522006));
#8708=DIRECTION('center_axis',(0.,0.,1.));
#8709=DIRECTION('ref_axis',(1.,0.,0.));
#8710=DIRECTION('',(0.,0.,1.));
#8711=DIRECTION('center_axis',(0.,0.,1.));
#8712=DIRECTION('ref_axis',(1.,0.,0.));
#8713=DIRECTION('center_axis',(0.,0.,-1.));
#8714=DIRECTION('ref_axis',(1.,0.,0.));
#8715=DIRECTION('center_axis',(0.,0.,-1.));
#8716=DIRECTION('ref_axis',(-1.,0.,0.));
#8717=DIRECTION('center_axis',(0.,0.,1.));
#8718=DIRECTION('ref_axis',(1.,0.,0.));
#8719=DIRECTION('',(0.,0.,1.));
#8720=DIRECTION('center_axis',(0.,0.,1.));
#8721=DIRECTION('ref_axis',(1.,0.,0.));
#8722=DIRECTION('center_axis',(0.,0.,-1.));
#8723=DIRECTION('ref_axis',(1.,0.,0.));
#8724=DIRECTION('center_axis',(0.,0.,-1.));
#8725=DIRECTION('ref_axis',(-1.,0.,0.));
#8726=DIRECTION('center_axis',(0.,0.,-1.));
#8727=DIRECTION('ref_axis',(-1.,0.,0.));
#8728=DIRECTION('center_axis',(0.,0.,-1.));
#8729=DIRECTION('ref_axis',(-1.,0.,0.));
#8730=DIRECTION('',(0.,0.,-1.));
#8731=DIRECTION('center_axis',(0.,0.,-1.));
#8732=DIRECTION('ref_axis',(-1.,0.,0.));
#8733=DIRECTION('center_axis',(0.,0.,-1.));
#8734=DIRECTION('ref_axis',(-1.,0.,0.));
#8735=DIRECTION('',(0.,0.,-1.));
#8736=DIRECTION('center_axis',(0.,0.,1.));
#8737=DIRECTION('ref_axis',(0.,1.,0.));
#8738=DIRECTION('',(0.,1.,0.));
#8739=DIRECTION('',(-1.,0.,0.));
#8740=DIRECTION('center_axis',(0.,-1.,0.));
#8741=DIRECTION('ref_axis',(0.,0.,1.));
#8742=DIRECTION('',(0.,0.,1.));
#8743=DIRECTION('center_axis',(-1.,0.,0.));
#8744=DIRECTION('ref_axis',(0.,0.,1.));
#8745=DIRECTION('axis',(0.,0.,1.));
#8746=DIRECTION('refdir',(1.,0.,0.));
#8747=DIRECTION('center_axis',(0.,0.,1.));
#8748=DIRECTION('ref_axis',(-0.707106781186547,-0.707106781186548,0.));
#8749=DIRECTION('center_axis',(0.,0.,1.));
#8750=DIRECTION('ref_axis',(-0.707106781186547,-0.707106781186548,0.));
#8751=DIRECTION('',(0.,0.,1.));
#8752=DIRECTION('center_axis',(0.,0.,-1.));
#8753=DIRECTION('ref_axis',(0.,-1.,0.));
#8754=DIRECTION('',(0.,0.,-1.));
#8755=DIRECTION('center_axis',(1.,0.,0.));
#8756=DIRECTION('ref_axis',(0.,-0.707106781186548,0.707106781186547));
#8757=DIRECTION('',(1.,0.,0.));
#8758=DIRECTION('center_axis',(-1.,0.,-7.40148683083438E-16));
#8759=DIRECTION('ref_axis',(0.,-1.,0.));
#8760=DIRECTION('',(-1.,0.,0.));
#8761=DIRECTION('center_axis',(1.,0.,0.));
#8762=DIRECTION('ref_axis',(0.,0.,1.));
#8763=DIRECTION('',(1.,0.,0.));
#8764=DIRECTION('',(1.,0.,0.));
#8765=DIRECTION('',(1.,0.,0.));
#8766=DIRECTION('',(1.,0.,0.));
#8767=DIRECTION('center_axis',(0.408248290463863,-0.816496580927726,-0.408248290463864));
#8768=DIRECTION('ref_axis',(-0.577350269189625,-0.577350269189627,0.577350269189625));
#8769=DIRECTION('center_axis',(0.,-1.,0.));
#8770=DIRECTION('ref_axis',(-0.707106781186547,0.,0.707106781186547));
#8771=DIRECTION('center_axis',(0.,0.,1.));
#8772=DIRECTION('ref_axis',(0.707106781186548,-0.707106781186547,0.));
#8773=DIRECTION('center_axis',(0.,0.,1.));
#8774=DIRECTION('ref_axis',(0.707106781186548,-0.707106781186547,0.));
#8775=DIRECTION('',(0.,0.,1.));
#8776=DIRECTION('center_axis',(0.,0.,-1.));
#8777=DIRECTION('ref_axis',(1.,0.,0.));
#8778=DIRECTION('',(0.,0.,-1.));
#8779=DIRECTION('center_axis',(-0.816496580927726,-0.408248290463863,0.408248290463862));
#8780=DIRECTION('ref_axis',(0.577350269189626,-0.577350269189626,0.577350269189625));
#8781=DIRECTION('center_axis',(0.,-1.,0.));
#8782=DIRECTION('ref_axis',(0.707106781186547,0.,0.707106781186547));
#8783=DIRECTION('center_axis',(0.,-1.,0.));
#8784=DIRECTION('ref_axis',(-0.707106781186544,0.,0.707106781186551));
#8785=DIRECTION('center_axis',(0.,-1.,0.));
#8786=DIRECTION('ref_axis',(-0.707106781186544,0.,0.707106781186551));
#8787=DIRECTION('',(0.,1.,0.));
#8788=DIRECTION('center_axis',(0.,1.,0.));
#8789=DIRECTION('ref_axis',(-0.707106781186544,0.,0.707106781186551));
#8790=DIRECTION('',(0.,-1.,0.));
#8791=DIRECTION('center_axis',(0.,0.,1.));
#8792=DIRECTION('ref_axis',(-1.,0.,0.));
#8793=DIRECTION('',(0.,-1.,0.));
#8794=DIRECTION('center_axis',(0.,0.,1.));
#8795=DIRECTION('ref_axis',(-0.707106781186547,0.707106781186548,0.));
#8796=DIRECTION('',(-1.,0.,0.));
#8797=DIRECTION('',(0.,-1.,0.));
#8798=DIRECTION('',(1.,0.,0.));
#8799=DIRECTION('center_axis',(0.,0.,1.));
#8800=DIRECTION('ref_axis',(-1.,0.,0.));
#8801=DIRECTION('center_axis',(-1.,0.,0.));
#8802=DIRECTION('ref_axis',(0.,-1.,0.));
#8803=DIRECTION('',(0.,-1.,0.));
#8804=DIRECTION('',(0.,0.,1.));
#8805=DIRECTION('center_axis',(0.,-1.,0.));
#8806=DIRECTION('ref_axis',(-0.707106781186547,0.,0.707106781186548));
#8807=DIRECTION('',(0.,1.,0.));
#8808=DIRECTION('center_axis',(0.,1.,0.));
#8809=DIRECTION('ref_axis',(-0.707106781186547,0.,0.707106781186547));
#8810=DIRECTION('center_axis',(0.,-1.,0.));
#8811=DIRECTION('ref_axis',(1.,0.,0.));
#8812=DIRECTION('center_axis',(0.,-1.,0.));
#8813=DIRECTION('ref_axis',(0.707106781186549,0.,0.707106781186546));
#8814=DIRECTION('',(0.,0.,-1.));
#8815=DIRECTION('',(1.,0.,0.));
#8816=DIRECTION('center_axis',(0.,-1.,0.));
#8817=DIRECTION('ref_axis',(1.,0.,0.));
#8818=DIRECTION('center_axis',(0.,-1.,0.));
#8819=DIRECTION('ref_axis',(0.707106781186551,0.,0.707106781186544));
#8820=DIRECTION('',(0.,0.,-1.));
#8821=DIRECTION('',(1.,0.,0.));
#8822=DIRECTION('',(0.,0.,1.));
#8823=DIRECTION('center_axis',(0.,-1.,0.));
#8824=DIRECTION('ref_axis',(-0.707106781186544,0.,0.707106781186551));
#8825=DIRECTION('center_axis',(0.,-1.,0.));
#8826=DIRECTION('ref_axis',(1.,0.,0.));
#8827=DIRECTION('',(0.,0.,1.));
#8828=DIRECTION('center_axis',(0.,0.,1.));
#8829=DIRECTION('ref_axis',(1.,0.,0.));
#8830=DIRECTION('',(0.,-1.,0.));
#8831=DIRECTION('',(1.,0.,0.));
#8832=DIRECTION('center_axis',(0.,0.,-1.));
#8833=DIRECTION('ref_axis',(-1.,0.,0.));
#8834=DIRECTION('center_axis',(0.,0.,-1.));
#8835=DIRECTION('ref_axis',(-1.,0.,0.));
#8836=DIRECTION('center_axis',(0.,1.,0.));
#8837=DIRECTION('ref_axis',(0.707106781186548,0.,0.707106781186548));
#8838=DIRECTION('',(0.,1.,0.));
#8839=DIRECTION('center_axis',(0.,-1.,0.));
#8840=DIRECTION('ref_axis',(1.,0.,0.));
#8841=DIRECTION('center_axis',(1.,0.,0.));
#8842=DIRECTION('ref_axis',(0.,1.,0.));
#8843=DIRECTION('',(0.,1.,0.));
#8844=DIRECTION('',(0.,0.,-1.));
#8845=DIRECTION('center_axis',(0.,0.,1.));
#8846=DIRECTION('ref_axis',(0.707106781186548,0.707106781186548,0.));
#8847=DIRECTION('center_axis',(0.,0.,1.));
#8848=DIRECTION('ref_axis',(0.707106781186548,0.707106781186548,0.));
#8849=DIRECTION('',(0.,0.,1.));
#8850=DIRECTION('center_axis',(0.,0.,-1.));
#8851=DIRECTION('ref_axis',(0.,1.,0.));
#8852=DIRECTION('center_axis',(0.408248290463863,-0.816496580927726,0.408248290463864));
#8853=DIRECTION('ref_axis',(0.577350269189626,0.577350269189626,0.577350269189625));
#8854=DIRECTION('center_axis',(1.,0.,0.));
#8855=DIRECTION('ref_axis',(0.,0.707106781186547,0.707106781186547));
#8856=DIRECTION('center_axis',(-1.,0.,0.));
#8857=DIRECTION('ref_axis',(0.,0.707106781186548,0.707106781186548));
#8858=DIRECTION('',(-1.,0.,0.));
#8859=DIRECTION('',(-1.,0.,0.));
#8860=DIRECTION('',(-1.,0.,0.));
#8861=DIRECTION('',(-1.,0.,0.));
#8862=DIRECTION('',(-1.,0.,0.));
#8863=DIRECTION('center_axis',(1.,0.,0.));
#8864=DIRECTION('ref_axis',(0.,1.,0.));
#8865=DIRECTION('center_axis',(0.,1.,0.));
#8866=DIRECTION('ref_axis',(-1.,0.,0.));
#8867=DIRECTION('',(-1.,0.,0.));
#8868=DIRECTION('',(0.,0.,1.));
#8869=DIRECTION('center_axis',(0.,1.,0.));
#8870=DIRECTION('ref_axis',(0.707106781186549,0.,0.707106781186546));
#8871=DIRECTION('center_axis',(0.,0.,1.));
#8872=DIRECTION('ref_axis',(-0.707106781186547,0.707106781186548,0.));
#8873=DIRECTION('center_axis',(0.,0.,-1.));
#8874=DIRECTION('ref_axis',(-1.,0.,0.));
#8875=DIRECTION('',(0.,0.,-1.));
#8876=DIRECTION('center_axis',(-0.408248290463862,-0.816496580927726,0.408248290463864));
#8877=DIRECTION('ref_axis',(-0.577350269189625,0.577350269189627,0.577350269189625));
#8878=DIRECTION('center_axis',(0.,0.,1.));
#8879=DIRECTION('ref_axis',(-1.,0.,0.));
#8880=DIRECTION('',(0.,-1.,0.));
#8881=DIRECTION('',(0.,1.,0.));
#8882=DIRECTION('center_axis',(0.,-1.,0.));
#8883=DIRECTION('ref_axis',(0.707106781186549,0.,0.707106781186546));
#8884=DIRECTION('',(0.,-1.,0.));
#8885=DIRECTION('center_axis',(0.,1.,0.));
#8886=DIRECTION('ref_axis',(-1.,0.,0.));
#8887=DIRECTION('',(0.,0.,-1.));
#8888=DIRECTION('center_axis',(0.,0.,-1.));
#8889=DIRECTION('ref_axis',(-1.,0.,0.));
#8890=DIRECTION('',(0.,0.,-1.));
#8891=DIRECTION('center_axis',(0.,0.,-1.));
#8892=DIRECTION('ref_axis',(-1.,0.,0.));
#8893=DIRECTION('',(0.,0.,-1.));
#8894=DIRECTION('center_axis',(0.,0.,1.));
#8895=DIRECTION('ref_axis',(-1.,0.,0.));
#8896=DIRECTION('center_axis',(0.,0.,1.));
#8897=DIRECTION('ref_axis',(-1.,0.,0.));
#8898=DIRECTION('',(0.,1.,0.));
#8899=DIRECTION('center_axis',(0.,-1.,0.));
#8900=DIRECTION('ref_axis',(0.707106781186551,0.,0.707106781186544));
#8901=DIRECTION('center_axis',(0.,1.,0.));
#8902=DIRECTION('ref_axis',(0.707106781186551,0.,0.707106781186544));
#8903=DIRECTION('',(0.,-1.,0.));
#8904=DIRECTION('center_axis',(1.,0.,0.));
#8905=DIRECTION('ref_axis',(0.,0.,1.));
#8906=DIRECTION('',(0.,0.,1.));
#8907=DIRECTION('',(0.,1.,0.));
#8908=DIRECTION('center_axis',(1.,0.,0.));
#8909=DIRECTION('ref_axis',(0.,0.,1.));
#8910=DIRECTION('',(0.,1.,0.));
#8911=DIRECTION('center_axis',(0.,-1.,0.));
#8912=DIRECTION('ref_axis',(-0.707106781186544,0.,0.707106781186551));
#8913=DIRECTION('',(0.,1.,0.));
#8914=DIRECTION('center_axis',(0.,1.,0.));
#8915=DIRECTION('ref_axis',(-0.707106781186544,0.,0.707106781186551));
#8916=DIRECTION('center_axis',(-1.,0.,0.));
#8917=DIRECTION('ref_axis',(0.,0.,-1.));
#8918=DIRECTION('center_axis',(-1.,0.,0.));
#8919=DIRECTION('ref_axis',(0.,0.,-1.));
#8920=DIRECTION('',(0.,-1.,0.));
#8921=DIRECTION('',(0.,0.,-1.));
#8922=DIRECTION('center_axis',(0.,0.,1.));
#8923=DIRECTION('ref_axis',(-1.,0.,0.));
#8924=DIRECTION('center_axis',(0.,0.,1.));
#8925=DIRECTION('ref_axis',(-1.,0.,0.));
#8926=DIRECTION('',(-1.,0.,0.));
#8927=DIRECTION('center_axis',(0.,1.,0.));
#8928=DIRECTION('ref_axis',(-1.,0.,0.));
#8929=DIRECTION('axis',(0.,0.,1.));
#8930=DIRECTION('refdir',(1.,0.,0.));
#8931=DIRECTION('center_axis',(0.,1.,0.));
#8932=DIRECTION('ref_axis',(-0.707106781186549,0.,-0.707106781186546));
#8933=DIRECTION('center_axis',(-8.88178419700124E-15,1.,0.));
#8934=DIRECTION('ref_axis',(0.,0.,-1.));
#8935=DIRECTION('',(0.,1.,0.));
#8936=DIRECTION('center_axis',(0.,-1.,-1.77635683940025E-14));
#8937=DIRECTION('ref_axis',(-1.,0.,0.));
#8938=DIRECTION('',(0.,-1.,0.));
#8939=DIRECTION('center_axis',(-0.816496580927732,-0.408248290463861,0.408248290463854));
#8940=DIRECTION('ref_axis',(-0.577350269189619,0.577350269189637,-0.577350269189622));
#8941=DIRECTION('center_axis',(0.,0.,-1.));
#8942=DIRECTION('ref_axis',(-0.707106781186548,0.707106781186548,0.));
#8943=DIRECTION('center_axis',(-1.,0.,0.));
#8944=DIRECTION('ref_axis',(0.,0.707106781186543,-0.707106781186552));
#8945=DIRECTION('center_axis',(-0.408248290463863,0.408248290463863,-0.816496580927726));
#8946=DIRECTION('ref_axis',(0.577350269189627,-0.577350269189627,-0.577350269189623));
#8947=DIRECTION('center_axis',(1.,0.,0.));
#8948=DIRECTION('ref_axis',(0.,-1.,0.));
#8949=DIRECTION('center_axis',(0.,-1.,0.));
#8950=DIRECTION('ref_axis',(0.70710678118655,0.,-0.707106781186545));
#8951=DIRECTION('center_axis',(0.,0.,-1.));
#8952=DIRECTION('ref_axis',(0.70710678118655,-0.707106781186545,0.));
#8953=DIRECTION('center_axis',(-1.,0.,0.));
#8954=DIRECTION('ref_axis',(0.,-0.707106781186546,-0.707106781186549));
#8955=DIRECTION('center_axis',(1.,0.,0.));
#8956=DIRECTION('ref_axis',(0.,-1.,0.));
#8957=DIRECTION('',(1.,0.,0.));
#8958=DIRECTION('',(-1.,0.,0.));
#8959=DIRECTION('center_axis',(0.408248290463862,-0.816496580927725,0.408248290463866));
#8960=DIRECTION('ref_axis',(-0.577350269189623,-0.577350269189623,-0.577350269189631));
#8961=DIRECTION('center_axis',(0.,0.,-1.));
#8962=DIRECTION('ref_axis',(-0.707106781186545,-0.70710678118655,0.));
#8963=DIRECTION('center_axis',(-1.,0.,0.));
#8964=DIRECTION('ref_axis',(0.,-1.,0.));
#8965=DIRECTION('',(0.,0.,-1.));
#8966=DIRECTION('',(0.,-1.,0.));
#8967=DIRECTION('',(0.,0.,1.));
#8968=DIRECTION('center_axis',(-1.,0.,0.));
#8969=DIRECTION('ref_axis',(0.,-0.707106781186548,-0.707106781186547));
#8970=DIRECTION('',(0.,-1.,0.));
#8971=DIRECTION('',(0.,0.,1.));
#8972=DIRECTION('center_axis',(0.,0.,1.));
#8973=DIRECTION('ref_axis',(-0.707106781186544,-0.707106781186551,0.));
#8974=DIRECTION('',(0.,0.,1.));
#8975=DIRECTION('center_axis',(0.,0.,-1.));
#8976=DIRECTION('ref_axis',(0.,-1.,0.));
#8977=DIRECTION('center_axis',(0.,-1.,0.));
#8978=DIRECTION('ref_axis',(1.,0.,0.));
#8979=DIRECTION('',(0.,0.,-1.));
#8980=DIRECTION('center_axis',(0.,-1.,0.));
#8981=DIRECTION('ref_axis',(-0.707106770649835,0.,0.70710679172326));
#8982=DIRECTION('center_axis',(0.,-1.,0.));
#8983=DIRECTION('ref_axis',(0.707106781186547,0.,0.707106781186548));
#8984=DIRECTION('',(0.,0.,1.));
#8985=DIRECTION('',(-1.,0.,0.));
#8986=DIRECTION('',(0.,0.,-1.));
#8987=DIRECTION('center_axis',(0.,1.,0.));
#8988=DIRECTION('ref_axis',(0.707106781186547,0.,0.707106781186548));
#8989=DIRECTION('',(1.,0.,0.));
#8990=DIRECTION('center_axis',(0.,1.,0.));
#8991=DIRECTION('ref_axis',(-0.707106781186547,0.,0.707106781186547));
#8992=DIRECTION('center_axis',(0.,0.,1.));
#8993=DIRECTION('ref_axis',(0.707106781186551,-0.707106781186544,0.));
#8994=DIRECTION('',(0.,0.,1.));
#8995=DIRECTION('center_axis',(0.,0.,-1.));
#8996=DIRECTION('ref_axis',(1.,0.,0.));
#8997=DIRECTION('center_axis',(0.,-1.,0.));
#8998=DIRECTION('ref_axis',(0.707106781186549,0.,-0.707106781186546));
#8999=DIRECTION('',(0.,1.,0.));
#9000=DIRECTION('center_axis',(0.,1.,0.));
#9001=DIRECTION('ref_axis',(1.,0.,0.));
#9002=DIRECTION('',(0.,-1.,0.));
#9003=DIRECTION('center_axis',(0.,1.,0.));
#9004=DIRECTION('ref_axis',(-0.707106781186547,0.,-0.707106781186548));
#9005=DIRECTION('center_axis',(0.,1.,0.));
#9006=DIRECTION('ref_axis',(1.11022302462516E-15,0.,-1.));
#9007=DIRECTION('',(0.,1.,0.));
#9008=DIRECTION('center_axis',(0.,-1.,0.));
#9009=DIRECTION('ref_axis',(-1.,0.,0.));
#9010=DIRECTION('',(0.,-1.,0.));
#9011=DIRECTION('center_axis',(0.,0.,-1.));
#9012=DIRECTION('ref_axis',(-1.,0.,0.));
#9013=DIRECTION('center_axis',(1.,0.,0.));
#9014=DIRECTION('ref_axis',(0.,-1.,0.));
#9015=DIRECTION('center_axis',(0.,0.,-1.));
#9016=DIRECTION('ref_axis',(0.707106781186548,0.707106781186547,0.));
#9017=DIRECTION('center_axis',(0.,0.,1.));
#9018=DIRECTION('ref_axis',(0.707106781186548,0.707106781186547,0.));
#9019=DIRECTION('center_axis',(0.,0.,-1.));
#9020=DIRECTION('ref_axis',(-1.,0.,0.));
#9021=DIRECTION('center_axis',(0.,0.,-1.));
#9022=DIRECTION('ref_axis',(-0.707106770649836,0.707106791723259,0.));
#9023=DIRECTION('center_axis',(0.,0.,1.));
#9024=DIRECTION('ref_axis',(-0.707106770649836,0.707106791723259,0.));
#9025=DIRECTION('center_axis',(0.,-1.,0.));
#9026=DIRECTION('ref_axis',(0.,0.,-1.));
#9027=DIRECTION('center_axis',(-1.,0.,2.98023228317844E-8));
#9028=DIRECTION('ref_axis',(-2.98023228317844E-8,0.,-1.));
#9029=DIRECTION('center_axis',(0.,1.,0.));
#9030=DIRECTION('ref_axis',(-0.707106770649835,0.,0.70710679172326));
#9031=DIRECTION('center_axis',(0.,-1.,0.));
#9032=DIRECTION('ref_axis',(0.,0.,-1.));
#9033=DIRECTION('center_axis',(0.,0.,1.));
#9034=DIRECTION('ref_axis',(-1.,0.,0.));
#9035=DIRECTION('center_axis',(0.,1.,0.));
#9036=DIRECTION('ref_axis',(0.707106781186547,0.,0.707106781186548));
#9037=DIRECTION('center_axis',(0.,0.,-1.));
#9038=DIRECTION('ref_axis',(-0.707106781186548,-0.707106781186547,0.));
#9039=DIRECTION('center_axis',(0.,0.,1.));
#9040=DIRECTION('ref_axis',(-1.,0.,0.));
#9041=DIRECTION('',(0.,0.,-1.));
#9042=DIRECTION('center_axis',(0.408248290463865,0.408248290463863,-0.816496580927725));
#9043=DIRECTION('ref_axis',(-0.577350269189627,-0.577350269189627,-0.577350269189623));
#9044=DIRECTION('center_axis',(-1.,0.,0.));
#9045=DIRECTION('ref_axis',(0.,-0.707106781186546,-0.707106781186549));
#9046=DIRECTION('center_axis',(-1.,0.,0.));
#9047=DIRECTION('ref_axis',(0.,-0.707106781186546,-0.707106781186549));
#9048=DIRECTION('',(1.,0.,0.));
#9049=DIRECTION('center_axis',(-1.,0.,-1.11022302462516E-15));
#9050=DIRECTION('ref_axis',(1.11022302462516E-15,0.,-1.));
#9051=DIRECTION('center_axis',(-1.,0.,0.));
#9052=DIRECTION('ref_axis',(0.,0.,-1.));
#9053=DIRECTION('',(0.,0.,-1.));
#9054=DIRECTION('',(0.,1.,0.));
#9055=DIRECTION('center_axis',(1.,0.,0.));
#9056=DIRECTION('ref_axis',(0.,-0.707106781186548,-0.707106781186547));
#9057=DIRECTION('',(0.,0.,-1.));
#9058=DIRECTION('',(0.,1.,0.));
#9059=DIRECTION('center_axis',(0.,0.,-1.));
#9060=DIRECTION('ref_axis',(-0.707106781186547,0.707106781186547,0.));
#9061=DIRECTION('',(0.,0.,-1.));
#9062=DIRECTION('center_axis',(0.,0.,-1.));
#9063=DIRECTION('ref_axis',(-0.707106770649836,0.707106791723259,0.));
#9064=DIRECTION('center_axis',(0.,0.,-1.));
#9065=DIRECTION('ref_axis',(0.707106781186547,0.707106781186547,0.));
#9066=DIRECTION('',(0.,0.,1.));
#9067=DIRECTION('center_axis',(0.,0.,-1.));
#9068=DIRECTION('ref_axis',(0.707106781186548,0.707106781186547,0.));
#9069=DIRECTION('center_axis',(0.,1.,0.));
#9070=DIRECTION('ref_axis',(0.,0.,1.));
#9071=DIRECTION('center_axis',(-1.,0.,0.));
#9072=DIRECTION('ref_axis',(0.,-1.,0.));
#9073=DIRECTION('center_axis',(0.,-1.,0.));
#9074=DIRECTION('ref_axis',(-0.707106781186547,0.,0.707106781186547));
#9075=DIRECTION('center_axis',(1.,0.,0.));
#9076=DIRECTION('ref_axis',(0.,-0.707106781186551,0.707106781186544));
#9077=DIRECTION('center_axis',(-1.,0.,0.));
#9078=DIRECTION('ref_axis',(0.,-1.,0.));
#9079=DIRECTION('',(-1.,0.,0.));
#9080=DIRECTION('center_axis',(0.,1.,0.));
#9081=DIRECTION('ref_axis',(0.,0.,1.));
#9082=DIRECTION('center_axis',(0.,0.,1.));
#9083=DIRECTION('ref_axis',(0.,-1.,0.));
#9084=DIRECTION('center_axis',(0.,-1.,0.));
#9085=DIRECTION('ref_axis',(0.707106781186547,0.,0.707106781186548));
#9086=DIRECTION('center_axis',(0.,0.,1.));
#9087=DIRECTION('ref_axis',(0.707106781186548,-0.707106781186547,0.));
#9088=DIRECTION('center_axis',(0.,0.,1.));
#9089=DIRECTION('ref_axis',(0.,-1.,0.));
#9090=DIRECTION('',(0.,0.,1.));
#9091=DIRECTION('center_axis',(-0.408248290463862,-0.816496580927729,0.408248290463859));
#9092=DIRECTION('ref_axis',(0.577350269189625,-0.577350269189625,-0.577350269189628));
#9093=DIRECTION('center_axis',(0.,-1.,0.));
#9094=DIRECTION('ref_axis',(0.707106781186547,0.,-0.707106781186548));
#9095=DIRECTION('center_axis',(0.,-1.,0.));
#9096=DIRECTION('ref_axis',(-0.707106781186547,0.,0.707106781186547));
#9097=DIRECTION('',(0.,1.,0.));
#9098=DIRECTION('center_axis',(0.,1.,0.));
#9099=DIRECTION('ref_axis',(-0.707106781186547,0.,0.707106781186547));
#9100=DIRECTION('center_axis',(0.,0.,1.));
#9101=DIRECTION('ref_axis',(1.,0.,0.));
#9102=DIRECTION('',(0.,-1.,0.));
#9103=DIRECTION('',(1.,0.,0.));
#9104=DIRECTION('center_axis',(0.,1.,0.));
#9105=DIRECTION('ref_axis',(0.707106781186547,0.,0.707106781186547));
#9106=DIRECTION('',(0.,1.,0.));
#9107=DIRECTION('center_axis',(0.,1.,0.));
#9108=DIRECTION('ref_axis',(0.707106781186547,0.,0.707106781186548));
#9109=DIRECTION('center_axis',(1.,0.,0.));
#9110=DIRECTION('ref_axis',(0.,1.,0.));
#9111=DIRECTION('',(0.,-1.,0.));
#9112=DIRECTION('',(0.,0.,-1.));
#9113=DIRECTION('',(0.,1.,0.));
#9114=DIRECTION('center_axis',(1.,0.,0.));
#9115=DIRECTION('ref_axis',(0.,-0.707106781186548,-0.707106781186547));
#9116=DIRECTION('',(0.,0.,-1.));
#9117=DIRECTION('center_axis',(0.,-1.,0.));
#9118=DIRECTION('ref_axis',(0.707106781186547,0.,-0.707106781186548));
#9119=DIRECTION('',(0.,1.,0.));
#9120=DIRECTION('center_axis',(0.,1.,0.));
#9121=DIRECTION('ref_axis',(0.707106781186547,0.,-0.707106781186548));
#9122=DIRECTION('center_axis',(0.,0.,1.));
#9123=DIRECTION('ref_axis',(-1.,0.,0.));
#9124=DIRECTION('',(-1.,0.,0.));
#9125=DIRECTION('center_axis',(0.,0.,-1.));
#9126=DIRECTION('ref_axis',(-1.,0.,0.));
#9127=DIRECTION('center_axis',(0.,0.,1.));
#9128=DIRECTION('ref_axis',(0.707106781186555,0.70710678118654,0.));
#9129=DIRECTION('center_axis',(0.,0.,1.));
#9130=DIRECTION('ref_axis',(1.,0.,0.));
#9131=DIRECTION('',(0.,0.,1.));
#9132=DIRECTION('center_axis',(0.,0.,-1.));
#9133=DIRECTION('ref_axis',(0.,1.,0.));
#9134=DIRECTION('center_axis',(-1.,0.,0.));
#9135=DIRECTION('ref_axis',(0.,0.70710678118654,0.707106781186555));
#9136=DIRECTION('center_axis',(-1.,0.,0.));
#9137=DIRECTION('ref_axis',(0.,0.,1.));
#9138=DIRECTION('',(-1.,0.,0.));
#9139=DIRECTION('center_axis',(1.,0.,0.));
#9140=DIRECTION('ref_axis',(0.,1.,0.));
#9141=DIRECTION('',(1.,0.,0.));
#9142=DIRECTION('center_axis',(1.,0.,0.));
#9143=DIRECTION('ref_axis',(0.,0.70710678118654,-0.707106781186555));
#9144=DIRECTION('',(1.,0.,0.));
#9145=DIRECTION('center_axis',(-1.,0.,0.));
#9146=DIRECTION('ref_axis',(0.,1.,0.));
#9147=DIRECTION('center_axis',(0.,0.,1.));
#9148=DIRECTION('ref_axis',(-0.707106781186544,0.707106781186551,0.));
#9149=DIRECTION('center_axis',(0.,0.,-1.));
#9150=DIRECTION('ref_axis',(-1.,0.,0.));
#9151=DIRECTION('',(0.,0.,-1.));
#9152=DIRECTION('center_axis',(-0.816496580927732,-0.408248290463861,-0.408248290463854));
#9153=DIRECTION('ref_axis',(-0.577350269189619,0.577350269189637,0.577350269189622));
#9154=DIRECTION('center_axis',(0.,1.,0.));
#9155=DIRECTION('ref_axis',(-0.70710678118655,0.,0.707106781186545));
#9156=DIRECTION('center_axis',(0.408248290463861,-0.81649658092773,0.408248290463858));
#9157=DIRECTION('ref_axis',(0.577350269189626,0.577350269189622,0.577350269189629));
#9158=DIRECTION('center_axis',(0.,1.,0.));
#9159=DIRECTION('ref_axis',(0.707106781186548,0.,0.707106781186548));
#9160=DIRECTION('center_axis',(0.408248290463861,-0.81649658092773,-0.408248290463858));
#9161=DIRECTION('ref_axis',(0.577350269189626,0.577350269189622,-0.577350269189629));
#9162=DIRECTION('center_axis',(0.,0.,1.));
#9163=DIRECTION('ref_axis',(1.,0.,0.));
#9164=DIRECTION('',(0.,1.,0.));
#9165=DIRECTION('',(-1.,0.,0.));
#9166=DIRECTION('',(0.,-1.,0.));
#9167=DIRECTION('center_axis',(0.,0.,1.));
#9168=DIRECTION('ref_axis',(-0.707106770649836,0.707106791723259,0.));
#9169=DIRECTION('center_axis',(0.,0.,1.));
#9170=DIRECTION('ref_axis',(0.707106781186548,0.707106781186547,0.));
#9171=DIRECTION('',(0.,1.,0.));
#9172=DIRECTION('',(-1.,0.,0.));
#9173=DIRECTION('',(0.,-1.,0.));
#9174=DIRECTION('center_axis',(0.,0.,-1.));
#9175=DIRECTION('ref_axis',(-1.,0.,0.));
#9176=DIRECTION('center_axis',(0.,-1.,0.));
#9177=DIRECTION('ref_axis',(-0.70710678118655,0.,0.707106781186545));
#9178=DIRECTION('center_axis',(0.,1.,0.));
#9179=DIRECTION('ref_axis',(-1.,0.,0.));
#9180=DIRECTION('center_axis',(0.,1.,0.));
#9181=DIRECTION('ref_axis',(-1.,0.,0.));
#9182=DIRECTION('center_axis',(0.,0.,-1.));
#9183=DIRECTION('ref_axis',(-1.,0.,0.));
#9184=DIRECTION('',(0.,0.,-1.));
#9185=DIRECTION('center_axis',(-1.,0.,0.));
#9186=DIRECTION('ref_axis',(0.,0.,1.));
#9187=DIRECTION('center_axis',(0.,0.,-1.));
#9188=DIRECTION('ref_axis',(-1.,0.,0.));
#9189=DIRECTION('center_axis',(1.,0.,0.));
#9190=DIRECTION('ref_axis',(0.,-0.707106781186548,-0.707106781186547));
#9191=DIRECTION('center_axis',(0.,0.,1.));
#9192=DIRECTION('ref_axis',(-0.707106781186551,0.707106781186544,0.));
#9193=DIRECTION('center_axis',(0.,0.,-1.));
#9194=DIRECTION('ref_axis',(-1.,4.44089209850062E-15,0.));
#9195=DIRECTION('',(0.,0.,-1.));
#9196=DIRECTION('center_axis',(0.,-1.,0.));
#9197=DIRECTION('ref_axis',(0.,0.,-1.));
#9198=DIRECTION('center_axis',(-1.,0.,0.));
#9199=DIRECTION('ref_axis',(0.,0.,1.));
#9200=DIRECTION('center_axis',(0.,-1.,0.));
#9201=DIRECTION('ref_axis',(-0.707106781186547,0.,0.707106781186547));
#9202=DIRECTION('center_axis',(-1.,0.,0.));
#9203=DIRECTION('ref_axis',(0.,0.707106781186551,0.707106781186544));
#9204=DIRECTION('center_axis',(-1.,0.,0.));
#9205=DIRECTION('ref_axis',(0.,0.,1.));
#9206=DIRECTION('',(-1.,0.,0.));
#9207=DIRECTION('center_axis',(0.,-1.,0.));
#9208=DIRECTION('ref_axis',(0.,0.,-1.));
#9209=DIRECTION('center_axis',(0.,0.,1.));
#9210=DIRECTION('ref_axis',(1.,0.,0.));
#9211=DIRECTION('center_axis',(0.,-1.,0.));
#9212=DIRECTION('ref_axis',(0.707106781186547,0.,0.707106781186548));
#9213=DIRECTION('center_axis',(0.,0.,1.));
#9214=DIRECTION('ref_axis',(0.707106781186546,0.707106781186549,0.));
#9215=DIRECTION('center_axis',(0.,0.,1.));
#9216=DIRECTION('ref_axis',(1.,0.,0.));
#9217=DIRECTION('',(0.,0.,1.));
#9218=DIRECTION('center_axis',(1.,0.,0.));
#9219=DIRECTION('ref_axis',(0.,0.,-1.));
#9220=DIRECTION('center_axis',(0.,-1.,0.));
#9221=DIRECTION('ref_axis',(1.,0.,0.));
#9222=DIRECTION('center_axis',(-1.,0.,0.));
#9223=DIRECTION('ref_axis',(0.,-0.707106781186548,-0.707106781186547));
#9224=DIRECTION('center_axis',(0.,1.,0.));
#9225=DIRECTION('ref_axis',(0.707106781186548,0.,0.707106781186548));
#9226=DIRECTION('center_axis',(0.,0.,1.));
#9227=DIRECTION('ref_axis',(-0.707106781186548,0.707106781186547,0.));
#9228=DIRECTION('center_axis',(0.,0.,1.));
#9229=DIRECTION('ref_axis',(0.,1.,0.));
#9230=DIRECTION('',(0.,0.,1.));
#9231=DIRECTION('center_axis',(0.,0.,-1.));
#9232=DIRECTION('ref_axis',(-1.,0.,0.));
#9233=DIRECTION('',(0.,0.,-1.));
#9234=DIRECTION('center_axis',(0.,1.,0.));
#9235=DIRECTION('ref_axis',(0.,0.,1.));
#9236=DIRECTION('center_axis',(1.,0.,0.));
#9237=DIRECTION('ref_axis',(0.,0.,-1.));
#9238=DIRECTION('center_axis',(0.,1.,0.));
#9239=DIRECTION('ref_axis',(0.707106781186547,0.,0.707106781186548));
#9240=DIRECTION('center_axis',(0.,-1.,0.));
#9241=DIRECTION('ref_axis',(0.707106781186547,0.,0.707106781186548));
#9242=DIRECTION('center_axis',(0.,1.,0.));
#9243=DIRECTION('ref_axis',(0.,0.,1.));
#9244=DIRECTION('center_axis',(0.,0.,1.));
#9245=DIRECTION('ref_axis',(1.,0.,0.));
#9246=DIRECTION('center_axis',(0.,1.,0.));
#9247=DIRECTION('ref_axis',(-0.707106770649835,0.,0.70710679172326));
#9248=DIRECTION('center_axis',(0.,-1.,0.));
#9249=DIRECTION('ref_axis',(-0.707106770649835,0.,0.70710679172326));
#9250=DIRECTION('center_axis',(0.,0.,-1.));
#9251=DIRECTION('ref_axis',(0.707106781186551,0.707106781186544,0.));
#9252=DIRECTION('center_axis',(0.,2.22044604925032E-15,1.));
#9253=DIRECTION('ref_axis',(1.,0.,0.));
#9254=DIRECTION('',(0.,0.,1.));
#9255=DIRECTION('center_axis',(1.,0.,0.));
#9256=DIRECTION('ref_axis',(0.,0.,-1.));
#9257=DIRECTION('center_axis',(0.,-1.,0.));
#9258=DIRECTION('ref_axis',(1.,0.,0.));
#9259=DIRECTION('center_axis',(-1.,0.,0.));
#9260=DIRECTION('ref_axis',(0.,-0.707106781186548,-0.707106781186547));
#9261=DIRECTION('center_axis',(0.,1.,0.));
#9262=DIRECTION('ref_axis',(0.70710678118655,0.,0.707106781186545));
#9263=DIRECTION('center_axis',(0.,-1.,0.));
#9264=DIRECTION('ref_axis',(1.,0.,0.));
#9265=DIRECTION('center_axis',(0.,0.,1.));
#9266=DIRECTION('ref_axis',(1.,0.,0.));
#9267=DIRECTION('center_axis',(-1.,2.98023228317846E-8,0.));
#9268=DIRECTION('ref_axis',(-2.98023228317846E-8,-1.,0.));
#9269=DIRECTION('center_axis',(0.,0.,1.));
#9270=DIRECTION('ref_axis',(1.,0.,0.));
#9271=DIRECTION('center_axis',(0.,1.,0.));
#9272=DIRECTION('ref_axis',(-1.,0.,0.));
#9273=DIRECTION('center_axis',(0.,-1.,0.));
#9274=DIRECTION('ref_axis',(-0.707106781186547,0.,0.707106781186548));
#9275=DIRECTION('center_axis',(0.,1.,0.));
#9276=DIRECTION('ref_axis',(-1.,0.,0.));
#9277=DIRECTION('',(0.,-1.,0.));
#9278=DIRECTION('center_axis',(-1.,0.,0.));
#9279=DIRECTION('ref_axis',(0.,0.,1.));
#9280=DIRECTION('center_axis',(1.,0.,0.));
#9281=DIRECTION('ref_axis',(0.,-0.707106781186548,-0.707106781186547));
#9282=DIRECTION('center_axis',(-1.,0.,0.));
#9283=DIRECTION('ref_axis',(0.,-0.707106781186548,-0.707106781186547));
#9284=DIRECTION('center_axis',(1.,0.,0.));
#9285=DIRECTION('ref_axis',(0.,-0.707106781186547,-0.707106781186547));
#9286=DIRECTION('',(1.,0.,0.));
#9287=DIRECTION('center_axis',(0.,-1.,0.));
#9288=DIRECTION('ref_axis',(-0.707106781186547,0.,0.707106781186547));
#9289=DIRECTION('',(0.,1.,0.));
#9290=DIRECTION('center_axis',(0.,1.,0.));
#9291=DIRECTION('ref_axis',(0.707106781186547,0.,0.707106781186547));
#9292=DIRECTION('',(0.,-1.,0.));
#9293=DIRECTION('center_axis',(1.,0.,0.));
#9294=DIRECTION('ref_axis',(0.,-0.707106781186547,-0.707106781186547));
#9295=DIRECTION('',(1.,0.,0.));
#9296=DIRECTION('center_axis',(0.,1.,0.));
#9297=DIRECTION('ref_axis',(-1.,0.,0.));
#9298=DIRECTION('center_axis',(1.,0.,0.));
#9299=DIRECTION('ref_axis',(0.,0.,1.));
#9300=DIRECTION('axis',(0.,0.,1.));
#9301=DIRECTION('refdir',(1.,0.,0.));
#9302=DIRECTION('center_axis',(0.,0.433326018503953,0.901237239403428));
#9303=DIRECTION('ref_axis',(-0.70710678118654,-0.637270963440014,0.306407766148716));
#9304=DIRECTION('center_axis',(0.,6.86253475444182E-16,1.));
#9305=DIRECTION('ref_axis',(1.06311022970001E-15,-1.,7.29622674552908E-16));
#9306=DIRECTION('',(0.,0.433326018503953,0.901237239403428));
#9307=DIRECTION('center_axis',(0.,-0.433326018503956,-0.901237239403427));
#9308=DIRECTION('ref_axis',(0.,-0.901237239403427,0.433326018503956));
#9309=DIRECTION('',(0.,-0.433326018503953,-0.901237239403428));
#9310=DIRECTION('center_axis',(1.,0.,0.));
#9311=DIRECTION('ref_axis',(0.,-0.604051066410539,0.796945612428032));
#9312=DIRECTION('center_axis',(1.,0.,0.));
#9313=DIRECTION('ref_axis',(0.,-0.17364817766694,0.984807753012206));
#9314=DIRECTION('',(1.,0.,0.));
#9315=DIRECTION('center_axis',(-1.,0.,0.));
#9316=DIRECTION('ref_axis',(0.,-0.901237239403427,0.433326018503956));
#9317=DIRECTION('',(-1.,0.,0.));
#9318=DIRECTION('center_axis',(0.,0.,1.));
#9319=DIRECTION('ref_axis',(1.,0.,0.));
#9320=DIRECTION('center_axis',(0.,-0.984807753012207,-0.173648177666939));
#9321=DIRECTION('ref_axis',(-0.707106781186545,-0.122787803968975,0.696364240320021));
#9322=DIRECTION('center_axis',(0.,-0.433326018503953,-0.901237239403428));
#9323=DIRECTION('ref_axis',(0.70710678118654,-0.637270963440014,0.306407766148716));
#9324=DIRECTION('center_axis',(0.,6.86253475444182E-16,1.));
#9325=DIRECTION('ref_axis',(-1.06311022970001E-15,-1.,7.29622674552908E-16));
#9326=DIRECTION('',(0.,0.433326018503953,0.901237239403428));
#9327=DIRECTION('center_axis',(0.,-0.433326018503957,-0.901237239403426));
#9328=DIRECTION('ref_axis',(1.,0.,0.));
#9329=DIRECTION('',(0.,-0.433326018503953,-0.901237239403428));
#9330=DIRECTION('center_axis',(0.,0.,1.));
#9331=DIRECTION('ref_axis',(1.,0.,0.));
#9332=DIRECTION('center_axis',(0.,-0.984807753012207,-0.173648177666939));
#9333=DIRECTION('ref_axis',(0.707106781186546,-0.122787803968976,0.69636424032002));
#9334=DIRECTION('center_axis',(1.,0.,0.));
#9335=DIRECTION('ref_axis',(0.,0.,-1.));
#9336=DIRECTION('',(0.,-0.984807753012207,-0.173648177666939));
#9337=DIRECTION('',(0.,0.118403968306502,0.992965508106537));
#9338=DIRECTION('',(0.,-0.173648177666941,0.984807753012206));
#9339=DIRECTION('',(0.,0.984807753012206,0.173648177666941));
#9340=DIRECTION('center_axis',(1.,0.,0.));
#9341=DIRECTION('ref_axis',(0.,0.639800832036098,-0.76854075710135));
#9342=DIRECTION('',(0.,0.433326018503953,0.901237239403428));
#9343=DIRECTION('',(0.,0.901237239403428,-0.433326018503953));
#9344=DIRECTION('',(0.,1.,-6.86253475444182E-16));
#9345=DIRECTION('center_axis',(0.,0.984807753012207,0.173648177666939));
#9346=DIRECTION('ref_axis',(-0.707106781186543,-0.122787803969005,0.696364240320018));
#9347=DIRECTION('',(0.,0.984807753012207,0.173648177666939));
#9348=DIRECTION('center_axis',(0.,-0.992965508106537,0.118403968306502));
#9349=DIRECTION('ref_axis',(-1.32854768510335E-15,0.118403968306502,0.992965508106537));
#9350=DIRECTION('center_axis',(0.,0.173648177666939,-0.984807753012207));
#9351=DIRECTION('ref_axis',(-1.,0.,0.));
#9352=DIRECTION('',(0.,-0.984807753012207,-0.173648177666939));
#9353=DIRECTION('',(1.,0.,0.));
#9354=DIRECTION('center_axis',(0.,-0.984807753012207,-0.173648177666939));
#9355=DIRECTION('ref_axis',(0.707106781186545,-0.122787803969005,0.696364240320016));
#9356=DIRECTION('',(0.,0.984807753012207,0.173648177666939));
#9357=DIRECTION('center_axis',(0.,-0.992965508106537,0.118403968306502));
#9358=DIRECTION('ref_axis',(-1.99282152765503E-16,0.118403968306502,0.992965508106537));
#9359=DIRECTION('center_axis',(-1.,0.,0.));
#9360=DIRECTION('ref_axis',(0.,0.,1.));
#9361=DIRECTION('',(0.,-1.,6.86253475444182E-16));
#9362=DIRECTION('',(0.,-0.901237239403428,0.433326018503953));
#9363=DIRECTION('',(0.,-0.433326018503953,-0.901237239403428));
#9364=DIRECTION('center_axis',(-1.,0.,0.));
#9365=DIRECTION('ref_axis',(0.,0.639800832036098,-0.76854075710135));
#9366=DIRECTION('',(0.,-0.984807753012206,-0.173648177666941));
#9367=DIRECTION('',(0.,0.173648177666941,-0.984807753012206));
#9368=DIRECTION('',(0.,-0.118403968306502,-0.992965508106537));
#9369=DIRECTION('center_axis',(0.,0.433326018503953,0.901237239403428));
#9370=DIRECTION('ref_axis',(0.707106781186541,0.637270963440015,-0.306407766148715));
#9371=DIRECTION('center_axis',(0.,-0.433326018503953,-0.901237239403428));
#9372=DIRECTION('ref_axis',(0.707106781186541,0.637270963440015,-0.306407766148715));
#9373=DIRECTION('',(0.,0.433326018503953,0.901237239403428));
#9374=DIRECTION('center_axis',(0.,-0.901237239403428,0.433326018503953));
#9375=DIRECTION('ref_axis',(0.,-0.433326018503953,-0.901237239403428));
#9376=DIRECTION('',(1.,0.,0.));
#9377=DIRECTION('',(0.,-0.433326018503953,-0.901237239403428));
#9378=DIRECTION('',(-1.,0.,0.));
#9379=DIRECTION('center_axis',(0.,0.984807753012206,0.173648177666941));
#9380=DIRECTION('ref_axis',(0.707106781186549,0.122787803968956,-0.69636424032002));
#9381=DIRECTION('',(0.,0.984807753012206,0.173648177666941));
#9382=DIRECTION('center_axis',(0.,0.984807753012206,0.173648177666941));
#9383=DIRECTION('ref_axis',(0.707106781186549,0.122787803968956,-0.69636424032002));
#9384=DIRECTION('center_axis',(0.,-0.173648177666941,0.984807753012206));
#9385=DIRECTION('ref_axis',(1.,0.,0.));
#9386=DIRECTION('',(1.,0.,0.));
#9387=DIRECTION('',(0.,-0.984807753012206,-0.173648177666941));
#9388=DIRECTION('',(-1.,0.,0.));
#9389=DIRECTION('center_axis',(0.,-0.433326018503953,-0.901237239403428));
#9390=DIRECTION('ref_axis',(-0.707106781186541,0.637270963440015,-0.306407766148715));
#9391=DIRECTION('center_axis',(0.,-0.433326018503953,-0.901237239403428));
#9392=DIRECTION('ref_axis',(-0.707106781186541,0.637270963440015,-0.306407766148715));
#9393=DIRECTION('center_axis',(0.,-0.984807753012206,-0.173648177666941));
#9394=DIRECTION('ref_axis',(-0.707106781186549,0.122787803968956,-0.69636424032002));
#9395=DIRECTION('center_axis',(0.,0.984807753012206,0.173648177666941));
#9396=DIRECTION('ref_axis',(-0.707106781186549,0.122787803968956,-0.69636424032002));
#9397=DIRECTION('center_axis',(-1.,0.,0.));
#9398=DIRECTION('ref_axis',(0.,0.639800832036098,-0.76854075710135));
#9399=DIRECTION('center_axis',(0.,0.901237239403428,-0.433326018503953));
#9400=DIRECTION('ref_axis',(0.,0.433326018503953,0.901237239403428));
#9401=DIRECTION('',(-1.,0.,0.));
#9402=DIRECTION('center_axis',(0.,-0.433326018503953,-0.901237239403428));
#9403=DIRECTION('ref_axis',(1.,0.,0.));
#9404=DIRECTION('',(-1.,0.,0.));
#9405=DIRECTION('center_axis',(0.,0.984807753012206,0.173648177666941));
#9406=DIRECTION('ref_axis',(-1.,0.,0.));
#9407=DIRECTION('',(-1.,0.,0.));
#9408=DIRECTION('center_axis',(0.,-6.86253475444182E-16,-1.));
#9409=DIRECTION('ref_axis',(0.,-1.,6.86253475444182E-16));
#9410=DIRECTION('center_axis',(0.,0.992965508106537,-0.118403968306502));
#9411=DIRECTION('ref_axis',(0.,-0.118403968306502,-0.992965508106537));
#9412=DIRECTION('center_axis',(1.,0.,0.));
#9413=DIRECTION('ref_axis',(0.,-0.707106781186549,-0.707106781186546));
#9414=DIRECTION('',(-1.,0.,0.));
#9415=DIRECTION('center_axis',(-1.,0.,0.));
#9416=DIRECTION('ref_axis',(0.,-0.707106781186549,-0.707106781186546));
#9417=DIRECTION('',(1.,0.,0.));
#9418=DIRECTION('center_axis',(1.,0.,0.));
#9419=DIRECTION('ref_axis',(0.,-0.707106781186549,-0.707106781186546));
#9420=DIRECTION('',(-1.,0.,0.));
#9421=DIRECTION('',(-1.,0.,0.));
#9422=DIRECTION('center_axis',(0.,0.,1.));
#9423=DIRECTION('ref_axis',(1.,0.,0.));
#9424=DIRECTION('',(0.,-1.,0.));
#9425=DIRECTION('center_axis',(0.,0.,-1.));
#9426=DIRECTION('ref_axis',(0.707106781186548,0.707106781186547,0.));
#9427=DIRECTION('',(1.,0.,0.));
#9428=DIRECTION('center_axis',(0.,0.,-1.));
#9429=DIRECTION('ref_axis',(-0.707106781186549,0.707106781186546,0.));
#9430=DIRECTION('',(0.,-1.,0.));
#9431=DIRECTION('center_axis',(0.,0.,-1.));
#9432=DIRECTION('ref_axis',(-1.,0.,0.));
#9433=DIRECTION('center_axis',(0.,0.,-1.));
#9434=DIRECTION('ref_axis',(-1.,0.,0.));
#9435=DIRECTION('center_axis',(0.,0.,-1.));
#9436=DIRECTION('ref_axis',(-1.,0.,0.));
#9437=DIRECTION('center_axis',(0.,0.,-1.));
#9438=DIRECTION('ref_axis',(-1.,0.,0.));
#9439=DIRECTION('center_axis',(0.,0.,-1.));
#9440=DIRECTION('ref_axis',(-1.,0.,0.));
#9441=DIRECTION('center_axis',(0.,0.,-1.));
#9442=DIRECTION('ref_axis',(-1.,0.,0.));
#9443=DIRECTION('center_axis',(0.,1.,0.));
#9444=DIRECTION('ref_axis',(-1.,0.,0.));
#9445=DIRECTION('',(0.,0.,1.));
#9446=DIRECTION('center_axis',(0.,-1.,0.));
#9447=DIRECTION('ref_axis',(-0.707106781186547,0.,0.707106781186547));
#9448=DIRECTION('',(1.,0.,0.));
#9449=DIRECTION('center_axis',(0.,-1.,0.));
#9450=DIRECTION('ref_axis',(0.707106781186547,0.,0.707106781186547));
#9451=DIRECTION('',(0.,0.,1.));
#9452=DIRECTION('center_axis',(0.,1.,0.));
#9453=DIRECTION('ref_axis',(-0.707106781186546,0.,0.707106781186549));
#9454=DIRECTION('',(0.,0.,-1.));
#9455=DIRECTION('center_axis',(0.,1.,0.));
#9456=DIRECTION('ref_axis',(0.707106781186548,0.,-0.707106781186548));
#9457=DIRECTION('',(0.,0.,1.));
#9458=DIRECTION('center_axis',(0.,1.,0.));
#9459=DIRECTION('ref_axis',(-0.707106781186548,0.,-0.707106781186547));
#9460=DIRECTION('',(1.,0.,0.));
#9461=DIRECTION('center_axis',(0.,1.,0.));
#9462=DIRECTION('ref_axis',(0.707106781186546,0.,-0.707106781186549));
#9463=DIRECTION('center_axis',(0.,1.,0.));
#9464=DIRECTION('ref_axis',(0.707106781186549,0.,0.707106781186546));
#9465=DIRECTION('',(-1.,0.,0.));
#9466=DIRECTION('center_axis',(0.,1.,0.));
#9467=DIRECTION('ref_axis',(-0.707106781186545,0.,0.70710678118655));
#9468=DIRECTION('center_axis',(0.,1.,0.));
#9469=DIRECTION('ref_axis',(-0.707106781186545,0.,0.70710678118655));
#9470=DIRECTION('center_axis',(0.,1.,0.));
#9471=DIRECTION('ref_axis',(-0.707106781186548,0.,-0.707106781186547));
#9472=DIRECTION('',(1.,0.,0.));
#9473=DIRECTION('center_axis',(0.,1.,0.));
#9474=DIRECTION('ref_axis',(0.707106781186546,0.,-0.707106781186549));
#9475=DIRECTION('center_axis',(0.,1.,0.));
#9476=DIRECTION('ref_axis',(0.707106781186549,0.,0.707106781186546));
#9477=DIRECTION('',(-1.,0.,0.));
#9478=DIRECTION('center_axis',(0.,1.,0.));
#9479=DIRECTION('ref_axis',(-0.707106781186545,0.,0.70710678118655));
#9480=DIRECTION('center_axis',(0.,1.,0.));
#9481=DIRECTION('ref_axis',(-0.707106781186548,0.,-0.707106781186547));
#9482=DIRECTION('',(1.,0.,0.));
#9483=DIRECTION('center_axis',(0.,1.,0.));
#9484=DIRECTION('ref_axis',(0.707106781186546,0.,-0.707106781186549));
#9485=DIRECTION('center_axis',(0.,1.,0.));
#9486=DIRECTION('ref_axis',(0.707106781186549,0.,0.707106781186546));
#9487=DIRECTION('',(-1.,0.,0.));
#9488=DIRECTION('center_axis',(0.,1.,0.));
#9489=DIRECTION('ref_axis',(-0.707106781186545,0.,0.70710678118655));
#9490=DIRECTION('center_axis',(0.,1.,0.));
#9491=DIRECTION('ref_axis',(-0.707106781186548,0.,-0.707106781186547));
#9492=DIRECTION('',(1.,0.,0.));
#9493=DIRECTION('center_axis',(0.,1.,0.));
#9494=DIRECTION('ref_axis',(0.707106781186546,0.,-0.707106781186549));
#9495=DIRECTION('center_axis',(0.,1.,0.));
#9496=DIRECTION('ref_axis',(0.707106781186549,0.,0.707106781186546));
#9497=DIRECTION('',(-1.,0.,0.));
#9498=DIRECTION('center_axis',(0.,1.,0.));
#9499=DIRECTION('ref_axis',(-0.707106781186545,0.,0.70710678118655));
#9500=DIRECTION('center_axis',(0.,1.,0.));
#9501=DIRECTION('ref_axis',(-0.707106781186548,0.,-0.707106781186547));
#9502=DIRECTION('',(1.,0.,0.));
#9503=DIRECTION('center_axis',(0.,1.,0.));
#9504=DIRECTION('ref_axis',(0.707106781186546,0.,-0.707106781186549));
#9505=DIRECTION('center_axis',(0.,1.,0.));
#9506=DIRECTION('ref_axis',(0.707106781186549,0.,0.707106781186546));
#9507=DIRECTION('',(-1.,0.,0.));
#9508=DIRECTION('center_axis',(0.,1.,0.));
#9509=DIRECTION('ref_axis',(-0.707106781186545,0.,0.70710678118655));
#9510=DIRECTION('center_axis',(0.,1.,0.));
#9511=DIRECTION('ref_axis',(-0.707106781186548,0.,-0.707106781186547));
#9512=DIRECTION('',(1.,0.,0.));
#9513=DIRECTION('center_axis',(0.,1.,0.));
#9514=DIRECTION('ref_axis',(0.707106781186546,0.,-0.707106781186549));
#9515=DIRECTION('center_axis',(0.,1.,0.));
#9516=DIRECTION('ref_axis',(0.707106781186549,0.,0.707106781186546));
#9517=DIRECTION('',(-1.,0.,0.));
#9518=DIRECTION('center_axis',(0.,1.,0.));
#9519=DIRECTION('ref_axis',(-0.707106781186545,0.,0.70710678118655));
#9520=DIRECTION('center_axis',(0.,1.,0.));
#9521=DIRECTION('ref_axis',(-0.707106781186548,0.,-0.707106781186547));
#9522=DIRECTION('',(1.,0.,0.));
#9523=DIRECTION('center_axis',(0.,1.,0.));
#9524=DIRECTION('ref_axis',(0.707106781186546,0.,-0.707106781186549));
#9525=DIRECTION('center_axis',(0.,1.,0.));
#9526=DIRECTION('ref_axis',(0.707106781186549,0.,0.707106781186546));
#9527=DIRECTION('',(-1.,0.,0.));
#9528=DIRECTION('center_axis',(0.,1.,0.));
#9529=DIRECTION('ref_axis',(-0.707106781186545,0.,0.70710678118655));
#9530=DIRECTION('center_axis',(0.,1.,0.));
#9531=DIRECTION('ref_axis',(-0.707106781186548,0.,-0.707106781186547));
#9532=DIRECTION('',(1.,0.,0.));
#9533=DIRECTION('center_axis',(0.,1.,0.));
#9534=DIRECTION('ref_axis',(0.707106781186546,0.,-0.707106781186549));
#9535=DIRECTION('center_axis',(0.,1.,0.));
#9536=DIRECTION('ref_axis',(0.707106781186549,0.,0.707106781186546));
#9537=DIRECTION('',(-1.,0.,0.));
#9538=DIRECTION('center_axis',(0.,1.,0.));
#9539=DIRECTION('ref_axis',(-0.707106781186545,0.,0.70710678118655));
#9540=DIRECTION('center_axis',(0.,1.,0.));
#9541=DIRECTION('ref_axis',(-0.707106781186548,0.,-0.707106781186547));
#9542=DIRECTION('',(1.,0.,0.));
#9543=DIRECTION('center_axis',(0.,1.,0.));
#9544=DIRECTION('ref_axis',(0.707106781186546,0.,-0.707106781186549));
#9545=DIRECTION('center_axis',(0.,1.,0.));
#9546=DIRECTION('ref_axis',(0.707106781186549,0.,0.707106781186546));
#9547=DIRECTION('',(-1.,0.,0.));
#9548=DIRECTION('center_axis',(0.,1.,0.));
#9549=DIRECTION('ref_axis',(-0.707106781186545,0.,0.70710678118655));
#9550=DIRECTION('center_axis',(0.,1.,0.));
#9551=DIRECTION('ref_axis',(-0.707106781186548,0.,-0.707106781186547));
#9552=DIRECTION('',(1.,0.,0.));
#9553=DIRECTION('center_axis',(0.,1.,0.));
#9554=DIRECTION('ref_axis',(0.707106781186546,0.,-0.707106781186549));
#9555=DIRECTION('center_axis',(0.,1.,0.));
#9556=DIRECTION('ref_axis',(0.707106781186549,0.,0.707106781186546));
#9557=DIRECTION('',(-1.,0.,0.));
#9558=DIRECTION('center_axis',(0.,1.,0.));
#9559=DIRECTION('ref_axis',(-0.707106781186545,0.,0.70710678118655));
#9560=DIRECTION('center_axis',(0.,1.,0.));
#9561=DIRECTION('ref_axis',(-0.707106781186548,0.,-0.707106781186547));
#9562=DIRECTION('',(1.,0.,0.));
#9563=DIRECTION('center_axis',(0.,1.,0.));
#9564=DIRECTION('ref_axis',(0.707106781186546,0.,-0.707106781186549));
#9565=DIRECTION('center_axis',(0.,1.,0.));
#9566=DIRECTION('ref_axis',(0.707106781186549,0.,0.707106781186546));
#9567=DIRECTION('',(-1.,0.,0.));
#9568=DIRECTION('center_axis',(0.,1.,0.));
#9569=DIRECTION('ref_axis',(-0.707106781186545,0.,0.70710678118655));
#9570=DIRECTION('center_axis',(0.,1.,0.));
#9571=DIRECTION('ref_axis',(-0.707106781186548,0.,-0.707106781186547));
#9572=DIRECTION('',(1.,0.,0.));
#9573=DIRECTION('center_axis',(0.,1.,0.));
#9574=DIRECTION('ref_axis',(0.707106781186546,0.,-0.707106781186549));
#9575=DIRECTION('center_axis',(0.,1.,0.));
#9576=DIRECTION('ref_axis',(0.707106781186549,0.,0.707106781186546));
#9577=DIRECTION('',(-1.,0.,0.));
#9578=DIRECTION('center_axis',(0.,1.,0.));
#9579=DIRECTION('ref_axis',(-0.707106781186545,0.,0.70710678118655));
#9580=DIRECTION('center_axis',(0.,1.,0.));
#9581=DIRECTION('ref_axis',(-0.707106781186548,0.,-0.707106781186547));
#9582=DIRECTION('',(1.,0.,0.));
#9583=DIRECTION('center_axis',(0.,1.,0.));
#9584=DIRECTION('ref_axis',(0.707106781186546,0.,-0.707106781186549));
#9585=DIRECTION('center_axis',(0.,1.,0.));
#9586=DIRECTION('ref_axis',(0.707106781186549,0.,0.707106781186546));
#9587=DIRECTION('',(-1.,0.,0.));
#9588=DIRECTION('center_axis',(0.,1.,0.));
#9589=DIRECTION('ref_axis',(-0.707106781186545,0.,0.70710678118655));
#9590=DIRECTION('center_axis',(0.,1.,0.));
#9591=DIRECTION('ref_axis',(-0.707106781186548,0.,-0.707106781186547));
#9592=DIRECTION('',(1.,0.,0.));
#9593=DIRECTION('center_axis',(0.,1.,0.));
#9594=DIRECTION('ref_axis',(0.707106781186546,0.,-0.707106781186549));
#9595=DIRECTION('center_axis',(0.,1.,0.));
#9596=DIRECTION('ref_axis',(0.707106781186549,0.,0.707106781186546));
#9597=DIRECTION('',(-1.,0.,0.));
#9598=DIRECTION('center_axis',(0.,1.,0.));
#9599=DIRECTION('ref_axis',(-0.707106781186545,0.,0.70710678118655));
#9600=DIRECTION('center_axis',(0.,1.,0.));
#9601=DIRECTION('ref_axis',(-0.707106781186548,0.,-0.707106781186547));
#9602=DIRECTION('',(1.,0.,0.));
#9603=DIRECTION('center_axis',(0.,1.,0.));
#9604=DIRECTION('ref_axis',(0.707106781186546,0.,-0.707106781186549));
#9605=DIRECTION('center_axis',(0.,1.,0.));
#9606=DIRECTION('ref_axis',(0.707106781186549,0.,0.707106781186546));
#9607=DIRECTION('',(-1.,0.,0.));
#9608=DIRECTION('center_axis',(0.,1.,0.));
#9609=DIRECTION('ref_axis',(-0.707106781186545,0.,0.70710678118655));
#9610=DIRECTION('center_axis',(0.,1.,0.));
#9611=DIRECTION('ref_axis',(-0.707106781186548,0.,-0.707106781186547));
#9612=DIRECTION('',(1.,0.,0.));
#9613=DIRECTION('center_axis',(0.,1.,0.));
#9614=DIRECTION('ref_axis',(0.707106781186546,0.,-0.707106781186549));
#9615=DIRECTION('center_axis',(0.,1.,0.));
#9616=DIRECTION('ref_axis',(0.707106781186549,0.,0.707106781186546));
#9617=DIRECTION('',(-1.,0.,0.));
#9618=DIRECTION('center_axis',(1.,0.,0.));
#9619=DIRECTION('ref_axis',(0.,0.,-1.));
#9620=DIRECTION('',(0.,1.,0.));
#9621=DIRECTION('',(0.,0.,-1.));
#9622=DIRECTION('',(0.,1.,0.));
#9623=DIRECTION('',(0.,0.,-1.));
#9624=DIRECTION('center_axis',(1.,0.,0.));
#9625=DIRECTION('ref_axis',(0.,0.,-1.));
#9626=DIRECTION('',(0.,1.,0.));
#9627=DIRECTION('',(0.,0.,-1.));
#9628=DIRECTION('',(0.,-1.,0.));
#9629=DIRECTION('',(0.,0.,1.));
#9630=DIRECTION('center_axis',(0.,0.,1.));
#9631=DIRECTION('ref_axis',(-0.707106781186549,0.707106781186546,0.));
#9632=DIRECTION('',(0.,0.,-1.));
#9633=DIRECTION('center_axis',(0.,0.,1.));
#9634=DIRECTION('ref_axis',(-1.,-5.55111512312578E-16,0.));
#9635=DIRECTION('',(0.,0.,1.));
#9636=DIRECTION('center_axis',(0.,0.,1.));
#9637=DIRECTION('ref_axis',(-0.707106781186549,-0.707106781186546,0.));
#9638=DIRECTION('center_axis',(0.,-1.,0.));
#9639=DIRECTION('ref_axis',(0.,0.,-1.));
#9640=DIRECTION('center_axis',(-1.,0.,0.));
#9641=DIRECTION('ref_axis',(0.,-5.55111512312579E-16,-1.));
#9642=DIRECTION('center_axis',(0.,1.,0.));
#9643=DIRECTION('ref_axis',(-0.707106781186547,0.,-0.707106781186548));
#9644=DIRECTION('center_axis',(0.,-1.,0.));
#9645=DIRECTION('ref_axis',(-0.707106781186547,0.,-0.707106781186548));
#9646=DIRECTION('center_axis',(1.,0.,0.));
#9647=DIRECTION('ref_axis',(0.,0.707106781186547,-0.707106781186548));
#9648=DIRECTION('center_axis',(-1.,0.,0.));
#9649=DIRECTION('ref_axis',(0.,-8.32667268468867E-16,-1.));
#9650=DIRECTION('',(-1.,0.,0.));
#9651=DIRECTION('',(1.,0.,0.));
#9652=DIRECTION('center_axis',(0.,-1.,0.));
#9653=DIRECTION('ref_axis',(0.,0.,-1.));
#9654=DIRECTION('center_axis',(0.,0.,-1.));
#9655=DIRECTION('ref_axis',(1.,0.,0.));
#9656=DIRECTION('center_axis',(0.,1.,0.));
#9657=DIRECTION('ref_axis',(0.707106781186547,0.,-0.707106781186547));
#9658=DIRECTION('center_axis',(0.,-1.,0.));
#9659=DIRECTION('ref_axis',(0.707106781186547,0.,-0.707106781186547));
#9660=DIRECTION('center_axis',(0.,0.,1.));
#9661=DIRECTION('ref_axis',(0.707106781186548,0.707106781186547,0.));
#9662=DIRECTION('center_axis',(0.,0.,1.));
#9663=DIRECTION('ref_axis',(0.707106781186548,-0.707106781186547,0.));
#9664=DIRECTION('',(0.,0.,-1.));
#9665=DIRECTION('',(0.,0.,1.));
#9666=DIRECTION('center_axis',(0.,1.,0.));
#9667=DIRECTION('ref_axis',(1.,0.,0.));
#9668=DIRECTION('center_axis',(0.,-1.,0.));
#9669=DIRECTION('ref_axis',(-0.707106781186545,0.,0.70710678118655));
#9670=DIRECTION('',(0.,-1.,0.));
#9671=DIRECTION('center_axis',(0.,-1.,0.));
#9672=DIRECTION('ref_axis',(-0.707106781186545,0.,0.70710678118655));
#9673=DIRECTION('',(0.,-1.,0.));
#9674=DIRECTION('center_axis',(0.,0.,1.));
#9675=DIRECTION('ref_axis',(-1.,0.,0.));
#9676=DIRECTION('',(0.,1.,0.));
#9677=DIRECTION('',(1.,0.,0.));
#9678=DIRECTION('center_axis',(0.,-1.,0.));
#9679=DIRECTION('ref_axis',(-0.707106781186548,0.,-0.707106781186547));
#9680=DIRECTION('center_axis',(0.,-1.,0.));
#9681=DIRECTION('ref_axis',(-0.707106781186548,0.,-0.707106781186547));
#9682=DIRECTION('',(0.,1.,0.));
#9683=DIRECTION('center_axis',(0.,-1.,0.));
#9684=DIRECTION('ref_axis',(0.707106781186549,0.,0.707106781186546));
#9685=DIRECTION('',(0.,1.,0.));
#9686=DIRECTION('center_axis',(0.,-1.,0.));
#9687=DIRECTION('ref_axis',(0.707106781186549,0.,0.707106781186546));
#9688=DIRECTION('center_axis',(0.,-1.,0.));
#9689=DIRECTION('ref_axis',(0.707106781186546,0.,-0.707106781186549));
#9690=DIRECTION('',(0.,-1.,0.));
#9691=DIRECTION('center_axis',(0.,-1.,0.));
#9692=DIRECTION('ref_axis',(0.707106781186546,0.,-0.707106781186549));
#9693=DIRECTION('center_axis',(0.,0.,-1.));
#9694=DIRECTION('ref_axis',(1.,0.,0.));
#9695=DIRECTION('',(-1.,0.,0.));
#9696=DIRECTION('center_axis',(0.,-1.,0.));
#9697=DIRECTION('ref_axis',(-0.707106781186547,0.,0.707106781186547));
#9698=DIRECTION('center_axis',(0.,1.,0.));
#9699=DIRECTION('ref_axis',(-0.707106781186547,0.,0.707106781186547));
#9700=DIRECTION('',(0.,1.,0.));
#9701=DIRECTION('center_axis',(0.,0.,1.));
#9702=DIRECTION('ref_axis',(1.,0.,0.));
#9703=DIRECTION('',(1.,0.,0.));
#9704=DIRECTION('',(0.,-1.,0.));
#9705=DIRECTION('center_axis',(0.,-1.,0.));
#9706=DIRECTION('ref_axis',(0.707106781186547,0.,0.707106781186547));
#9707=DIRECTION('center_axis',(0.,1.,0.));
#9708=DIRECTION('ref_axis',(0.707106781186547,0.,0.707106781186547));
#9709=DIRECTION('center_axis',(0.,0.,-1.));
#9710=DIRECTION('ref_axis',(-1.,0.,0.));
#9711=DIRECTION('',(0.,0.,-1.));
#9712=DIRECTION('center_axis',(0.,0.,-1.));
#9713=DIRECTION('ref_axis',(-1.,0.,0.));
#9714=DIRECTION('center_axis',(0.,0.,-1.));
#9715=DIRECTION('ref_axis',(-1.,0.,0.));
#9716=DIRECTION('',(0.,0.,-1.));
#9717=DIRECTION('center_axis',(0.,0.,-1.));
#9718=DIRECTION('ref_axis',(-1.,0.,0.));
#9719=DIRECTION('center_axis',(-1.,0.,0.));
#9720=DIRECTION('ref_axis',(0.,-0.118403968306501,0.992965508106537));
#9721=DIRECTION('',(0.,0.,-1.));
#9722=DIRECTION('',(0.,0.957319497532065,0.28903179694448));
#9723=DIRECTION('',(0.,-1.33226762955019E-15,-1.));
#9724=DIRECTION('',(0.,0.289031796944482,-0.957319497532064));
#9725=DIRECTION('',(0.,-0.957319497532064,-0.289031796944482));
#9726=DIRECTION('center_axis',(0.,0.957319497532064,0.289031796944482));
#9727=DIRECTION('ref_axis',(0.707106781186549,0.204376343597952,-0.676927108467027));
#9728=DIRECTION('center_axis',(0.,1.,0.));
#9729=DIRECTION('ref_axis',(3.32136921275839E-16,0.,-1.));
#9730=DIRECTION('center_axis',(0.,0.957319497532064,0.289031796944482));
#9731=DIRECTION('ref_axis',(0.707106781186549,0.204376343597952,-0.676927108467027));
#9732=DIRECTION('',(0.,0.957319497532064,0.289031796944482));
#9733=DIRECTION('center_axis',(0.,-0.289031796944482,0.957319497532064));
#9734=DIRECTION('ref_axis',(1.,0.,0.));
#9735=DIRECTION('',(-1.,0.,0.));
#9736=DIRECTION('',(-1.,0.,0.));
#9737=DIRECTION('',(0.,-0.957319497532064,-0.289031796944482));
#9738=DIRECTION('center_axis',(0.,-0.957319497532064,-0.289031796944482));
#9739=DIRECTION('ref_axis',(-0.707106781186549,0.204376343597952,-0.676927108467027));
#9740=DIRECTION('center_axis',(0.,1.,0.));
#9741=DIRECTION('ref_axis',(-3.32136921275839E-16,0.,-1.));
#9742=DIRECTION('center_axis',(0.,0.957319497532064,0.289031796944482));
#9743=DIRECTION('ref_axis',(-0.707106781186549,0.204376343597952,-0.676927108467027));
#9744=DIRECTION('',(0.,0.957319497532064,0.289031796944482));
#9745=DIRECTION('center_axis',(1.,0.,0.));
#9746=DIRECTION('ref_axis',(0.,0.118403968306501,-0.992965508106537));
#9747=DIRECTION('',(0.,0.,1.));
#9748=DIRECTION('',(0.,-0.289031796944482,0.957319497532064));
#9749=DIRECTION('',(0.,1.33226762955019E-15,1.));
#9750=DIRECTION('',(0.,-0.957319497532065,-0.28903179694448));
#9751=DIRECTION('center_axis',(0.,0.957319497532065,0.28903179694448));
#9752=DIRECTION('ref_axis',(-0.707106781186543,-0.204376343598001,0.676927108467018));
#9753=DIRECTION('center_axis',(0.,1.,0.));
#9754=DIRECTION('ref_axis',(-4.64991689786174E-16,-1.66068460637919E-17,
1.));
#9755=DIRECTION('center_axis',(0.,-1.,1.33226762955019E-15));
#9756=DIRECTION('ref_axis',(-1.32854768510335E-15,1.34515453116715E-15,
1.));
#9757=DIRECTION('',(0.,0.957319497532065,0.28903179694448));
#9758=DIRECTION('center_axis',(0.,0.28903179694448,-0.957319497532065));
#9759=DIRECTION('ref_axis',(-1.,0.,0.));
#9760=DIRECTION('',(1.,0.,0.));
#9761=DIRECTION('',(1.,0.,0.));
#9762=DIRECTION('',(0.,-0.957319497532065,-0.28903179694448));
#9763=DIRECTION('center_axis',(0.,-0.957319497532065,-0.28903179694448));
#9764=DIRECTION('ref_axis',(0.707106781186545,-0.204376343598001,0.676927108467016));
#9765=DIRECTION('center_axis',(0.,1.,0.));
#9766=DIRECTION('ref_axis',(-1.99282152765503E-16,0.,1.));
#9767=DIRECTION('center_axis',(0.,-1.,1.33226762955019E-15));
#9768=DIRECTION('ref_axis',(-1.99282152765503E-16,1.31194083903956E-15,
1.));
#9769=DIRECTION('center_axis',(0.,0.957319497532064,0.289031796944482));
#9770=DIRECTION('ref_axis',(-1.,0.,0.));
#9771=DIRECTION('',(-1.,0.,0.));
#9772=DIRECTION('center_axis',(0.,1.,-1.33226762955019E-15));
#9773=DIRECTION('ref_axis',(0.,-1.33226762955019E-15,-1.));
#9774=DIRECTION('center_axis',(0.,0.,-1.));
#9775=DIRECTION('ref_axis',(-1.,0.,0.));
#9776=DIRECTION('',(0.,0.,-1.));
#9777=DIRECTION('center_axis',(0.,0.,-1.));
#9778=DIRECTION('ref_axis',(-1.,0.,0.));
#9779=DIRECTION('center_axis',(0.,0.,-1.));
#9780=DIRECTION('ref_axis',(-1.,0.,0.));
#9781=DIRECTION('',(0.,0.,-1.));
#9782=DIRECTION('center_axis',(0.,0.,-1.));
#9783=DIRECTION('ref_axis',(-1.,0.,0.));
#9784=DIRECTION('center_axis',(0.,-1.,0.));
#9785=DIRECTION('ref_axis',(1.,0.,0.));
#9786=DIRECTION('',(1.,0.,0.));
#9787=DIRECTION('center_axis',(0.,-1.,0.));
#9788=DIRECTION('ref_axis',(-0.707106781186545,0.,0.70710678118655));
#9789=DIRECTION('',(1.,0.,0.));
#9790=DIRECTION('center_axis',(0.,-1.,0.));
#9791=DIRECTION('ref_axis',(0.707106781186549,0.,0.707106781186546));
#9792=DIRECTION('center_axis',(0.,-1.,0.));
#9793=DIRECTION('ref_axis',(0.707106781186546,0.,-0.707106781186549));
#9794=DIRECTION('',(-1.,0.,0.));
#9795=DIRECTION('center_axis',(0.,-1.,0.));
#9796=DIRECTION('ref_axis',(-0.707106781186548,0.,-0.707106781186547));
#9797=DIRECTION('center_axis',(0.,-1.,0.));
#9798=DIRECTION('ref_axis',(-0.707106781186545,0.,0.70710678118655));
#9799=DIRECTION('',(1.,0.,0.));
#9800=DIRECTION('center_axis',(0.,-1.,0.));
#9801=DIRECTION('ref_axis',(0.707106781186549,0.,0.707106781186546));
#9802=DIRECTION('center_axis',(0.,-1.,0.));
#9803=DIRECTION('ref_axis',(0.707106781186546,0.,-0.707106781186549));
#9804=DIRECTION('',(-1.,0.,0.));
#9805=DIRECTION('center_axis',(0.,-1.,0.));
#9806=DIRECTION('ref_axis',(-0.707106781186548,0.,-0.707106781186547));
#9807=DIRECTION('center_axis',(0.,-1.,0.));
#9808=DIRECTION('ref_axis',(-0.707106781186545,0.,0.70710678118655));
#9809=DIRECTION('',(1.,0.,0.));
#9810=DIRECTION('center_axis',(0.,-1.,0.));
#9811=DIRECTION('ref_axis',(0.707106781186549,0.,0.707106781186546));
#9812=DIRECTION('center_axis',(0.,-1.,0.));
#9813=DIRECTION('ref_axis',(0.707106781186546,0.,-0.707106781186549));
#9814=DIRECTION('',(-1.,0.,0.));
#9815=DIRECTION('center_axis',(0.,-1.,0.));
#9816=DIRECTION('ref_axis',(-0.707106781186548,0.,-0.707106781186547));
#9817=DIRECTION('center_axis',(0.,-1.,0.));
#9818=DIRECTION('ref_axis',(-0.707106781186545,0.,0.70710678118655));
#9819=DIRECTION('',(1.,0.,0.));
#9820=DIRECTION('center_axis',(0.,-1.,0.));
#9821=DIRECTION('ref_axis',(0.707106781186549,0.,0.707106781186546));
#9822=DIRECTION('center_axis',(0.,-1.,0.));
#9823=DIRECTION('ref_axis',(0.707106781186546,0.,-0.707106781186549));
#9824=DIRECTION('',(-1.,0.,0.));
#9825=DIRECTION('center_axis',(0.,-1.,0.));
#9826=DIRECTION('ref_axis',(-0.707106781186548,0.,-0.707106781186547));
#9827=DIRECTION('center_axis',(0.,-1.,0.));
#9828=DIRECTION('ref_axis',(-0.707106781186545,0.,0.70710678118655));
#9829=DIRECTION('',(1.,0.,0.));
#9830=DIRECTION('center_axis',(0.,-1.,0.));
#9831=DIRECTION('ref_axis',(0.707106781186549,0.,0.707106781186546));
#9832=DIRECTION('center_axis',(0.,-1.,0.));
#9833=DIRECTION('ref_axis',(0.707106781186546,0.,-0.707106781186549));
#9834=DIRECTION('',(-1.,0.,0.));
#9835=DIRECTION('center_axis',(0.,-1.,0.));
#9836=DIRECTION('ref_axis',(-0.707106781186548,0.,-0.707106781186547));
#9837=DIRECTION('center_axis',(0.,-1.,0.));
#9838=DIRECTION('ref_axis',(-0.707106781186545,0.,0.70710678118655));
#9839=DIRECTION('',(1.,0.,0.));
#9840=DIRECTION('center_axis',(0.,-1.,0.));
#9841=DIRECTION('ref_axis',(0.707106781186549,0.,0.707106781186546));
#9842=DIRECTION('center_axis',(0.,-1.,0.));
#9843=DIRECTION('ref_axis',(0.707106781186546,0.,-0.707106781186549));
#9844=DIRECTION('',(-1.,0.,0.));
#9845=DIRECTION('center_axis',(0.,-1.,0.));
#9846=DIRECTION('ref_axis',(-0.707106781186548,0.,-0.707106781186547));
#9847=DIRECTION('center_axis',(0.,-1.,0.));
#9848=DIRECTION('ref_axis',(-0.707106781186545,0.,0.70710678118655));
#9849=DIRECTION('',(1.,0.,0.));
#9850=DIRECTION('center_axis',(0.,-1.,0.));
#9851=DIRECTION('ref_axis',(0.707106781186549,0.,0.707106781186546));
#9852=DIRECTION('center_axis',(0.,-1.,0.));
#9853=DIRECTION('ref_axis',(0.707106781186546,0.,-0.707106781186549));
#9854=DIRECTION('',(-1.,0.,0.));
#9855=DIRECTION('center_axis',(0.,-1.,0.));
#9856=DIRECTION('ref_axis',(-0.707106781186548,0.,-0.707106781186547));
#9857=DIRECTION('center_axis',(0.,-1.,0.));
#9858=DIRECTION('ref_axis',(-0.707106781186545,0.,0.70710678118655));
#9859=DIRECTION('',(1.,0.,0.));
#9860=DIRECTION('center_axis',(0.,-1.,0.));
#9861=DIRECTION('ref_axis',(0.707106781186549,0.,0.707106781186546));
#9862=DIRECTION('center_axis',(0.,-1.,0.));
#9863=DIRECTION('ref_axis',(0.707106781186546,0.,-0.707106781186549));
#9864=DIRECTION('',(-1.,0.,0.));
#9865=DIRECTION('center_axis',(0.,-1.,0.));
#9866=DIRECTION('ref_axis',(-0.707106781186548,0.,-0.707106781186547));
#9867=DIRECTION('center_axis',(0.,-1.,0.));
#9868=DIRECTION('ref_axis',(-0.707106781186545,0.,0.70710678118655));
#9869=DIRECTION('',(1.,0.,0.));
#9870=DIRECTION('center_axis',(0.,-1.,0.));
#9871=DIRECTION('ref_axis',(0.707106781186549,0.,0.707106781186546));
#9872=DIRECTION('center_axis',(0.,-1.,0.));
#9873=DIRECTION('ref_axis',(0.707106781186546,0.,-0.707106781186549));
#9874=DIRECTION('',(-1.,0.,0.));
#9875=DIRECTION('center_axis',(0.,-1.,0.));
#9876=DIRECTION('ref_axis',(-0.707106781186548,0.,-0.707106781186547));
#9877=DIRECTION('center_axis',(0.,-1.,0.));
#9878=DIRECTION('ref_axis',(-0.707106781186545,0.,0.70710678118655));
#9879=DIRECTION('',(1.,0.,0.));
#9880=DIRECTION('center_axis',(0.,-1.,0.));
#9881=DIRECTION('ref_axis',(0.707106781186549,0.,0.707106781186546));
#9882=DIRECTION('center_axis',(0.,-1.,0.));
#9883=DIRECTION('ref_axis',(0.707106781186546,0.,-0.707106781186549));
#9884=DIRECTION('',(-1.,0.,0.));
#9885=DIRECTION('center_axis',(0.,-1.,0.));
#9886=DIRECTION('ref_axis',(-0.707106781186548,0.,-0.707106781186547));
#9887=DIRECTION('center_axis',(0.,-1.,0.));
#9888=DIRECTION('ref_axis',(-0.707106781186545,0.,0.70710678118655));
#9889=DIRECTION('',(1.,0.,0.));
#9890=DIRECTION('center_axis',(0.,-1.,0.));
#9891=DIRECTION('ref_axis',(0.707106781186549,0.,0.707106781186546));
#9892=DIRECTION('center_axis',(0.,-1.,0.));
#9893=DIRECTION('ref_axis',(0.707106781186546,0.,-0.707106781186549));
#9894=DIRECTION('',(-1.,0.,0.));
#9895=DIRECTION('center_axis',(0.,-1.,0.));
#9896=DIRECTION('ref_axis',(-0.707106781186548,0.,-0.707106781186547));
#9897=DIRECTION('center_axis',(0.,-1.,0.));
#9898=DIRECTION('ref_axis',(-0.707106781186545,0.,0.70710678118655));
#9899=DIRECTION('',(1.,0.,0.));
#9900=DIRECTION('center_axis',(0.,-1.,0.));
#9901=DIRECTION('ref_axis',(0.707106781186549,0.,0.707106781186546));
#9902=DIRECTION('center_axis',(0.,-1.,0.));
#9903=DIRECTION('ref_axis',(0.707106781186546,0.,-0.707106781186549));
#9904=DIRECTION('',(-1.,0.,0.));
#9905=DIRECTION('center_axis',(0.,-1.,0.));
#9906=DIRECTION('ref_axis',(-0.707106781186548,0.,-0.707106781186547));
#9907=DIRECTION('center_axis',(0.,-1.,0.));
#9908=DIRECTION('ref_axis',(-0.707106781186545,0.,0.70710678118655));
#9909=DIRECTION('',(1.,0.,0.));
#9910=DIRECTION('center_axis',(0.,-1.,0.));
#9911=DIRECTION('ref_axis',(0.707106781186549,0.,0.707106781186546));
#9912=DIRECTION('center_axis',(0.,-1.,0.));
#9913=DIRECTION('ref_axis',(0.707106781186546,0.,-0.707106781186549));
#9914=DIRECTION('',(-1.,0.,0.));
#9915=DIRECTION('center_axis',(0.,-1.,0.));
#9916=DIRECTION('ref_axis',(-0.707106781186548,0.,-0.707106781186547));
#9917=DIRECTION('center_axis',(0.,-1.,0.));
#9918=DIRECTION('ref_axis',(-0.707106781186545,0.,0.70710678118655));
#9919=DIRECTION('',(1.,0.,0.));
#9920=DIRECTION('center_axis',(0.,-1.,0.));
#9921=DIRECTION('ref_axis',(0.707106781186549,0.,0.707106781186546));
#9922=DIRECTION('center_axis',(0.,-1.,0.));
#9923=DIRECTION('ref_axis',(0.707106781186546,0.,-0.707106781186549));
#9924=DIRECTION('',(-1.,0.,0.));
#9925=DIRECTION('center_axis',(0.,-1.,0.));
#9926=DIRECTION('ref_axis',(-0.707106781186548,0.,-0.707106781186547));
#9927=DIRECTION('center_axis',(0.,-1.,0.));
#9928=DIRECTION('ref_axis',(-0.707106781186545,0.,0.70710678118655));
#9929=DIRECTION('',(1.,0.,0.));
#9930=DIRECTION('center_axis',(0.,-1.,0.));
#9931=DIRECTION('ref_axis',(0.707106781186549,0.,0.707106781186546));
#9932=DIRECTION('center_axis',(0.,-1.,0.));
#9933=DIRECTION('ref_axis',(0.707106781186546,0.,-0.707106781186549));
#9934=DIRECTION('',(-1.,0.,0.));
#9935=DIRECTION('center_axis',(0.,-1.,0.));
#9936=DIRECTION('ref_axis',(-0.707106781186548,0.,-0.707106781186547));
#9937=DIRECTION('',(0.,0.,-1.));
#9938=DIRECTION('center_axis',(0.,-1.,0.));
#9939=DIRECTION('ref_axis',(-0.707106781186548,0.,-0.707106781186547));
#9940=DIRECTION('',(0.,0.,1.));
#9941=DIRECTION('center_axis',(0.,-1.,0.));
#9942=DIRECTION('ref_axis',(0.707106781186548,9.91270557701033E-18,0.707106781186548));
#9943=DIRECTION('center_axis',(0.,0.,1.));
#9944=DIRECTION('ref_axis',(1.,0.,0.));
#9945=DIRECTION('',(1.,0.,0.));
#9946=DIRECTION('center_axis',(0.,-1.,0.));
#9947=DIRECTION('ref_axis',(-1.,0.,0.));
#9948=DIRECTION('center_axis',(0.,-1.,0.));
#9949=DIRECTION('ref_axis',(0.707106781186548,9.91270557701033E-18,0.707106781186548));
#9950=DIRECTION('center_axis',(0.,1.,0.));
#9951=DIRECTION('ref_axis',(-0.707106781186548,9.91270557701033E-18,0.707106781186548));
#9952=DIRECTION('',(0.,-1.,0.));
#9953=DIRECTION('',(0.,1.,0.));
#9954=DIRECTION('center_axis',(1.,0.,0.));
#9955=DIRECTION('ref_axis',(0.,0.,1.));
#9956=DIRECTION('',(0.,0.,1.));
#9957=DIRECTION('',(0.,1.,0.));
#9958=DIRECTION('center_axis',(0.,-1.,0.));
#9959=DIRECTION('ref_axis',(0.707106781186547,0.,0.707106781186548));
#9960=DIRECTION('center_axis',(0.,1.,0.));
#9961=DIRECTION('ref_axis',(-0.707106781186546,0.,0.707106781186549));
#9962=DIRECTION('',(0.,1.,0.));
#9963=DIRECTION('',(0.,-1.,0.));
#9964=DIRECTION('center_axis',(0.,-1.,0.));
#9965=DIRECTION('ref_axis',(0.,0.,-1.));
#9966=DIRECTION('',(0.,0.,1.));
#9967=DIRECTION('center_axis',(0.,1.,0.));
#9968=DIRECTION('ref_axis',(0.707106781186548,0.,-0.707106781186548));
#9969=DIRECTION('',(0.,0.,-1.));
#9970=DIRECTION('',(0.,0.,-1.));
#9971=DIRECTION('center_axis',(0.,1.,0.));
#9972=DIRECTION('ref_axis',(0.707106781186548,0.,-0.707106781186547));
#9973=DIRECTION('center_axis',(1.,0.,0.));
#9974=DIRECTION('ref_axis',(0.,0.,1.));
#9975=DIRECTION('',(0.,1.,0.));
#9976=DIRECTION('center_axis',(0.,-1.,0.));
#9977=DIRECTION('ref_axis',(-0.707106781186548,0.,-0.707106781186547));
#9978=DIRECTION('',(0.,-1.,0.));
#9979=DIRECTION('center_axis',(-1.,0.,0.));
#9980=DIRECTION('ref_axis',(0.,0.,-1.));
#9981=DIRECTION('center_axis',(-1.,0.,0.));
#9982=DIRECTION('ref_axis',(0.,0.,-1.));
#9983=DIRECTION('',(0.,-1.,0.));
#9984=DIRECTION('center_axis',(0.,-1.,0.));
#9985=DIRECTION('ref_axis',(0.707106781186548,0.,-0.707106781186548));
#9986=DIRECTION('center_axis',(0.,-1.,0.));
#9987=DIRECTION('ref_axis',(-0.707106781186545,0.,0.70710678118655));
#9988=DIRECTION('',(0.,-1.,0.));
#9989=DIRECTION('',(0.,-1.,0.));
#9990=DIRECTION('center_axis',(0.,0.,1.));
#9991=DIRECTION('ref_axis',(-1.,0.,0.));
#9992=DIRECTION('',(0.,1.,0.));
#9993=DIRECTION('center_axis',(0.,-1.,0.));
#9994=DIRECTION('ref_axis',(-0.707106781186548,0.,-0.707106781186547));
#9995=DIRECTION('',(0.,1.,0.));
#9996=DIRECTION('center_axis',(0.,-1.,0.));
#9997=DIRECTION('ref_axis',(0.707106781186549,0.,0.707106781186546));
#9998=DIRECTION('',(0.,1.,0.));
#9999=DIRECTION('center_axis',(0.,-1.,0.));
#10000=DIRECTION('ref_axis',(0.707106781186546,0.,-0.707106781186549));
#10001=DIRECTION('',(0.,-1.,0.));
#10002=DIRECTION('center_axis',(0.,0.,-1.));
#10003=DIRECTION('ref_axis',(1.,0.,0.));
#10004=DIRECTION('center_axis',(0.,-1.,0.));
#10005=DIRECTION('ref_axis',(-0.707106781186545,0.,0.70710678118655));
#10006=DIRECTION('',(0.,-1.,0.));
#10007=DIRECTION('',(0.,-1.,0.));
#10008=DIRECTION('center_axis',(0.,0.,1.));
#10009=DIRECTION('ref_axis',(-1.,0.,0.));
#10010=DIRECTION('',(0.,1.,0.));
#10011=DIRECTION('center_axis',(0.,-1.,0.));
#10012=DIRECTION('ref_axis',(-0.707106781186548,0.,-0.707106781186547));
#10013=DIRECTION('',(0.,1.,0.));
#10014=DIRECTION('center_axis',(0.,-1.,0.));
#10015=DIRECTION('ref_axis',(0.707106781186549,0.,0.707106781186546));
#10016=DIRECTION('',(0.,1.,0.));
#10017=DIRECTION('center_axis',(0.,-1.,0.));
#10018=DIRECTION('ref_axis',(0.707106781186546,0.,-0.707106781186549));
#10019=DIRECTION('',(0.,-1.,0.));
#10020=DIRECTION('center_axis',(0.,0.,-1.));
#10021=DIRECTION('ref_axis',(1.,0.,0.));
#10022=DIRECTION('center_axis',(0.,-1.,0.));
#10023=DIRECTION('ref_axis',(-0.707106781186545,0.,0.70710678118655));
#10024=DIRECTION('',(0.,-1.,0.));
#10025=DIRECTION('',(0.,-1.,0.));
#10026=DIRECTION('center_axis',(0.,0.,1.));
#10027=DIRECTION('ref_axis',(-1.,0.,0.));
#10028=DIRECTION('',(0.,1.,0.));
#10029=DIRECTION('center_axis',(0.,-1.,0.));
#10030=DIRECTION('ref_axis',(-0.707106781186548,0.,-0.707106781186547));
#10031=DIRECTION('',(0.,1.,0.));
#10032=DIRECTION('center_axis',(0.,-1.,0.));
#10033=DIRECTION('ref_axis',(0.707106781186549,0.,0.707106781186546));
#10034=DIRECTION('',(0.,1.,0.));
#10035=DIRECTION('center_axis',(0.,-1.,0.));
#10036=DIRECTION('ref_axis',(0.707106781186546,0.,-0.707106781186549));
#10037=DIRECTION('',(0.,-1.,0.));
#10038=DIRECTION('center_axis',(0.,0.,-1.));
#10039=DIRECTION('ref_axis',(1.,0.,0.));
#10040=DIRECTION('center_axis',(0.,-1.,0.));
#10041=DIRECTION('ref_axis',(-0.707106781186545,0.,0.70710678118655));
#10042=DIRECTION('',(0.,-1.,0.));
#10043=DIRECTION('',(0.,-1.,0.));
#10044=DIRECTION('center_axis',(0.,0.,1.));
#10045=DIRECTION('ref_axis',(-1.,0.,0.));
#10046=DIRECTION('',(0.,1.,0.));
#10047=DIRECTION('center_axis',(0.,-1.,0.));
#10048=DIRECTION('ref_axis',(-0.707106781186548,0.,-0.707106781186547));
#10049=DIRECTION('',(0.,1.,0.));
#10050=DIRECTION('center_axis',(0.,-1.,0.));
#10051=DIRECTION('ref_axis',(0.707106781186549,0.,0.707106781186546));
#10052=DIRECTION('',(0.,1.,0.));
#10053=DIRECTION('center_axis',(0.,-1.,0.));
#10054=DIRECTION('ref_axis',(0.707106781186546,0.,-0.707106781186549));
#10055=DIRECTION('',(0.,-1.,0.));
#10056=DIRECTION('center_axis',(0.,0.,-1.));
#10057=DIRECTION('ref_axis',(1.,0.,0.));
#10058=DIRECTION('center_axis',(0.,-1.,0.));
#10059=DIRECTION('ref_axis',(-0.707106781186545,0.,0.70710678118655));
#10060=DIRECTION('',(0.,-1.,0.));
#10061=DIRECTION('',(0.,-1.,0.));
#10062=DIRECTION('center_axis',(0.,0.,1.));
#10063=DIRECTION('ref_axis',(-1.,0.,0.));
#10064=DIRECTION('',(0.,1.,0.));
#10065=DIRECTION('center_axis',(0.,-1.,0.));
#10066=DIRECTION('ref_axis',(-0.707106781186548,0.,-0.707106781186547));
#10067=DIRECTION('',(0.,1.,0.));
#10068=DIRECTION('center_axis',(0.,-1.,0.));
#10069=DIRECTION('ref_axis',(0.707106781186549,0.,0.707106781186546));
#10070=DIRECTION('',(0.,1.,0.));
#10071=DIRECTION('center_axis',(0.,-1.,0.));
#10072=DIRECTION('ref_axis',(0.707106781186546,0.,-0.707106781186549));
#10073=DIRECTION('',(0.,-1.,0.));
#10074=DIRECTION('center_axis',(0.,0.,-1.));
#10075=DIRECTION('ref_axis',(1.,0.,0.));
#10076=DIRECTION('center_axis',(0.,-1.,0.));
#10077=DIRECTION('ref_axis',(-0.707106781186545,0.,0.70710678118655));
#10078=DIRECTION('',(0.,-1.,0.));
#10079=DIRECTION('',(0.,-1.,0.));
#10080=DIRECTION('center_axis',(0.,0.,1.));
#10081=DIRECTION('ref_axis',(-1.,0.,0.));
#10082=DIRECTION('',(0.,1.,0.));
#10083=DIRECTION('center_axis',(0.,-1.,0.));
#10084=DIRECTION('ref_axis',(-0.707106781186548,0.,-0.707106781186547));
#10085=DIRECTION('',(0.,1.,0.));
#10086=DIRECTION('center_axis',(0.,-1.,0.));
#10087=DIRECTION('ref_axis',(0.707106781186549,0.,0.707106781186546));
#10088=DIRECTION('',(0.,1.,0.));
#10089=DIRECTION('center_axis',(0.,-1.,0.));
#10090=DIRECTION('ref_axis',(0.707106781186546,0.,-0.707106781186549));
#10091=DIRECTION('',(0.,-1.,0.));
#10092=DIRECTION('center_axis',(0.,0.,-1.));
#10093=DIRECTION('ref_axis',(1.,0.,0.));
#10094=DIRECTION('center_axis',(0.,-1.,0.));
#10095=DIRECTION('ref_axis',(-0.707106781186545,0.,0.70710678118655));
#10096=DIRECTION('',(0.,-1.,0.));
#10097=DIRECTION('',(0.,-1.,0.));
#10098=DIRECTION('center_axis',(0.,0.,1.));
#10099=DIRECTION('ref_axis',(-1.,0.,0.));
#10100=DIRECTION('',(0.,1.,0.));
#10101=DIRECTION('center_axis',(0.,-1.,0.));
#10102=DIRECTION('ref_axis',(-0.707106781186548,0.,-0.707106781186547));
#10103=DIRECTION('',(0.,1.,0.));
#10104=DIRECTION('center_axis',(0.,-1.,0.));
#10105=DIRECTION('ref_axis',(0.707106781186549,0.,0.707106781186546));
#10106=DIRECTION('',(0.,1.,0.));
#10107=DIRECTION('center_axis',(0.,-1.,0.));
#10108=DIRECTION('ref_axis',(0.707106781186546,0.,-0.707106781186549));
#10109=DIRECTION('',(0.,-1.,0.));
#10110=DIRECTION('center_axis',(0.,0.,-1.));
#10111=DIRECTION('ref_axis',(1.,0.,0.));
#10112=DIRECTION('center_axis',(0.,-1.,0.));
#10113=DIRECTION('ref_axis',(-0.707106781186545,0.,0.70710678118655));
#10114=DIRECTION('',(0.,-1.,0.));
#10115=DIRECTION('',(0.,-1.,0.));
#10116=DIRECTION('center_axis',(0.,0.,1.));
#10117=DIRECTION('ref_axis',(-1.,0.,0.));
#10118=DIRECTION('',(0.,1.,0.));
#10119=DIRECTION('center_axis',(0.,-1.,0.));
#10120=DIRECTION('ref_axis',(-0.707106781186548,0.,-0.707106781186547));
#10121=DIRECTION('',(0.,1.,0.));
#10122=DIRECTION('center_axis',(0.,-1.,0.));
#10123=DIRECTION('ref_axis',(0.707106781186549,0.,0.707106781186546));
#10124=DIRECTION('',(0.,1.,0.));
#10125=DIRECTION('center_axis',(0.,-1.,0.));
#10126=DIRECTION('ref_axis',(0.707106781186546,0.,-0.707106781186549));
#10127=DIRECTION('',(0.,-1.,0.));
#10128=DIRECTION('center_axis',(0.,0.,-1.));
#10129=DIRECTION('ref_axis',(1.,0.,0.));
#10130=DIRECTION('center_axis',(0.,-1.,0.));
#10131=DIRECTION('ref_axis',(-0.707106781186545,0.,0.70710678118655));
#10132=DIRECTION('',(0.,-1.,0.));
#10133=DIRECTION('',(0.,-1.,0.));
#10134=DIRECTION('center_axis',(0.,0.,1.));
#10135=DIRECTION('ref_axis',(-1.,0.,0.));
#10136=DIRECTION('',(0.,1.,0.));
#10137=DIRECTION('center_axis',(0.,-1.,0.));
#10138=DIRECTION('ref_axis',(-0.707106781186548,0.,-0.707106781186547));
#10139=DIRECTION('',(0.,1.,0.));
#10140=DIRECTION('center_axis',(0.,-1.,0.));
#10141=DIRECTION('ref_axis',(0.707106781186549,0.,0.707106781186546));
#10142=DIRECTION('',(0.,1.,0.));
#10143=DIRECTION('center_axis',(0.,-1.,0.));
#10144=DIRECTION('ref_axis',(0.707106781186546,0.,-0.707106781186549));
#10145=DIRECTION('',(0.,-1.,0.));
#10146=DIRECTION('center_axis',(0.,0.,-1.));
#10147=DIRECTION('ref_axis',(1.,0.,0.));
#10148=DIRECTION('center_axis',(0.,-1.,0.));
#10149=DIRECTION('ref_axis',(-0.707106781186545,0.,0.70710678118655));
#10150=DIRECTION('',(0.,-1.,0.));
#10151=DIRECTION('',(0.,-1.,0.));
#10152=DIRECTION('center_axis',(0.,0.,1.));
#10153=DIRECTION('ref_axis',(-1.,0.,0.));
#10154=DIRECTION('',(0.,1.,0.));
#10155=DIRECTION('center_axis',(0.,-1.,0.));
#10156=DIRECTION('ref_axis',(-0.707106781186548,0.,-0.707106781186547));
#10157=DIRECTION('',(0.,1.,0.));
#10158=DIRECTION('center_axis',(0.,-1.,0.));
#10159=DIRECTION('ref_axis',(0.707106781186549,0.,0.707106781186546));
#10160=DIRECTION('',(0.,1.,0.));
#10161=DIRECTION('center_axis',(0.,-1.,0.));
#10162=DIRECTION('ref_axis',(0.707106781186546,0.,-0.707106781186549));
#10163=DIRECTION('',(0.,-1.,0.));
#10164=DIRECTION('center_axis',(0.,0.,-1.));
#10165=DIRECTION('ref_axis',(1.,0.,0.));
#10166=DIRECTION('center_axis',(0.,-1.,0.));
#10167=DIRECTION('ref_axis',(-0.707106781186545,0.,0.70710678118655));
#10168=DIRECTION('',(0.,-1.,0.));
#10169=DIRECTION('',(0.,-1.,0.));
#10170=DIRECTION('center_axis',(0.,0.,1.));
#10171=DIRECTION('ref_axis',(-1.,0.,0.));
#10172=DIRECTION('',(0.,1.,0.));
#10173=DIRECTION('center_axis',(0.,-1.,0.));
#10174=DIRECTION('ref_axis',(-0.707106781186548,0.,-0.707106781186547));
#10175=DIRECTION('',(0.,1.,0.));
#10176=DIRECTION('center_axis',(0.,-1.,0.));
#10177=DIRECTION('ref_axis',(0.707106781186549,0.,0.707106781186546));
#10178=DIRECTION('',(0.,1.,0.));
#10179=DIRECTION('center_axis',(0.,-1.,0.));
#10180=DIRECTION('ref_axis',(0.707106781186546,0.,-0.707106781186549));
#10181=DIRECTION('',(0.,-1.,0.));
#10182=DIRECTION('center_axis',(0.,0.,-1.));
#10183=DIRECTION('ref_axis',(1.,0.,0.));
#10184=DIRECTION('center_axis',(0.,-1.,0.));
#10185=DIRECTION('ref_axis',(-0.707106781186545,0.,0.70710678118655));
#10186=DIRECTION('',(0.,-1.,0.));
#10187=DIRECTION('',(0.,-1.,0.));
#10188=DIRECTION('center_axis',(0.,0.,1.));
#10189=DIRECTION('ref_axis',(-1.,0.,0.));
#10190=DIRECTION('',(0.,1.,0.));
#10191=DIRECTION('center_axis',(0.,-1.,0.));
#10192=DIRECTION('ref_axis',(-0.707106781186548,0.,-0.707106781186547));
#10193=DIRECTION('',(0.,1.,0.));
#10194=DIRECTION('center_axis',(0.,-1.,0.));
#10195=DIRECTION('ref_axis',(0.707106781186549,0.,0.707106781186546));
#10196=DIRECTION('',(0.,1.,0.));
#10197=DIRECTION('center_axis',(0.,-1.,0.));
#10198=DIRECTION('ref_axis',(0.707106781186546,0.,-0.707106781186549));
#10199=DIRECTION('',(0.,-1.,0.));
#10200=DIRECTION('center_axis',(0.,0.,-1.));
#10201=DIRECTION('ref_axis',(1.,0.,0.));
#10202=DIRECTION('center_axis',(0.,-1.,0.));
#10203=DIRECTION('ref_axis',(-0.707106781186545,0.,0.70710678118655));
#10204=DIRECTION('',(0.,-1.,0.));
#10205=DIRECTION('',(0.,-1.,0.));
#10206=DIRECTION('center_axis',(0.,0.,1.));
#10207=DIRECTION('ref_axis',(-1.,0.,0.));
#10208=DIRECTION('',(0.,1.,0.));
#10209=DIRECTION('center_axis',(0.,-1.,0.));
#10210=DIRECTION('ref_axis',(-0.707106781186548,0.,-0.707106781186547));
#10211=DIRECTION('',(0.,1.,0.));
#10212=DIRECTION('center_axis',(0.,-1.,0.));
#10213=DIRECTION('ref_axis',(0.707106781186549,0.,0.707106781186546));
#10214=DIRECTION('',(0.,1.,0.));
#10215=DIRECTION('center_axis',(0.,-1.,0.));
#10216=DIRECTION('ref_axis',(0.707106781186546,0.,-0.707106781186549));
#10217=DIRECTION('',(0.,-1.,0.));
#10218=DIRECTION('center_axis',(0.,0.,-1.));
#10219=DIRECTION('ref_axis',(1.,0.,0.));
#10220=DIRECTION('center_axis',(0.,-1.,0.));
#10221=DIRECTION('ref_axis',(-0.707106781186545,0.,0.70710678118655));
#10222=DIRECTION('',(0.,-1.,0.));
#10223=DIRECTION('',(0.,-1.,0.));
#10224=DIRECTION('center_axis',(0.,0.,1.));
#10225=DIRECTION('ref_axis',(-1.,0.,0.));
#10226=DIRECTION('',(0.,1.,0.));
#10227=DIRECTION('center_axis',(0.,-1.,0.));
#10228=DIRECTION('ref_axis',(-0.707106781186548,0.,-0.707106781186547));
#10229=DIRECTION('',(0.,1.,0.));
#10230=DIRECTION('center_axis',(0.,-1.,0.));
#10231=DIRECTION('ref_axis',(0.707106781186549,0.,0.707106781186546));
#10232=DIRECTION('',(0.,1.,0.));
#10233=DIRECTION('center_axis',(0.,-1.,0.));
#10234=DIRECTION('ref_axis',(0.707106781186546,0.,-0.707106781186549));
#10235=DIRECTION('',(0.,-1.,0.));
#10236=DIRECTION('center_axis',(0.,0.,-1.));
#10237=DIRECTION('ref_axis',(1.,0.,0.));
#10238=DIRECTION('center_axis',(0.,-1.,0.));
#10239=DIRECTION('ref_axis',(-0.707106781186545,0.,0.70710678118655));
#10240=DIRECTION('',(0.,-1.,0.));
#10241=DIRECTION('',(0.,-1.,0.));
#10242=DIRECTION('center_axis',(0.,0.,1.));
#10243=DIRECTION('ref_axis',(-1.,0.,0.));
#10244=DIRECTION('',(0.,1.,0.));
#10245=DIRECTION('center_axis',(0.,-1.,0.));
#10246=DIRECTION('ref_axis',(-0.707106781186548,0.,-0.707106781186547));
#10247=DIRECTION('',(0.,1.,0.));
#10248=DIRECTION('center_axis',(0.,-1.,0.));
#10249=DIRECTION('ref_axis',(0.707106781186549,0.,0.707106781186546));
#10250=DIRECTION('',(0.,1.,0.));
#10251=DIRECTION('center_axis',(0.,-1.,0.));
#10252=DIRECTION('ref_axis',(0.707106781186546,0.,-0.707106781186549));
#10253=DIRECTION('',(0.,-1.,0.));
#10254=DIRECTION('center_axis',(0.,0.,-1.));
#10255=DIRECTION('ref_axis',(1.,0.,0.));
#10256=DIRECTION('',(0.,0.,1.));
#10257=DIRECTION('',(1.,0.,0.));
#10258=DIRECTION('',(0.,0.,1.));
#10259=DIRECTION('',(1.,0.,0.));
#10260=DIRECTION('',(0.,0.,1.));
#10261=DIRECTION('',(1.,0.,0.));
#10262=DIRECTION('',(0.,0.,1.));
#10263=DIRECTION('',(1.,0.,0.));
#10264=DIRECTION('',(0.,0.,1.));
#10265=DIRECTION('',(1.,0.,0.));
#10266=DIRECTION('',(0.,0.,1.));
#10267=DIRECTION('',(1.,0.,0.));
#10268=DIRECTION('',(0.,0.,1.));
#10269=DIRECTION('',(1.,0.,0.));
#10270=DIRECTION('',(0.,0.,1.));
#10271=DIRECTION('',(1.,0.,0.));
#10272=DIRECTION('',(0.,0.,1.));
#10273=DIRECTION('',(1.,0.,0.));
#10274=CARTESIAN_POINT('',(0.,0.,0.));
#10275=CARTESIAN_POINT('',(0.,0.,0.));
#10276=CARTESIAN_POINT('Origin',(1.1,-52.,70.0000010430813));
#10277=CARTESIAN_POINT('',(2.6,-52.,70.0000010430813));
#10278=CARTESIAN_POINT('Origin',(1.1,-52.,70.0000010430813));
#10279=CARTESIAN_POINT('',(2.6,-54.5,70.0000010430813));
#10280=CARTESIAN_POINT('',(2.6,-52.,70.0000010430813));
#10281=CARTESIAN_POINT('Origin',(1.1,-54.5,70.0000010430813));
#10282=CARTESIAN_POINT('Origin',(-2.9,-57.,62.2105272247603));
#10283=CARTESIAN_POINT('',(-2.9,-54.5,76.5000010430813));
#10284=CARTESIAN_POINT('',(-2.9,-59.,76.5000010430813));
#10285=CARTESIAN_POINT('',(-2.9,-57.,76.5000010430813));
#10286=CARTESIAN_POINT('',(-2.9,-59.,77.7894748614023));
#10287=CARTESIAN_POINT('',(-2.9,-59.,77.7894748614023));
#10288=CARTESIAN_POINT('',(-2.9,-52.,77.7894748614023));
#10289=CARTESIAN_POINT('',(-2.9,-57.,77.7894748614023));
#10290=CARTESIAN_POINT('',(-2.9,-52.,62.2105272247603));
#10291=CARTESIAN_POINT('',(-2.9,-52.,77.7894748614023));
#10292=CARTESIAN_POINT('',(-2.9,-59.,62.2105272247603));
#10293=CARTESIAN_POINT('',(-2.9,-57.,62.2105272247603));
#10294=CARTESIAN_POINT('',(-2.9,-59.,63.5000010430813));
#10295=CARTESIAN_POINT('',(-2.9,-59.,77.7894748614023));
#10296=CARTESIAN_POINT('',(-2.9,-54.5,63.5000010430813));
#10297=CARTESIAN_POINT('',(-2.9,-55.75,63.5000010430813));
#10298=CARTESIAN_POINT('',(-2.9,-54.5,69.3552641339208));
#10299=CARTESIAN_POINT('Origin',(1.1,-59.,70.0000010430813));
#10300=CARTESIAN_POINT('',(3.6,-59.,63.5000010430813));
#10301=CARTESIAN_POINT('',(2.35,-59.,63.5000010430813));
#10302=CARTESIAN_POINT('',(3.6,-59.,62.2105272247603));
#10303=CARTESIAN_POINT('',(-1.4,-59.,62.2105272247603));
#10304=CARTESIAN_POINT('',(3.6,-59.,62.2105272247603));
#10305=CARTESIAN_POINT('Origin',(1.1,-59.,70.0000010430813));
#10306=CARTESIAN_POINT('',(3.6,-59.,76.5000010430813));
#10307=CARTESIAN_POINT('',(-1.4,-59.,76.5000010430813));
#10308=CARTESIAN_POINT('',(3.6,-59.,77.7894748614023));
#10309=CARTESIAN_POINT('',(3.6,-59.,62.2105272247603));
#10310=CARTESIAN_POINT('',(3.6,-59.,77.7894748614023));
#10311=CARTESIAN_POINT('Origin',(3.6,-54.5,63.5000010430813));
#10312=CARTESIAN_POINT('',(3.6,-54.5,63.5000010430813));
#10313=CARTESIAN_POINT('',(3.6,-55.75,63.5000010430813));
#10314=CARTESIAN_POINT('',(-1.4,-54.5,63.5000010430813));
#10315=CARTESIAN_POINT('Origin',(3.6,-54.5,76.5000010430813));
#10316=CARTESIAN_POINT('',(3.6,-54.5,76.5000010430813));
#10317=CARTESIAN_POINT('',(3.6,-54.5,77.1447379522418));
#10318=CARTESIAN_POINT('',(-1.4,-54.5,76.5000010430813));
#10319=CARTESIAN_POINT('Origin',(3.6,-57.,76.5000010430813));
#10320=CARTESIAN_POINT('',(3.6,-57.,76.5000010430813));
#10321=CARTESIAN_POINT('Origin',(3.6,-57.,77.7894748614023));
#10322=CARTESIAN_POINT('',(3.6,-52.,62.2105272247603));
#10323=CARTESIAN_POINT('',(3.6,-57.,62.2105272247603));
#10324=CARTESIAN_POINT('',(3.6,-52.,77.7894748614023));
#10325=CARTESIAN_POINT('',(3.6,-52.,62.2105272247603));
#10326=CARTESIAN_POINT('',(3.6,-57.,77.7894748614023));
#10327=CARTESIAN_POINT('Origin',(-1.4,-57.,77.7894748614023));
#10328=CARTESIAN_POINT('',(-1.4,-52.,77.7894748614023));
#10329=CARTESIAN_POINT('Origin',(3.6,-57.,62.2105272247603));
#10330=CARTESIAN_POINT('',(-1.4,-52.,62.2105272247603));
#10331=CARTESIAN_POINT('Origin',(1.1,-52.,70.0000010430813));
#10332=CARTESIAN_POINT('',(0.,0.,0.));
#10333=CARTESIAN_POINT('Origin',(-41.,-66.,70.0000010430813));
#10334=CARTESIAN_POINT('',(-45.,-66.,70.0000010430813));
#10335=CARTESIAN_POINT('Origin',(-41.,-66.,70.0000010430813));
#10336=CARTESIAN_POINT('',(-42.2645,-66.,70.0000010430813));
#10337=CARTESIAN_POINT('Origin',(-41.,-66.,70.0000010430813));
#10338=CARTESIAN_POINT('Origin',(-30.7,-64.5,70.0000010430813));
#10339=CARTESIAN_POINT('',(-60.,-64.5,61.2105272247603));
#10340=CARTESIAN_POINT('',(-41.,-64.5,59.2105272247603));
#10341=CARTESIAN_POINT('',(-60.,-64.5,61.2105272247603));
#10342=CARTESIAN_POINT('',(-1.4,-64.5,62.2105272247603));
#10343=CARTESIAN_POINT('',(-41.,-64.5,59.2105272247603));
#10344=CARTESIAN_POINT('',(3.6,-64.5,62.2105272247603));
#10345=CARTESIAN_POINT('',(-1.4,-64.5,62.2105272247603));
#10346=CARTESIAN_POINT('',(3.6,-64.5,77.7894748614023));
#10347=CARTESIAN_POINT('',(3.6,-64.5,62.2105272247603));
#10348=CARTESIAN_POINT('',(-1.4,-64.5,77.7894748614023));
#10349=CARTESIAN_POINT('',(-1.4,-64.5,77.7894748614023));
#10350=CARTESIAN_POINT('',(-41.,-64.5,80.7894748614023));
#10351=CARTESIAN_POINT('',(-41.,-64.5,80.7894748614023));
#10352=CARTESIAN_POINT('',(-60.,-64.5,78.7894748614023));
#10353=CARTESIAN_POINT('',(-58.,-64.5,79.0000011771917));
#10354=CARTESIAN_POINT('',(-65.,-64.5,78.7894748614023));
#10355=CARTESIAN_POINT('',(-60.,-64.5,78.7894748614023));
#10356=CARTESIAN_POINT('',(-65.,-64.5,61.2105272247603));
#10357=CARTESIAN_POINT('',(-65.,-64.5,78.7894748614023));
#10358=CARTESIAN_POINT('',(-60.,-64.5,61.2105272247603));
#10359=CARTESIAN_POINT('',(-45.,-64.5,70.0000010430813));
#10360=CARTESIAN_POINT('Origin',(-41.,-64.5,70.0000010430813));
#10361=CARTESIAN_POINT('',(1.9115,-64.5,70.0000010430813));
#10362=CARTESIAN_POINT('Origin',(1.1,-64.5,70.0000010430813));
#10363=CARTESIAN_POINT('Origin',(-60.,-57.,61.2105272247603));
#10364=CARTESIAN_POINT('',(-60.,-57.,61.2105272247603));
#10365=CARTESIAN_POINT('',(-41.,-57.,59.2105272247603));
#10366=CARTESIAN_POINT('',(-60.,-57.,61.2105272247603));
#10367=CARTESIAN_POINT('',(-41.,-57.,59.2105272247603));
#10368=CARTESIAN_POINT('',(-60.,-57.,61.2105272247603));
#10369=CARTESIAN_POINT('Origin',(-1.4,-57.,77.7894748614023));
#10370=CARTESIAN_POINT('',(-3.4,-60.,77.9409900129174));
#10371=CARTESIAN_POINT('',(-3.4,-57.,77.9409900129174));
#10372=CARTESIAN_POINT('',(-3.4,-57.,77.9409900129174));
#10373=CARTESIAN_POINT('',(-41.,-57.,80.7894748614023));
#10374=CARTESIAN_POINT('',(-41.,-57.,80.7894748614023));
#10375=CARTESIAN_POINT('',(-41.,-57.,80.7894748614023));
#10376=CARTESIAN_POINT('',(-1.4,-60.,77.7894748614023));
#10377=CARTESIAN_POINT('',(-1.4,-57.,77.7894748614023));
#10378=CARTESIAN_POINT('',(-2.39429354028761,-60.,77.8648001296059));
#10379=CARTESIAN_POINT('Origin',(-41.,-57.,80.7894748614023));
#10380=CARTESIAN_POINT('',(-60.,-57.,78.7894748614023));
#10381=CARTESIAN_POINT('',(-58.,-57.,79.0000011771917));
#10382=CARTESIAN_POINT('',(-60.,-57.,78.7894748614023));
#10383=CARTESIAN_POINT('Origin',(-30.7,-61.5,70.0000010430813));
#10384=CARTESIAN_POINT('',(-3.4,-61.5,63.8484858915661));
#10385=CARTESIAN_POINT('',(-3.4,-61.5,76.1515161945964));
#10386=CARTESIAN_POINT('',(-3.4,-61.5,70.0000010430813));
#10387=CARTESIAN_POINT('',(-41.,-61.5,61.0000010430813));
#10388=CARTESIAN_POINT('',(-3.4,-61.5,63.8484858915661));
#10389=CARTESIAN_POINT('',(-58.,-61.5,62.7894747272918));
#10390=CARTESIAN_POINT('',(-41.,-61.5,61.0000010430813));
#10391=CARTESIAN_POINT('',(-58.,-61.5,77.2105273588708));
#10392=CARTESIAN_POINT('',(-58.,-61.5,62.7894747272918));
#10393=CARTESIAN_POINT('',(-41.,-61.5,79.0000010430813));
#10394=CARTESIAN_POINT('',(-41.,-61.5,79.0000010430813));
#10395=CARTESIAN_POINT('',(-3.4,-61.5,76.1515161945964));
#10396=CARTESIAN_POINT('',(-42.2645,-61.5,70.0000010430813));
#10397=CARTESIAN_POINT('Origin',(-41.,-61.5,70.0000010430813));
#10398=CARTESIAN_POINT('Origin',(-3.4,-49.,63.8484858915661));
#10399=CARTESIAN_POINT('',(-3.4,-57.,63.8484858915661));
#10400=CARTESIAN_POINT('',(-3.4,-57.,76.1515161945964));
#10401=CARTESIAN_POINT('',(-3.4,-57.,66.9242434673237));
#10402=CARTESIAN_POINT('',(-3.4,-49.,63.8484858915661));
#10403=CARTESIAN_POINT('',(-3.4,-49.,76.1515161945964));
#10404=CARTESIAN_POINT('Origin',(-3.4,-49.,76.1515161945964));
#10405=CARTESIAN_POINT('',(-41.,-57.,79.0000010430813));
#10406=CARTESIAN_POINT('',(-16.7404245606026,-57.,77.1621544188845));
#10407=CARTESIAN_POINT('',(-41.,-49.,79.0000010430813));
#10408=CARTESIAN_POINT('Origin',(-41.,-49.,61.0000010430813));
#10409=CARTESIAN_POINT('',(-41.,-57.,61.0000010430813));
#10410=CARTESIAN_POINT('',(-35.5404245606026,-57.,61.4136052430356));
#10411=CARTESIAN_POINT('',(-41.,-49.,61.0000010430813));
#10412=CARTESIAN_POINT('Origin',(-58.,-49.,62.7894747272918));
#10413=CARTESIAN_POINT('',(-58.,-57.,62.7894747272918));
#10414=CARTESIAN_POINT('',(-44.8749315068493,-57.,61.4078885701181));
#10415=CARTESIAN_POINT('',(-58.,-49.,62.7894747272918));
#10416=CARTESIAN_POINT('Origin',(-58.,-49.,77.2105273588708));
#10417=CARTESIAN_POINT('',(-58.,-57.,77.2105273588708));
#10418=CARTESIAN_POINT('',(-58.,-57.,73.605264200976));
#10419=CARTESIAN_POINT('',(-58.,-49.,77.2105273588708));
#10420=CARTESIAN_POINT('Origin',(-41.,-49.,79.0000010430813));
#10421=CARTESIAN_POINT('',(-36.3749315068493,-57.,79.4868503581498));
#10422=CARTESIAN_POINT('Origin',(-60.,-57.,61.2105272247603));
#10423=CARTESIAN_POINT('',(-65.,-57.,61.2105272247603));
#10424=CARTESIAN_POINT('',(-65.,-57.,61.2105272247603));
#10425=CARTESIAN_POINT('',(-60.,-57.,61.2105272247603));
#10426=CARTESIAN_POINT('Origin',(-60.,-64.5,78.7894748614023));
#10427=CARTESIAN_POINT('',(-65.,-57.,78.7894748614023));
#10428=CARTESIAN_POINT('',(-60.,-57.,78.7894748614023));
#10429=CARTESIAN_POINT('',(-65.,-57.,78.7894748614023));
#10430=CARTESIAN_POINT('Origin',(-65.,-57.,74.7500010430813));
#10431=CARTESIAN_POINT('',(-57.,-49.5,74.7500010430813));
#10432=CARTESIAN_POINT('',(-65.,-49.5,74.7500010430813));
#10433=CARTESIAN_POINT('',(-64.,-49.5,74.7500010430813));
#10434=CARTESIAN_POINT('',(-65.,-57.,74.7500010430813));
#10435=CARTESIAN_POINT('',(-65.,-57.,74.7500010430813));
#10436=CARTESIAN_POINT('',(-61.,-57.,74.7500010430813));
#10437=CARTESIAN_POINT('',(-47.85,-57.,74.7500010430813));
#10438=CARTESIAN_POINT('',(-61.,-51.7,74.7500010430813));
#10439=CARTESIAN_POINT('',(-61.,-57.,74.7500010430813));
#10440=CARTESIAN_POINT('',(-57.,-51.7,74.7500010430813));
#10441=CARTESIAN_POINT('',(-61.,-51.7,74.7500010430813));
#10442=CARTESIAN_POINT('',(-57.,-48.5,74.7500010430813));
#10443=CARTESIAN_POINT('Origin',(-61.,-57.,74.7500010430813));
#10444=CARTESIAN_POINT('',(-61.,-51.7,65.2500010430813));
#10445=CARTESIAN_POINT('',(-61.,-51.7,74.7500010430813));
#10446=CARTESIAN_POINT('',(-61.,-57.,65.2500010430813));
#10447=CARTESIAN_POINT('',(-61.,-57.,72.3750010430813));
#10448=CARTESIAN_POINT('',(-61.,-57.,65.2500010430813));
#10449=CARTESIAN_POINT('Origin',(-57.,-50.1,70.0000010430813));
#10450=CARTESIAN_POINT('',(-57.,-49.5,65.2500010430813));
#10451=CARTESIAN_POINT('',(-57.,-49.5,70.0000010430813));
#10452=CARTESIAN_POINT('',(-57.,-51.7,65.2500010430813));
#10453=CARTESIAN_POINT('',(-57.,-51.7,74.7500010430813));
#10454=CARTESIAN_POINT('',(-57.,-51.7,65.2500010430813));
#10455=CARTESIAN_POINT('Origin',(-61.,-51.7,74.7500010430813));
#10456=CARTESIAN_POINT('',(-61.,-51.7,65.2500010430813));
#10457=CARTESIAN_POINT('Origin',(-61.,-57.,65.2500010430813));
#10458=CARTESIAN_POINT('',(-65.,-49.5,65.2500010430813));
#10459=CARTESIAN_POINT('',(-62.,-49.5,65.2500010430813));
#10460=CARTESIAN_POINT('',(-65.,-57.,65.2500010430813));
#10461=CARTESIAN_POINT('',(-45.85,-57.,65.2500010430813));
#10462=CARTESIAN_POINT('',(-65.,-57.,65.2500010430813));
#10463=CARTESIAN_POINT('Origin',(-65.,-57.,78.7894748614023));
#10464=CARTESIAN_POINT('',(-65.,-49.5,74.3947379522418));
#10465=CARTESIAN_POINT('',(-65.,-57.,78.7894748614023));
#10466=CARTESIAN_POINT('',(-65.,-57.,78.7894748614023));
#10467=CARTESIAN_POINT('Origin',(-63.,-49.5,70.0000010430813));
#10468=CARTESIAN_POINT('Origin',(-1.4,-57.,77.7894748614023));
#10469=CARTESIAN_POINT('',(3.6,-60.,77.7894748614023));
#10470=CARTESIAN_POINT('',(-0.150000000000001,-60.,77.7894748614023));
#10471=CARTESIAN_POINT('',(3.6,-57.,77.7894748614023));
#10472=CARTESIAN_POINT('Origin',(3.6,-57.,62.2105272247603));
#10473=CARTESIAN_POINT('',(3.6,-60.,62.2105272247603));
#10474=CARTESIAN_POINT('',(3.6,-60.,63.5105272247603));
#10475=CARTESIAN_POINT('',(3.6,-60.,62.5355272247603));
#10476=CARTESIAN_POINT('',(3.6,-57.,63.5105272247603));
#10477=CARTESIAN_POINT('',(3.6,-57.,63.5105272247603));
#10478=CARTESIAN_POINT('',(3.6,-57.,76.4894748614023));
#10479=CARTESIAN_POINT('',(3.6,-57.,62.2105272247603));
#10480=CARTESIAN_POINT('',(3.6,-60.,76.4894748614023));
#10481=CARTESIAN_POINT('',(3.6,-57.,76.4894748614022));
#10482=CARTESIAN_POINT('',(3.6,-60.,69.6750010430813));
#10483=CARTESIAN_POINT('',(3.6,-57.,62.2105272247603));
#10484=CARTESIAN_POINT('Origin',(-1.4,-64.5,62.2105272247603));
#10485=CARTESIAN_POINT('',(-1.4,-60.,62.2105272247603));
#10486=CARTESIAN_POINT('',(-0.150000000000001,-60.,62.2105272247603));
#10487=CARTESIAN_POINT('',(-1.4,-57.,62.2105272247603));
#10488=CARTESIAN_POINT('Origin',(1.1,-60.,77.1394748614022));
#10489=CARTESIAN_POINT('',(-3.4,-60.,76.4894748614023));
#10490=CARTESIAN_POINT('',(-1.4,-60.,76.4894748614023));
#10491=CARTESIAN_POINT('',(-3.4,-60.,77.7894748614023));
#10492=CARTESIAN_POINT('Origin',(-1.4,-57.,76.4894748614023));
#10493=CARTESIAN_POINT('',(-3.4,-57.,76.4894748614023));
#10494=CARTESIAN_POINT('',(-16.05,-57.,76.4894748614023));
#10495=CARTESIAN_POINT('',(-3.4,-57.,76.4894748614023));
#10496=CARTESIAN_POINT('Origin',(1.1,-60.,62.8605272247603));
#10497=CARTESIAN_POINT('',(-3.4,-60.,62.0590120732452));
#10498=CARTESIAN_POINT('',(-21.2,-60.,60.7105272247603));
#10499=CARTESIAN_POINT('',(-3.4,-60.,63.5105272247603));
#10500=CARTESIAN_POINT('',(-3.4,-60.,62.2105272247603));
#10501=CARTESIAN_POINT('',(-1.4,-60.,63.5105272247603));
#10502=CARTESIAN_POINT('Origin',(3.6,-57.,63.5105272247603));
#10503=CARTESIAN_POINT('',(-3.4,-57.,63.5105272247603));
#10504=CARTESIAN_POINT('',(-16.05,-57.,63.5105272247603));
#10505=CARTESIAN_POINT('',(-3.4,-57.,63.5105272247603));
#10506=CARTESIAN_POINT('Origin',(-3.4,-57.,77.7894748614023));
#10507=CARTESIAN_POINT('',(-3.4,-57.,73.8947379522418));
#10508=CARTESIAN_POINT('Origin',(-30.7,-57.,70.0000010430813));
#10509=CARTESIAN_POINT('',(-3.4,-57.,62.0590120732452));
#10510=CARTESIAN_POINT('',(-3.4,-57.,66.1052641339208));
#10511=CARTESIAN_POINT('',(-41.,-57.,59.2105272247603));
#10512=CARTESIAN_POINT('',(1.9115,-57.,70.0000010430813));
#10513=CARTESIAN_POINT('Origin',(1.1,-57.,70.0000010430813));
#10514=CARTESIAN_POINT('Origin',(-3.4,-57.,63.5105272247603));
#10515=CARTESIAN_POINT('',(-3.4,-58.5,62.0590120732452));
#10516=CARTESIAN_POINT('Origin',(-41.,-57.,59.2105272247603));
#10517=CARTESIAN_POINT('Origin',(1.1,-57.,70.0000010430813));
#10518=CARTESIAN_POINT('',(1.9115,-57.,70.0000010430813));
#10519=CARTESIAN_POINT('Origin',(-41.,-64.5,70.0000010430813));
#10520=CARTESIAN_POINT('',(-45.,-64.5,70.0000010430813));
#10521=CARTESIAN_POINT('Origin',(-41.,-68.8,70.0000010430813));
#10522=CARTESIAN_POINT('',(-42.2645,-68.8,70.0000010430813));
#10523=CARTESIAN_POINT('',(0.,0.,0.));
#10524=CARTESIAN_POINT('',(0.,0.,0.));
#10525=CARTESIAN_POINT('Origin',(-145.047342263484,-26.4076919230451,0.));
#10526=CARTESIAN_POINT('',(-146.047342263484,-26.4076919230451,0.));
#10527=CARTESIAN_POINT('',(-145.047342263484,-27.4076919230451,0.));
#10528=CARTESIAN_POINT('Origin',(-145.047342263484,-26.4076919230451,0.));
#10529=CARTESIAN_POINT('',(-145.047342263484,-27.4076919230451,62.5));
#10530=CARTESIAN_POINT('',(-145.047342263484,-27.4076919230451,0.));
#10531=CARTESIAN_POINT('',(-146.047342263484,-26.4076919230451,62.5));
#10532=CARTESIAN_POINT('Origin',(-145.047342263484,-26.4076919230451,62.5));
#10533=CARTESIAN_POINT('',(-146.047342263484,-26.4076919230451,0.));
#10534=CARTESIAN_POINT('Origin',(-141.047342263484,-26.4076919230451,62.5));
#10535=CARTESIAN_POINT('',(-141.047342263484,-27.4076919230451,66.5));
#10536=CARTESIAN_POINT('',(-141.047342263484,-26.4076919230451,67.5));
#10537=CARTESIAN_POINT('Origin',(-141.047342263484,-26.4076919230451,66.5));
#10538=CARTESIAN_POINT('Origin',(-141.047342263484,-26.4076919230451,62.5));
#10539=CARTESIAN_POINT('Origin',(-141.047342263484,-27.4076919230451,62.5));
#10540=CARTESIAN_POINT('Origin',(-139.547342263484,-26.4076919230451,66.5));
#10541=CARTESIAN_POINT('',(-125.047342263484,-27.4076919230451,66.5));
#10542=CARTESIAN_POINT('',(-125.047342263484,-26.4076919230451,67.5));
#10543=CARTESIAN_POINT('Origin',(-125.047342263484,-26.4076919230451,66.5));
#10544=CARTESIAN_POINT('',(-139.547342263484,-26.4076919230451,67.5));
#10545=CARTESIAN_POINT('',(-139.547342263484,-27.4076919230451,66.5));
#10546=CARTESIAN_POINT('Origin',(-125.047342263484,-26.4076919230451,62.5));
#10547=CARTESIAN_POINT('',(-121.047342263484,-27.4076919230451,62.5));
#10548=CARTESIAN_POINT('',(-120.047342263484,-26.4076919230451,62.5));
#10549=CARTESIAN_POINT('Origin',(-121.047342263484,-26.4076919230451,62.5));
#10550=CARTESIAN_POINT('Origin',(-125.047342263484,-26.4076919230451,62.5));
#10551=CARTESIAN_POINT('Origin',(-125.047342263484,-27.4076919230451,62.5));
#10552=CARTESIAN_POINT('Origin',(-121.047342263484,-26.4076919230451,0.));
#10553=CARTESIAN_POINT('',(-121.047342263484,-27.4076919230451,0.));
#10554=CARTESIAN_POINT('',(-120.047342263484,-26.4076919230451,0.));
#10555=CARTESIAN_POINT('Origin',(-121.047342263484,-26.4076919230451,0.));
#10556=CARTESIAN_POINT('',(-120.047342263484,-26.4076919230451,0.));
#10557=CARTESIAN_POINT('',(-121.047342263484,-27.4076919230451,0.));
#10558=CARTESIAN_POINT('Origin',(-146.047342263484,-27.4076919230451,0.));
#10559=CARTESIAN_POINT('',(-120.047342263484,-27.4076919230451,0.));
#10560=CARTESIAN_POINT('Origin',(-146.047342263484,-17.4076919230451,0.));
#10561=CARTESIAN_POINT('',(-146.047342263484,-18.4076919230451,62.5));
#10562=CARTESIAN_POINT('',(-146.047342263484,-19.9076919230451,62.5));
#10563=CARTESIAN_POINT('',(-146.047342263484,-18.4076919230451,0.));
#10564=CARTESIAN_POINT('',(-146.047342263484,-18.4076919230451,0.));
#10565=CARTESIAN_POINT('',(-146.047342263484,-27.4076919230451,0.));
#10566=CARTESIAN_POINT('Origin',(-121.047342263484,-18.4076919230451,0.));
#10567=CARTESIAN_POINT('',(-120.047342263484,-18.4076919230451,0.));
#10568=CARTESIAN_POINT('',(-121.047342263484,-17.4076919230451,0.));
#10569=CARTESIAN_POINT('Origin',(-121.047342263484,-18.4076919230451,0.));
#10570=CARTESIAN_POINT('',(-121.047342263484,-17.4076919230451,62.5));
#10571=CARTESIAN_POINT('',(-121.047342263484,-17.4076919230451,0.));
#10572=CARTESIAN_POINT('',(-120.047342263484,-18.4076919230451,62.5));
#10573=CARTESIAN_POINT('Origin',(-121.047342263484,-18.4076919230451,62.5));
#10574=CARTESIAN_POINT('',(-120.047342263484,-18.4076919230451,0.));
#10575=CARTESIAN_POINT('Origin',(-125.047342263484,-18.4076919230451,62.5));
#10576=CARTESIAN_POINT('',(-125.047342263484,-17.4076919230451,66.5));
#10577=CARTESIAN_POINT('',(-125.047342263484,-18.4076919230451,67.5));
#10578=CARTESIAN_POINT('Origin',(-125.047342263484,-18.4076919230451,66.5));
#10579=CARTESIAN_POINT('Origin',(-125.047342263484,-18.4076919230451,62.5));
#10580=CARTESIAN_POINT('Origin',(-125.047342263484,-17.4076919230451,62.5));
#10581=CARTESIAN_POINT('Origin',(-126.547342263484,-18.4076919230451,66.5));
#10582=CARTESIAN_POINT('',(-141.047342263484,-17.4076919230451,66.5));
#10583=CARTESIAN_POINT('',(-141.047342263484,-18.4076919230451,67.5));
#10584=CARTESIAN_POINT('Origin',(-141.047342263484,-18.4076919230451,66.5));
#10585=CARTESIAN_POINT('',(-126.547342263484,-18.4076919230451,67.5));
#10586=CARTESIAN_POINT('',(-126.547342263484,-17.4076919230451,66.5));
#10587=CARTESIAN_POINT('Origin',(-141.047342263484,-18.4076919230451,62.5));
#10588=CARTESIAN_POINT('',(-145.047342263484,-17.4076919230451,62.5));
#10589=CARTESIAN_POINT('Origin',(-145.047342263484,-18.4076919230451,62.5));
#10590=CARTESIAN_POINT('Origin',(-141.047342263484,-18.4076919230451,62.5));
#10591=CARTESIAN_POINT('Origin',(-141.047342263484,-17.4076919230451,62.5));
#10592=CARTESIAN_POINT('Origin',(-145.047342263484,-18.4076919230451,0.));
#10593=CARTESIAN_POINT('',(-145.047342263484,-17.4076919230451,0.));
#10594=CARTESIAN_POINT('Origin',(-145.047342263484,-18.4076919230451,0.));
#10595=CARTESIAN_POINT('',(-145.047342263484,-17.4076919230451,0.));
#10596=CARTESIAN_POINT('Origin',(-120.047342263484,-17.4076919230451,0.));
#10597=CARTESIAN_POINT('',(-146.047342263484,-17.4076919230451,0.));
#10598=CARTESIAN_POINT('Origin',(-120.047342263484,-27.4076919230451,0.));
#10599=CARTESIAN_POINT('',(-120.047342263484,-17.4076919230451,0.));
#10600=CARTESIAN_POINT('',(-120.047342263484,-24.9076919230451,62.5));
#10601=CARTESIAN_POINT('Origin',(-141.047342263484,-19.9076919230451,62.5));
#10602=CARTESIAN_POINT('',(-141.047342263484,-19.9076919230451,67.5));
#10603=CARTESIAN_POINT('Origin',(-133.047342263484,-22.4076919230451,67.5));
#10604=CARTESIAN_POINT('',(-125.047342263484,-24.9076919230451,67.5));
#10605=CARTESIAN_POINT('Origin',(-125.047342263484,-24.9076919230451,62.5));
#10606=CARTESIAN_POINT('Origin',(-138.547342263484,-23.6576919230451,60.));
#10607=CARTESIAN_POINT('',(-138.547342263484,-19.9076919230451,65.));
#10608=CARTESIAN_POINT('',(-143.547342263484,-19.9076919230451,60.));
#10609=CARTESIAN_POINT('Origin',(-138.547342263484,-19.9076919230451,60.));
#10610=CARTESIAN_POINT('',(-138.547342263484,-24.9076919230451,65.));
#10611=CARTESIAN_POINT('',(-138.547342263484,-23.6576919230451,65.));
#10612=CARTESIAN_POINT('',(-143.547342263484,-24.9076919230451,60.));
#10613=CARTESIAN_POINT('Origin',(-138.547342263484,-24.9076919230451,60.));
#10614=CARTESIAN_POINT('',(-143.547342263484,-23.6576919230451,60.));
#10615=CARTESIAN_POINT('Origin',(-122.547342263484,-24.9076919230451,0.));
#10616=CARTESIAN_POINT('',(-127.547342263484,-24.9076919230451,65.));
#10617=CARTESIAN_POINT('',(-122.547342263484,-24.9076919230451,65.));
#10618=CARTESIAN_POINT('',(-122.547342263484,-24.9076919230451,60.));
#10619=CARTESIAN_POINT('Origin',(-127.547342263484,-24.9076919230451,60.));
#10620=CARTESIAN_POINT('',(-122.547342263484,-24.9076919230451,0.));
#10621=CARTESIAN_POINT('',(-122.547342263484,-24.9076919230451,0.));
#10622=CARTESIAN_POINT('',(-143.547342263484,-24.9076919230451,0.));
#10623=CARTESIAN_POINT('',(-122.547342263484,-24.9076919230451,0.));
#10624=CARTESIAN_POINT('',(-143.547342263484,-24.9076919230451,0.));
#10625=CARTESIAN_POINT('Origin',(-133.047342263484,-22.4076919230451,65.));
#10626=CARTESIAN_POINT('',(-127.547342263484,-19.9076919230451,65.));
#10627=CARTESIAN_POINT('',(-143.547342263484,-19.9076919230451,65.));
#10628=CARTESIAN_POINT('',(-127.547342263484,-21.1576919230451,65.));
#10629=CARTESIAN_POINT('Origin',(-127.547342263484,-21.1576919230451,60.));
#10630=CARTESIAN_POINT('',(-122.547342263484,-19.9076919230451,60.));
#10631=CARTESIAN_POINT('Origin',(-127.547342263484,-19.9076919230451,60.));
#10632=CARTESIAN_POINT('',(-122.547342263484,-21.1576919230451,60.));
#10633=CARTESIAN_POINT('Origin',(-143.547342263484,-19.9076919230451,0.));
#10634=CARTESIAN_POINT('',(-143.547342263484,-19.9076919230451,0.));
#10635=CARTESIAN_POINT('',(-143.547342263484,-19.9076919230451,0.));
#10636=CARTESIAN_POINT('',(-122.547342263484,-19.9076919230451,0.));
#10637=CARTESIAN_POINT('',(-143.547342263484,-19.9076919230451,0.));
#10638=CARTESIAN_POINT('',(-122.547342263484,-19.9076919230451,0.));
#10639=CARTESIAN_POINT('Origin',(-143.547342263484,-24.9076919230451,0.));
#10640=CARTESIAN_POINT('',(-143.547342263484,-24.9076919230451,0.));
#10641=CARTESIAN_POINT('Origin',(-122.547342263484,-19.9076919230451,0.));
#10642=CARTESIAN_POINT('',(-122.547342263484,-19.9076919230451,0.));
#10643=CARTESIAN_POINT('Origin',(-133.047342263484,-22.4076919230451,0.));
#10644=CARTESIAN_POINT('',(0.,0.,0.));
#10645=CARTESIAN_POINT('Ctrl Pts',(-40.,182.898180242017,22.5920198415325));
#10646=CARTESIAN_POINT('Ctrl Pts',(-45.,182.898180242017,22.5920198415325));
#10647=CARTESIAN_POINT('Ctrl Pts',(-45.,183.494394145419,17.5920198415325));
#10648=CARTESIAN_POINT('Ctrl Pts',(-40.,181.90521473391,22.473615873226));
#10649=CARTESIAN_POINT('Ctrl Pts',(-45.,181.90521473391,22.473615873226));
#10650=CARTESIAN_POINT('Ctrl Pts',(-45.,182.501428637313,17.473615873226));
#10651=CARTESIAN_POINT('',(-40.,182.898180242017,22.5920198415325));
#10652=CARTESIAN_POINT('',(-45.,183.494394145419,17.5920198415325));
#10653=CARTESIAN_POINT('Origin',(-40.,183.494394145419,17.5920198415325));
#10654=CARTESIAN_POINT('',(-40.,181.90521473391,22.473615873226));
#10655=CARTESIAN_POINT('',(-40.,182.898180242017,22.5920198415325));
#10656=CARTESIAN_POINT('',(-45.,182.501428637313,17.473615873226));
#10657=CARTESIAN_POINT('Origin',(-40.,182.501428637313,17.473615873226));
#10658=CARTESIAN_POINT('',(-45.,183.494394145419,17.5920198415325));
#10659=CARTESIAN_POINT('Origin',(10.,182.898180242017,22.5920198415325));
#10660=CARTESIAN_POINT('',(10.,182.898180242017,22.5920198415325));
#10661=CARTESIAN_POINT('',(-15.,182.898180242017,22.5920198415325));
#10662=CARTESIAN_POINT('',(10.,181.90521473391,22.473615873226));
#10663=CARTESIAN_POINT('',(10.,182.898180242017,22.5920198415325));
#10664=CARTESIAN_POINT('',(-15.,181.90521473391,22.473615873226));
#10665=CARTESIAN_POINT('Ctrl Pts',(15.,183.494394145419,17.5920198415325));
#10666=CARTESIAN_POINT('Ctrl Pts',(15.,182.898180242017,22.5920198415325));
#10667=CARTESIAN_POINT('Ctrl Pts',(10.,182.898180242017,22.5920198415325));
#10668=CARTESIAN_POINT('Ctrl Pts',(15.,182.501428637313,17.473615873226));
#10669=CARTESIAN_POINT('Ctrl Pts',(15.,181.90521473391,22.473615873226));
#10670=CARTESIAN_POINT('Ctrl Pts',(10.,181.90521473391,22.473615873226));
#10671=CARTESIAN_POINT('',(15.,183.494394145419,17.5920198415325));
#10672=CARTESIAN_POINT('Origin',(10.,183.494394145419,17.5920198415325));
#10673=CARTESIAN_POINT('',(15.,182.501428637313,17.473615873226));
#10674=CARTESIAN_POINT('',(15.,183.494394145419,17.5920198415325));
#10675=CARTESIAN_POINT('Origin',(10.,182.501428637313,17.473615873226));
#10676=CARTESIAN_POINT('Origin',(15.,186.236978101072,-5.40798015846749));
#10677=CARTESIAN_POINT('',(15.,186.236978101072,-5.40798015846749));
#10678=CARTESIAN_POINT('',(15.,184.83202728704,6.37429132173232));
#10679=CARTESIAN_POINT('',(15.,185.244012592966,-5.52638412677399));
#10680=CARTESIAN_POINT('',(15.,186.236978101072,-5.40798015846749));
#10681=CARTESIAN_POINT('',(15.,183.839061778933,6.25588735342582));
#10682=CARTESIAN_POINT('Ctrl Pts',(10.,186.833192004475,-10.4079801584675));
#10683=CARTESIAN_POINT('Ctrl Pts',(15.,186.833192004475,-10.4079801584675));
#10684=CARTESIAN_POINT('Ctrl Pts',(15.,186.236978101072,-5.4079801584675));
#10685=CARTESIAN_POINT('Ctrl Pts',(10.,185.840226496368,-10.526384126774));
#10686=CARTESIAN_POINT('Ctrl Pts',(15.,185.840226496368,-10.526384126774));
#10687=CARTESIAN_POINT('Ctrl Pts',(15.,185.244012592966,-5.526384126774));
#10688=CARTESIAN_POINT('',(10.,186.833192004475,-10.4079801584675));
#10689=CARTESIAN_POINT('Origin',(10.,186.236978101072,-5.40798015846749));
#10690=CARTESIAN_POINT('',(10.,185.840226496368,-10.526384126774));
#10691=CARTESIAN_POINT('',(10.,186.833192004475,-10.4079801584675));
#10692=CARTESIAN_POINT('Origin',(10.,185.244012592966,-5.526384126774));
#10693=CARTESIAN_POINT('Origin',(-40.,186.833192004475,-10.4079801584675));
#10694=CARTESIAN_POINT('',(-40.,186.833192004475,-10.4079801584675));
#10695=CARTESIAN_POINT('',(20.,186.833192004475,-10.4079801584675));
#10696=CARTESIAN_POINT('',(-40.,185.840226496368,-10.526384126774));
#10697=CARTESIAN_POINT('',(-40.,186.833192004475,-10.4079801584675));
#10698=CARTESIAN_POINT('',(20.,185.840226496368,-10.526384126774));
#10699=CARTESIAN_POINT('Ctrl Pts',(-45.,186.236978101072,-5.40798015846749));
#10700=CARTESIAN_POINT('Ctrl Pts',(-45.,186.833192004475,-10.4079801584675));
#10701=CARTESIAN_POINT('Ctrl Pts',(-40.,186.833192004475,-10.4079801584675));
#10702=CARTESIAN_POINT('Ctrl Pts',(-45.,185.244012592966,-5.526384126774));
#10703=CARTESIAN_POINT('Ctrl Pts',(-45.,185.840226496368,-10.526384126774));
#10704=CARTESIAN_POINT('Ctrl Pts',(-40.,185.840226496368,-10.526384126774));
#10705=CARTESIAN_POINT('',(-45.,186.236978101072,-5.40798015846749));
#10706=CARTESIAN_POINT('Origin',(-40.,186.236978101072,-5.40798015846749));
#10707=CARTESIAN_POINT('',(-45.,185.244012592966,-5.52638412677399));
#10708=CARTESIAN_POINT('',(-45.,186.236978101072,-5.40798015846749));
#10709=CARTESIAN_POINT('Origin',(-40.,185.244012592966,-5.52638412677399));
#10710=CARTESIAN_POINT('Origin',(-45.,183.494394145419,17.5920198415325));
#10711=CARTESIAN_POINT('',(-45.,187.359805002893,-14.824289434487));
#10712=CARTESIAN_POINT('',(-45.,186.366839494786,-14.9426934027935));
#10713=CARTESIAN_POINT('Origin',(20.,186.507034491893,-16.1184039683065));
#10714=CARTESIAN_POINT('Ctrl Pts',(-45.,167.5,17.));
#10715=CARTESIAN_POINT('Ctrl Pts',(-45.,167.5,22.));
#10716=CARTESIAN_POINT('Ctrl Pts',(-40.,167.5,22.));
#10717=CARTESIAN_POINT('Ctrl Pts',(-50.,167.5,17.));
#10718=CARTESIAN_POINT('Ctrl Pts',(-50.,167.5,27.));
#10719=CARTESIAN_POINT('Ctrl Pts',(-40.,167.5,27.));
#10720=CARTESIAN_POINT('Ctrl Pts',(-50.,172.5,17.));
#10721=CARTESIAN_POINT('Ctrl Pts',(-50.,172.5,27.));
#10722=CARTESIAN_POINT('Ctrl Pts',(-40.,172.5,27.));
#10723=CARTESIAN_POINT('',(-50.,172.5,17.));
#10724=CARTESIAN_POINT('',(-45.,167.5,17.));
#10725=CARTESIAN_POINT('Origin',(-45.,172.5,17.));
#10726=CARTESIAN_POINT('',(-40.,167.5,22.));
#10727=CARTESIAN_POINT('Origin',(-40.,167.5,17.));
#10728=CARTESIAN_POINT('',(-40.,172.5,27.));
#10729=CARTESIAN_POINT('Origin',(-40.,172.5,22.));
#10730=CARTESIAN_POINT('Origin',(-40.,172.5,17.));
#10731=CARTESIAN_POINT('Origin',(-32.5,172.5,22.));
#10732=CARTESIAN_POINT('',(10.,167.5,22.));
#10733=CARTESIAN_POINT('',(10.,172.5,27.));
#10734=CARTESIAN_POINT('Origin',(10.,172.5,22.));
#10735=CARTESIAN_POINT('',(-32.5,172.5,27.));
#10736=CARTESIAN_POINT('',(-32.5,167.5,22.));
#10737=CARTESIAN_POINT('Ctrl Pts',(10.,167.5,22.));
#10738=CARTESIAN_POINT('Ctrl Pts',(15.,167.5,22.));
#10739=CARTESIAN_POINT('Ctrl Pts',(15.,167.5,17.));
#10740=CARTESIAN_POINT('Ctrl Pts',(10.,167.5,27.));
#10741=CARTESIAN_POINT('Ctrl Pts',(20.,167.5,27.));
#10742=CARTESIAN_POINT('Ctrl Pts',(20.,167.5,17.));
#10743=CARTESIAN_POINT('Ctrl Pts',(10.,172.5,27.));
#10744=CARTESIAN_POINT('Ctrl Pts',(20.,172.5,27.));
#10745=CARTESIAN_POINT('Ctrl Pts',(20.,172.5,17.));
#10746=CARTESIAN_POINT('',(15.,167.5,17.));
#10747=CARTESIAN_POINT('',(20.,172.5,17.));
#10748=CARTESIAN_POINT('Origin',(15.,172.5,17.));
#10749=CARTESIAN_POINT('Origin',(10.,172.5,17.));
#10750=CARTESIAN_POINT('Origin',(10.,167.5,17.));
#10751=CARTESIAN_POINT('Origin',(15.,172.5,16.25));
#10752=CARTESIAN_POINT('',(15.,167.5,-6.));
#10753=CARTESIAN_POINT('',(20.,172.5,-6.));
#10754=CARTESIAN_POINT('Origin',(15.,172.5,-6.));
#10755=CARTESIAN_POINT('',(20.,172.5,16.25));
#10756=CARTESIAN_POINT('',(15.,167.5,16.25));
#10757=CARTESIAN_POINT('Ctrl Pts',(15.,167.5,-6.));
#10758=CARTESIAN_POINT('Ctrl Pts',(15.,167.5,-11.));
#10759=CARTESIAN_POINT('Ctrl Pts',(10.,167.5,-11.));
#10760=CARTESIAN_POINT('Ctrl Pts',(20.,167.5,-6.));
#10761=CARTESIAN_POINT('Ctrl Pts',(20.,167.5,-16.));
#10762=CARTESIAN_POINT('Ctrl Pts',(10.,167.5,-16.));
#10763=CARTESIAN_POINT('Ctrl Pts',(20.,172.5,-6.));
#10764=CARTESIAN_POINT('Ctrl Pts',(20.,172.5,-16.));
#10765=CARTESIAN_POINT('Ctrl Pts',(10.,172.5,-16.));
#10766=CARTESIAN_POINT('',(10.,167.5,-11.));
#10767=CARTESIAN_POINT('',(10.,172.5,-16.));
#10768=CARTESIAN_POINT('Origin',(10.,172.5,-11.));
#10769=CARTESIAN_POINT('Origin',(10.,172.5,-6.));
#10770=CARTESIAN_POINT('Origin',(10.,167.5,-6.));
#10771=CARTESIAN_POINT('Origin',(2.5,172.5,-11.));
#10772=CARTESIAN_POINT('',(-40.,167.5,-11.));
#10773=CARTESIAN_POINT('',(-40.,172.5,-16.));
#10774=CARTESIAN_POINT('Origin',(-40.,172.5,-11.));
#10775=CARTESIAN_POINT('',(2.5,172.5,-16.));
#10776=CARTESIAN_POINT('',(2.5,167.5,-11.));
#10777=CARTESIAN_POINT('Ctrl Pts',(-40.,167.5,-11.));
#10778=CARTESIAN_POINT('Ctrl Pts',(-45.,167.5,-11.));
#10779=CARTESIAN_POINT('Ctrl Pts',(-45.,167.5,-6.));
#10780=CARTESIAN_POINT('Ctrl Pts',(-40.,167.5,-16.));
#10781=CARTESIAN_POINT('Ctrl Pts',(-50.,167.5,-16.));
#10782=CARTESIAN_POINT('Ctrl Pts',(-50.,167.5,-6.));
#10783=CARTESIAN_POINT('Ctrl Pts',(-40.,172.5,-16.));
#10784=CARTESIAN_POINT('Ctrl Pts',(-50.,172.5,-16.));
#10785=CARTESIAN_POINT('Ctrl Pts',(-50.,172.5,-6.));
#10786=CARTESIAN_POINT('',(-45.,167.5,-6.));
#10787=CARTESIAN_POINT('',(-50.,172.5,-6.));
#10788=CARTESIAN_POINT('Origin',(-45.,172.5,-6.));
#10789=CARTESIAN_POINT('Origin',(-40.,172.5,-6.));
#10790=CARTESIAN_POINT('Origin',(-40.,167.5,-6.));
#10791=CARTESIAN_POINT('Origin',(-45.,172.5,-5.25));
#10792=CARTESIAN_POINT('',(-45.,167.5,-5.25));
#10793=CARTESIAN_POINT('',(-50.,172.5,-5.25));
#10794=CARTESIAN_POINT('Origin',(20.,167.5,-16.));
#10795=CARTESIAN_POINT('',(-40.,181.868364463942,-16.));
#10796=CARTESIAN_POINT('',(-40.,167.5,-16.));
#10797=CARTESIAN_POINT('',(10.,181.868364463942,-16.));
#10798=CARTESIAN_POINT('',(20.,181.868364463942,-16.));
#10799=CARTESIAN_POINT('',(10.,167.5,-16.));
#10800=CARTESIAN_POINT('Origin',(-40.,167.5,-6.));
#10801=CARTESIAN_POINT('',(-50.,181.272150560539,-6.));
#10802=CARTESIAN_POINT('',(-50.,167.5,-6.));
#10803=CARTESIAN_POINT('Origin',(-40.,181.272150560539,-6.));
#10804=CARTESIAN_POINT('Origin',(-50.,167.5,-16.));
#10805=CARTESIAN_POINT('',(-50.,178.529566604887,17.));
#10806=CARTESIAN_POINT('',(-50.,167.5,17.));
#10807=CARTESIAN_POINT('',(-50.,182.39497746236,-15.4163092760195));
#10808=CARTESIAN_POINT('Origin',(-40.,167.5,17.));
#10809=CARTESIAN_POINT('',(-40.,177.933352701484,27.));
#10810=CARTESIAN_POINT('',(-40.,167.5,27.));
#10811=CARTESIAN_POINT('Origin',(-40.,178.529566604887,17.));
#10812=CARTESIAN_POINT('Origin',(-15.,167.5,5.5));
#10813=CARTESIAN_POINT('',(-27.9999994412065,167.5,10.999999910593));
#10814=CARTESIAN_POINT('',(-1.99999944120645,167.5,10.999999910593));
#10815=CARTESIAN_POINT('',(-8.49999972060323,167.5,10.999999910593));
#10816=CARTESIAN_POINT('',(-1.99999944120645,167.5,0.999999910593032));
#10817=CARTESIAN_POINT('',(-1.99999944120645,167.5,3.24999995529652));
#10818=CARTESIAN_POINT('',(-27.9999994412065,167.5,0.999999910593032));
#10819=CARTESIAN_POINT('',(-21.4999997206032,167.5,0.999999910593032));
#10820=CARTESIAN_POINT('',(-27.9999994412065,167.5,8.24999995529652));
#10821=CARTESIAN_POINT('Origin',(-45.,182.39497746236,-15.4163092760195));
#10822=CARTESIAN_POINT('Origin',(-45.,178.529566604887,17.));
#10823=CARTESIAN_POINT('Origin',(-45.,181.272150560539,-6.));
#10824=CARTESIAN_POINT('Ctrl Pts',(-45.,186.236978101072,-5.40798015846749));
#10825=CARTESIAN_POINT('Ctrl Pts',(-45.,186.303873144604,-5.96897884660852));
#10826=CARTESIAN_POINT('Ctrl Pts',(-44.8090680762094,186.437606042399,-7.09049661927199));
#10827=CARTESIAN_POINT('Ctrl Pts',(-43.8924802862458,186.635645170517,-8.75130264029111));
#10828=CARTESIAN_POINT('Ctrl Pts',(-42.2437321494029,186.792486448576,-10.0666131116208));
#10829=CARTESIAN_POINT('Ctrl Pts',(-40.7479982508547,186.833192004475,-10.4079801584675));
#10830=CARTESIAN_POINT('Ctrl Pts',(-40.,186.833192004475,-10.4079801584675));
#10831=CARTESIAN_POINT('Ctrl Pts',(-45.7479982508547,186.236978101072,-5.40798015846749));
#10832=CARTESIAN_POINT('Ctrl Pts',(-45.7543454556931,186.313768715559,-6.05179185828111));
#10833=CARTESIAN_POINT('Ctrl Pts',(-45.5479936843099,186.467716026683,-7.34299771172021));
#10834=CARTESIAN_POINT('Ctrl Pts',(-44.5079028644382,186.697374770617,-9.26874832994716));
#10835=CARTESIAN_POINT('Ctrl Pts',(-42.6072869984645,186.880672166528,-10.8058631576932));
#10836=CARTESIAN_POINT('Ctrl Pts',(-40.8693279674182,186.928449616063,-11.2068344878004));
#10837=CARTESIAN_POINT('Ctrl Pts',(-40.,186.928449616063,-11.2068344878004));
#10838=CARTESIAN_POINT('Ctrl Pts',(-47.2399434137341,185.896790488358,-5.44854507536061));
#10839=CARTESIAN_POINT('Ctrl Pts',(-47.2588639501302,185.987444321429,-6.25831499542129));
#10840=CARTESIAN_POINT('Ctrl Pts',(-47.0216635538036,186.169924643193,-7.8891645533386));
#10841=CARTESIAN_POINT('Ctrl Pts',(-45.7350391361963,186.444576882429,-10.3452722563709));
#10842=CARTESIAN_POINT('Ctrl Pts',(-43.3320220299716,186.665919218681,-12.3260855644336));
#10843=CARTESIAN_POINT('Ctrl Pts',(-41.1113031701163,186.723981267801,-12.8460169592464));
#10844=CARTESIAN_POINT('Ctrl Pts',(-40.,186.723981267801,-12.8460169592464));
#10845=CARTESIAN_POINT('Ctrl Pts',(-49.3443191786557,184.236290145419,-5.64654775357371));
#10846=CARTESIAN_POINT('Ctrl Pts',(-49.3724661489646,184.32803480124,-6.69203868346278));
#10847=CARTESIAN_POINT('Ctrl Pts',(-49.0734749729737,184.513018875185,-8.80151530150238));
#10848=CARTESIAN_POINT('Ctrl Pts',(-47.4204586226291,184.791935794635,-11.9850235151286));
#10849=CARTESIAN_POINT('Ctrl Pts',(-44.3162068514783,185.017291451972,-14.559253979001));
#10850=CARTESIAN_POINT('Ctrl Pts',(-41.4391170144224,185.076585383762,-15.2369429432558));
#10851=CARTESIAN_POINT('Ctrl Pts',(-40.,185.076585383762,-15.2369429432558));
#10852=CARTESIAN_POINT('Ctrl Pts',(-50.,182.386255255374,-5.86715105821871));
#10853=CARTESIAN_POINT('Ctrl Pts',(-50.0150957005574,182.462631766032,-6.98859391991065));
#10854=CARTESIAN_POINT('Ctrl Pts',(-49.6648011877176,182.61574196126,-9.23885095337296));
#10855=CARTESIAN_POINT('Ctrl Pts',(-47.8633231427117,182.844567253572,-12.6046552994405));
#10856=CARTESIAN_POINT('Ctrl Pts',(-44.5526696209019,183.027473565709,-15.2975683801684));
#10857=CARTESIAN_POINT('Ctrl Pts',(-41.5185834759423,183.075134975321,-16.));
#10858=CARTESIAN_POINT('Ctrl Pts',(-40.,183.075134975321,-16.));
#10859=CARTESIAN_POINT('Ctrl Pts',(-50.,181.272150560539,-5.99999999999999));
#10860=CARTESIAN_POINT('Ctrl Pts',(-50.,181.339045604071,-7.12199737628206));
#10861=CARTESIAN_POINT('Ctrl Pts',(-49.6181361524187,181.472778501867,-9.36503292160898));
#10862=CARTESIAN_POINT('Ctrl Pts',(-47.7849605724916,181.670817629984,-12.6866449636472));
#10863=CARTESIAN_POINT('Ctrl Pts',(-44.4874642988057,181.827658908043,-15.3172659063066));
#10864=CARTESIAN_POINT('Ctrl Pts',(-41.4959965017094,181.868364463942,-16.));
#10865=CARTESIAN_POINT('Ctrl Pts',(-40.,181.868364463942,-16.));
#10866=CARTESIAN_POINT('Origin',(-40.,181.868364463942,-11.));
#10867=CARTESIAN_POINT('Origin',(20.,181.868364463942,-11.));
#10868=CARTESIAN_POINT('Origin',(10.,181.868364463942,-11.));
#10869=CARTESIAN_POINT('Ctrl Pts',(10.,186.833192004475,-10.4079801584675));
#10870=CARTESIAN_POINT('Ctrl Pts',(10.7479982508547,186.833192004475,-10.4079801584675));
#10871=CARTESIAN_POINT('Ctrl Pts',(11.8685960354552,186.802522340436,-10.1507766291322));
#10872=CARTESIAN_POINT('Ctrl Pts',(13.4626340893943,186.683169793894,-9.14985610496796));
#10873=CARTESIAN_POINT('Ctrl Pts',(14.6584675253056,186.504534901609,-7.65177889420195));
#10874=CARTESIAN_POINT('Ctrl Pts',(15.,186.326171492448,-6.15597840932221));
#10875=CARTESIAN_POINT('Ctrl Pts',(15.,186.236978101072,-5.40798015846749));
#10876=CARTESIAN_POINT('Ctrl Pts',(10.,186.928449616063,-11.2068344878004));
#10877=CARTESIAN_POINT('Ctrl Pts',(10.8693279674182,186.928449616063,-11.2068344878004));
#10878=CARTESIAN_POINT('Ctrl Pts',(12.1711839738735,186.892481251905,-10.9048446283167));
#10879=CARTESIAN_POINT('Ctrl Pts',(14.0135567726852,186.752883873332,-9.73428876576189));
#10880=CARTESIAN_POINT('Ctrl Pts',(15.3816541585496,186.544975862807,-7.99081384844054));
#10881=CARTESIAN_POINT('Ctrl Pts',(15.7564611906392,186.339365587055,-6.26639575821899));
#10882=CARTESIAN_POINT('Ctrl Pts',(15.7479982508547,186.236978101072,-5.40798015846749));
#10883=CARTESIAN_POINT('Ctrl Pts',(10.,186.723993892784,-12.8460399502527));
#10884=CARTESIAN_POINT('Ctrl Pts',(11.1113031701163,186.723993892784,-12.8460399502527));
#10885=CARTESIAN_POINT('Ctrl Pts',(12.774370157059,186.680301623541,-12.4547417216847));
#10886=CARTESIAN_POINT('Ctrl Pts',(15.1120962014466,186.511579470085,-10.9447916606601));
#10887=CARTESIAN_POINT('Ctrl Pts',(16.8238690735146,186.261797236637,-8.71028070700591));
#10888=CARTESIAN_POINT('Ctrl Pts',(17.2651885205331,186.017671237369,-6.5282372323116));
#10889=CARTESIAN_POINT('Ctrl Pts',(17.2399611386717,185.896799459942,-5.44854400556403));
#10890=CARTESIAN_POINT('Ctrl Pts',(10.,185.076603630179,-15.2369900149744));
#10891=CARTESIAN_POINT('Ctrl Pts',(11.4391170144224,185.076603630179,-15.2369900149744));
#10892=CARTESIAN_POINT('Ctrl Pts',(13.5938601128299,185.031957387845,-14.7266573333446));
#10893=CARTESIAN_POINT('Ctrl Pts',(16.6160536139928,184.860160488521,-12.7642162496668));
#10894=CARTESIAN_POINT('Ctrl Pts',(18.821982917163,184.606180734592,-9.86408703588582));
#10895=CARTESIAN_POINT('Ctrl Pts',(19.3818841498581,184.358629136647,-7.04053413575635));
#10896=CARTESIAN_POINT('Ctrl Pts',(19.344354856113,184.236302928885,-5.64654622923759));
#10897=CARTESIAN_POINT('Ctrl Pts',(10.,183.075134975321,-16.));
#10898=CARTESIAN_POINT('Ctrl Pts',(11.5185834759423,183.075134975321,-16.));
#10899=CARTESIAN_POINT('Ctrl Pts',(13.7909482732723,183.039282659115,-15.4714266641223));
#10900=CARTESIAN_POINT('Ctrl Pts',(17.0032326074215,182.899941011642,-13.4199662237002));
#10901=CARTESIAN_POINT('Ctrl Pts',(19.3796604937935,182.692654031715,-10.3694219273251));
#10902=CARTESIAN_POINT('Ctrl Pts',(20.0201276007432,182.488090602918,-7.3624082071413));
#10903=CARTESIAN_POINT('Ctrl Pts',(20.,182.386255255374,-5.86715105821872));
#10904=CARTESIAN_POINT('Ctrl Pts',(10.,181.868364463942,-16.));
#10905=CARTESIAN_POINT('Ctrl Pts',(11.4959965017094,181.868364463942,-16.));
#10906=CARTESIAN_POINT('Ctrl Pts',(13.7371920709104,181.837694799903,-15.4855929413293));
#10907=CARTESIAN_POINT('Ctrl Pts',(16.9252681787886,181.718342253362,-13.4837518930009));
#10908=CARTESIAN_POINT('Ctrl Pts',(19.3169350506111,181.539707361076,-10.4875974714689));
#10909=CARTESIAN_POINT('Ctrl Pts',(20.,181.361343951916,-7.49599650170942));
#10910=CARTESIAN_POINT('Ctrl Pts',(20.,181.272150560539,-6.));
#10911=CARTESIAN_POINT('',(20.,181.272150560539,-6.));
#10912=CARTESIAN_POINT('Origin',(15.,181.272150560539,-6.));
#10913=CARTESIAN_POINT('Origin',(10.,181.272150560539,-6.));
#10914=CARTESIAN_POINT('Origin',(15.,179.867199746507,5.78227148019982));
#10915=CARTESIAN_POINT('',(20.,178.529566604887,17.));
#10916=CARTESIAN_POINT('Origin',(15.,178.529566604887,17.));
#10917=CARTESIAN_POINT('',(20.,179.867199746507,5.78227148019982));
#10918=CARTESIAN_POINT('Ctrl Pts',(15.,183.494394145419,17.5920198415325));
#10919=CARTESIAN_POINT('Ctrl Pts',(15.,183.360604058355,18.7140172178146));
#10920=CARTESIAN_POINT('Ctrl Pts',(14.3441446671419,183.138444890981,20.5770999646776));
#10921=CARTESIAN_POINT('Ctrl Pts',(12.2412335100212,182.938985457155,22.2498170271968));
#10922=CARTESIAN_POINT('Ctrl Pts',(10.7479982508547,182.898180242017,22.5920198415325));
#10923=CARTESIAN_POINT('Ctrl Pts',(10.,182.898180242017,22.5920198415325));
#10924=CARTESIAN_POINT('Ctrl Pts',(15.7479982508547,183.494394145419,17.5920198415325));
#10925=CARTESIAN_POINT('Ctrl Pts',(15.7353201094938,183.340815673372,18.8795936731557));
#10926=CARTESIAN_POINT('Ctrl Pts',(14.9632234911129,183.087812636667,21.0017260818955));
#10927=CARTESIAN_POINT('Ctrl Pts',(12.5535353549194,182.862256542582,22.8928587965903));
#10928=CARTESIAN_POINT('Ctrl Pts',(10.8522183594966,182.81630593123,23.2786384386451));
#10929=CARTESIAN_POINT('Ctrl Pts',(10.,182.81630593123,23.2786384386451));
#10930=CARTESIAN_POINT('Ctrl Pts',(17.2407221364059,183.154405964293,17.5514787054165));
#10931=CARTESIAN_POINT('Ctrl Pts',(17.2028574651968,182.973094626504,19.1710905988484));
#10932=CARTESIAN_POINT('Ctrl Pts',(16.1993457698082,182.677213424789,21.812496089063));
#10933=CARTESIAN_POINT('Ctrl Pts',(13.1770334369036,182.41594877001,24.1419906052911));
#10934=CARTESIAN_POINT('Ctrl Pts',(11.0604068038357,182.362913734103,24.6150252893764));
#10935=CARTESIAN_POINT('Ctrl Pts',(10.,182.362913734103,24.6150252893764));
#10936=CARTESIAN_POINT('Ctrl Pts',(19.3435537442238,181.49347633237,17.3534248375912));
#10937=CARTESIAN_POINT('Ctrl Pts',(19.2872939731426,181.309991169439,19.4443018280569));
#10938=CARTESIAN_POINT('Ctrl Pts',(17.9803274253825,181.011141315005,22.8457766559467));
#10939=CARTESIAN_POINT('Ctrl Pts',(14.0856049197763,180.74792456643,25.8353912856742));
#10940=CARTESIAN_POINT('Ctrl Pts',(11.3633563144298,180.694484256091,26.4422472777485));
#10941=CARTESIAN_POINT('Ctrl Pts',(10.,180.694484256091,26.4422472777485));
#10942=CARTESIAN_POINT('Ctrl Pts',(20.,179.643671299721,17.1328489417813));
#10943=CARTESIAN_POINT('Ctrl Pts',(19.969751559273,179.490903670591,19.3759061780563));
#10944=CARTESIAN_POINT('Ctrl Pts',(18.6162506901397,179.239776973134,23.0598831008499));
#10945=CARTESIAN_POINT('Ctrl Pts',(14.4270735281943,179.01604191801,26.3340999866115));
#10946=CARTESIAN_POINT('Ctrl Pts',(11.4781221890738,178.970576942669,27.));
#10947=CARTESIAN_POINT('Ctrl Pts',(10.,178.970576942669,27.));
#10948=CARTESIAN_POINT('Ctrl Pts',(20.,178.529566604887,17.));
#10949=CARTESIAN_POINT('Ctrl Pts',(20.,178.395776517823,19.2439947525641));
#10950=CARTESIAN_POINT('Ctrl Pts',(18.6882893342837,178.173617350449,22.9701602462902));
#10951=CARTESIAN_POINT('Ctrl Pts',(14.4824670200424,177.974157916622,26.3155943713286));
#10952=CARTESIAN_POINT('Ctrl Pts',(11.4959965017094,177.933352701484,27.));
#10953=CARTESIAN_POINT('Ctrl Pts',(10.,177.933352701484,27.));
#10954=CARTESIAN_POINT('',(10.,177.933352701484,27.));
#10955=CARTESIAN_POINT('Origin',(10.,177.933352701484,22.));
#10956=CARTESIAN_POINT('Origin',(10.,178.529566604887,17.));
#10957=CARTESIAN_POINT('Origin',(-15.,177.933352701484,22.));
#10958=CARTESIAN_POINT('Origin',(-40.,177.933352701484,22.));
#10959=CARTESIAN_POINT('',(-15.,177.933352701484,27.));
#10960=CARTESIAN_POINT('Ctrl Pts',(-40.,182.898180242017,22.5920198415325));
#10961=CARTESIAN_POINT('Ctrl Pts',(-41.1219973762821,182.898180242017,22.5920198415325));
#10962=CARTESIAN_POINT('Ctrl Pts',(-42.9850608918143,182.976391721901,21.9361186671534));
#10963=CARTESIAN_POINT('Ctrl Pts',(-44.6577833966067,183.227145864002,19.8332312582076));
#10964=CARTESIAN_POINT('Ctrl Pts',(-45.,183.405200754043,18.3400180923872));
#10965=CARTESIAN_POINT('Ctrl Pts',(-45.,183.494394145419,17.5920198415325));
#10966=CARTESIAN_POINT('Ctrl Pts',(-40.,182.81630593123,23.2786384386451));
#10967=CARTESIAN_POINT('Ctrl Pts',(-41.2783275392449,182.81630593123,23.2786384386451));
#10968=CARTESIAN_POINT('Ctrl Pts',(-43.4015328247094,182.904293202492,22.5401122652067));
#10969=CARTESIAN_POINT('Ctrl Pts',(-45.3303429245702,183.188639066439,20.1560524693891));
#10970=CARTESIAN_POINT('Ctrl Pts',(-45.7395461566141,183.392008497388,18.450402395948));
#10971=CARTESIAN_POINT('Ctrl Pts',(-45.7479982508547,183.494394145419,17.5920198415325));
#10972=CARTESIAN_POINT('Ctrl Pts',(-40.,182.362908835178,24.6150155411077));
#10973=CARTESIAN_POINT('Ctrl Pts',(-41.5906102057536,182.362908835178,24.6150155411077));
#10974=CARTESIAN_POINT('Ctrl Pts',(-44.2329145861723,182.464297733118,23.7109678904539));
#10975=CARTESIAN_POINT('Ctrl Pts',(-46.6730006797845,182.794832118805,20.7627080941055));
#10976=CARTESIAN_POINT('Ctrl Pts',(-47.2154661218922,183.033524750152,18.6312191343228));
#10977=CARTESIAN_POINT('Ctrl Pts',(-47.2407092360316,183.154398975344,17.5514778720348));
#10978=CARTESIAN_POINT('Ctrl Pts',(-40.,180.694477186584,26.4422264684536));
#10979=CARTESIAN_POINT('Ctrl Pts',(-42.0450344716447,180.694477186584,26.4422264684536));
#10980=CARTESIAN_POINT('Ctrl Pts',(-45.4440244152506,180.796584322924,25.283216114403));
#10981=CARTESIAN_POINT('Ctrl Pts',(-48.595899896716,181.129864835609,21.4949917063208));
#10982=CARTESIAN_POINT('Ctrl Pts',(-49.3060191425477,181.371142648345,18.7473416099419));
#10983=CARTESIAN_POINT('Ctrl Pts',(-49.3435256566019,181.493466090299,17.3534236162982));
#10984=CARTESIAN_POINT('Ctrl Pts',(-40.,178.970576942669,27.));
#10985=CARTESIAN_POINT('Ctrl Pts',(-42.2171832836107,178.970576942669,27.));
#10986=CARTESIAN_POINT('Ctrl Pts',(-45.8973063901161,179.057646795879,25.7255157542472));
#10987=CARTESIAN_POINT('Ctrl Pts',(-49.2588525743245,179.339827593811,21.5928957138843));
#10988=CARTESIAN_POINT('Ctrl Pts',(-49.9798343728487,179.541826213634,18.6282204326313));
#10989=CARTESIAN_POINT('Ctrl Pts',(-50.,179.643671299721,17.1328489417813));
#10990=CARTESIAN_POINT('Ctrl Pts',(-40.,177.933352701484,27.));
#10991=CARTESIAN_POINT('Ctrl Pts',(-42.2439947525641,177.933352701484,27.));
#10992=CARTESIAN_POINT('Ctrl Pts',(-45.9701217836286,178.011564181369,25.6881976512419));
#10993=CARTESIAN_POINT('Ctrl Pts',(-49.3155667932133,178.262318323469,21.4824228333502));
#10994=CARTESIAN_POINT('Ctrl Pts',(-50.,178.440373213511,18.4959965017094));
#10995=CARTESIAN_POINT('Ctrl Pts',(-50.,178.529566604887,17.));
#10996=CARTESIAN_POINT('Origin',(10.,167.5,17.));
#10997=CARTESIAN_POINT('',(20.,167.5,17.));
#10998=CARTESIAN_POINT('',(10.,167.5,27.));
#10999=CARTESIAN_POINT('Origin',(-50.,167.5,27.));
#11000=CARTESIAN_POINT('Origin',(10.,167.5,-6.));
#11001=CARTESIAN_POINT('',(20.,167.5,-6.));
#11002=CARTESIAN_POINT('Origin',(20.,167.5,27.));
#11003=CARTESIAN_POINT('Origin',(-14.9999994412065,160.,10.999999910593));
#11004=CARTESIAN_POINT('',(-13.4999994412065,160.,10.999999910593));
#11005=CARTESIAN_POINT('Origin',(-14.9999994412065,160.,10.999999910593));
#11006=CARTESIAN_POINT('',(-13.4999994412065,160.,8.20000011920929));
#11007=CARTESIAN_POINT('',(-13.4999994412065,160.,10.999999910593));
#11008=CARTESIAN_POINT('Origin',(-14.9999994412065,160.,8.20000011920929));
#11009=CARTESIAN_POINT('Origin',(-14.9999994412065,160.,10.999999910593));
#11010=CARTESIAN_POINT('',(-13.4999994412065,160.,3.99999991059303));
#11011=CARTESIAN_POINT('Origin',(-14.9999994412065,160.,3.99999991059303));
#11012=CARTESIAN_POINT('',(-13.4999994412065,160.,0.999999910593032));
#11013=CARTESIAN_POINT('',(-13.4999994412065,160.,10.999999910593));
#11014=CARTESIAN_POINT('Origin',(-14.9999994412065,160.,0.999999910593032));
#11015=CARTESIAN_POINT('Origin',(-6.99999944120645,152.5,3.49999991059303));
#11016=CARTESIAN_POINT('',(-5.90000007450581,147.622500497872,3.99999991059303));
#11017=CARTESIAN_POINT('',(-6.99999944120645,147.5,3.99999991059303));
#11018=CARTESIAN_POINT('Origin',(-6.99999944120645,152.5,3.99999991059303));
#11019=CARTESIAN_POINT('',(-6.99999944120645,147.5,0.999999910593032));
#11020=CARTESIAN_POINT('',(-6.99999944120645,147.5,3.49999991059303));
#11021=CARTESIAN_POINT('',(-1.99999944120645,152.5,0.999999910593032));
#11022=CARTESIAN_POINT('Origin',(-6.99999944120645,152.5,0.999999910593032));
#11023=CARTESIAN_POINT('',(-1.99999944120645,152.5,10.999999910593));
#11024=CARTESIAN_POINT('',(-1.99999944120645,152.5,3.49999991059303));
#11025=CARTESIAN_POINT('',(-6.99999944120645,147.5,10.999999910593));
#11026=CARTESIAN_POINT('Origin',(-6.99999944120645,152.5,10.999999910593));
#11027=CARTESIAN_POINT('',(-6.99999944120645,147.5,8.20000011920929));
#11028=CARTESIAN_POINT('',(-6.99999944120645,147.5,3.49999991059303));
#11029=CARTESIAN_POINT('',(-5.90000007450581,147.622500497872,8.20000011920929));
#11030=CARTESIAN_POINT('Origin',(-6.99999944120645,152.5,8.20000011920929));
#11031=CARTESIAN_POINT('',(-4.90000007450581,147.962379185095,7.20000011920929));
#11032=CARTESIAN_POINT('Ctrl Pts',(-5.9000000745058,147.622500497872,8.20000011920929));
#11033=CARTESIAN_POINT('Ctrl Pts',(-5.77148502875102,147.651483887595,8.20000011920929));
#11034=CARTESIAN_POINT('Ctrl Pts',(-5.63585954832438,147.687930867974,8.17383364727768));
#11035=CARTESIAN_POINT('Ctrl Pts',(-5.38773886624977,147.765287462005,8.06931616368311));
#11036=CARTESIAN_POINT('Ctrl Pts',(-5.27514659136956,147.805960592247,7.99102073539898));
#11037=CARTESIAN_POINT('Ctrl Pts',(-5.1009096518473,147.873789614121,7.81340568988304));
#11038=CARTESIAN_POINT('Ctrl Pts',(-5.02583000177076,147.905908722898,7.70317397621673));
#11039=CARTESIAN_POINT('Ctrl Pts',(-4.92533766636496,147.950406801012,7.45959651441325));
#11040=CARTESIAN_POINT('Ctrl Pts',(-4.90000007450581,147.962379185095,7.32614569463817));
#11041=CARTESIAN_POINT('Ctrl Pts',(-4.90000007450581,147.962379185095,7.20000011920929));
#11042=CARTESIAN_POINT('',(-4.90000007450581,147.962379185095,4.99999991059303));
#11043=CARTESIAN_POINT('',(-4.90000007450581,147.962379185095,3.49999991059303));
#11044=CARTESIAN_POINT('Ctrl Pts',(-4.90000007450581,147.962379185095,4.99999991059303));
#11045=CARTESIAN_POINT('Ctrl Pts',(-4.90000007450581,147.962379185095,4.87385433516415));
#11046=CARTESIAN_POINT('Ctrl Pts',(-4.92533766636496,147.950406801012,4.74040351538907));
#11047=CARTESIAN_POINT('Ctrl Pts',(-5.02583000177076,147.905908722898,4.49682605358559));
#11048=CARTESIAN_POINT('Ctrl Pts',(-5.1009096518473,147.873789614121,4.38659433991928));
#11049=CARTESIAN_POINT('Ctrl Pts',(-5.27514659136956,147.805960592247,4.20897929440334));
#11050=CARTESIAN_POINT('Ctrl Pts',(-5.38773886624977,147.765287462005,4.13068386611922));
#11051=CARTESIAN_POINT('Ctrl Pts',(-5.63585954832438,147.687930867974,4.02616638252464));
#11052=CARTESIAN_POINT('Ctrl Pts',(-5.77148502875102,147.651483887595,3.99999991059303));
#11053=CARTESIAN_POINT('Ctrl Pts',(-5.9000000745058,147.622500497872,3.99999991059303));
#11054=CARTESIAN_POINT('Origin',(-1.99999944120645,167.5,0.999999910593032));
#11055=CARTESIAN_POINT('',(-1.99999944120645,167.5,0.999999910593032));
#11056=CARTESIAN_POINT('',(-1.99999944120645,167.5,10.999999910593));
#11057=CARTESIAN_POINT('Origin',(-27.9999994412065,167.5,0.999999910593032));
#11058=CARTESIAN_POINT('',(-22.9999994412065,147.5,0.999999910593032));
#11059=CARTESIAN_POINT('',(-27.9999994412065,147.5,0.999999910593032));
#11060=CARTESIAN_POINT('',(-27.9999994412065,152.5,0.999999910593032));
#11061=CARTESIAN_POINT('Origin',(-22.9999994412065,152.5,0.999999910593032));
#11062=CARTESIAN_POINT('',(-27.9999994412065,167.5,0.999999910593032));
#11063=CARTESIAN_POINT('Origin',(-14.9999994412065,147.5,5.99999991059303));
#11064=CARTESIAN_POINT('',(-22.9999994412065,147.5,3.99999991059303));
#11065=CARTESIAN_POINT('',(-9.99999975785613,147.5,3.99999991059303));
#11066=CARTESIAN_POINT('',(-22.9999994412065,147.5,8.49999991059303));
#11067=CARTESIAN_POINT('Origin',(-5.00000007450581,167.5,3.99999991059303));
#11068=CARTESIAN_POINT('',(-5.90000007450581,167.5,3.99999991059303));
#11069=CARTESIAN_POINT('',(-5.90000007450581,167.5,3.99999991059303));
#11070=CARTESIAN_POINT('',(-24.0999994412065,167.5,3.99999991059303));
#11071=CARTESIAN_POINT('',(-10.0000000372529,167.5,3.99999991059303));
#11072=CARTESIAN_POINT('',(-24.0999994412065,147.622500640697,3.99999991059303));
#11073=CARTESIAN_POINT('',(-24.0999994412065,167.5,3.99999991059303));
#11074=CARTESIAN_POINT('Origin',(-22.9999994412065,152.5,3.99999991059303));
#11075=CARTESIAN_POINT('Origin',(-5.90000007450581,167.5,4.99999991059303));
#11076=CARTESIAN_POINT('',(-4.90000007450581,167.5,4.99999991059303));
#11077=CARTESIAN_POINT('',(-4.90000007450581,167.5,4.99999991059303));
#11078=CARTESIAN_POINT('Origin',(-5.90000007450581,167.5,4.99999991059303));
#11079=CARTESIAN_POINT('Origin',(-22.9999994412065,152.5,8.49999991059303));
#11080=CARTESIAN_POINT('',(-24.0999994412065,147.622500640697,8.20000011920929));
#11081=CARTESIAN_POINT('',(-22.9999994412065,147.5,8.20000011920929));
#11082=CARTESIAN_POINT('Origin',(-22.9999994412065,152.5,8.20000011920929));
#11083=CARTESIAN_POINT('',(-22.9999994412065,147.5,10.999999910593));
#11084=CARTESIAN_POINT('',(-22.9999994412065,147.5,8.49999991059303));
#11085=CARTESIAN_POINT('',(-27.9999994412065,152.5,10.999999910593));
#11086=CARTESIAN_POINT('Origin',(-22.9999994412065,152.5,10.999999910593));
#11087=CARTESIAN_POINT('',(-27.9999994412065,152.5,8.49999991059303));
#11088=CARTESIAN_POINT('',(-25.0999994412065,147.962379478185,4.99999991059303));
#11089=CARTESIAN_POINT('Ctrl Pts',(-24.0999994412064,147.622500640697,3.99999991059303));
#11090=CARTESIAN_POINT('Ctrl Pts',(-24.2285144887932,147.651484048368,3.99999991059303));
#11091=CARTESIAN_POINT('Ctrl Pts',(-24.3641399704708,147.687931048206,4.02616638318804));
#11092=CARTESIAN_POINT('Ctrl Pts',(-24.6122606543952,147.76528767916,4.13068386883229));
#11093=CARTESIAN_POINT('Ctrl Pts',(-24.7248529299144,147.805960826887,4.20897929847628));
#11094=CARTESIAN_POINT('Ctrl Pts',(-24.899089867047,147.873789875368,4.3865943447015));
#11095=CARTESIAN_POINT('Ctrl Pts',(-24.974169515447,147.905908995656,4.49682605658105));
#11096=CARTESIAN_POINT('Ctrl Pts',(-25.0746618492851,147.950407089744,4.74040351589214));
#11097=CARTESIAN_POINT('Ctrl Pts',(-25.0999994412064,147.962379478185,4.87385433502756));
#11098=CARTESIAN_POINT('Ctrl Pts',(-25.0999994412064,147.962379478185,4.99999991059303));
#11099=CARTESIAN_POINT('',(-25.0999994412065,147.962379478185,7.20000011920929));
#11100=CARTESIAN_POINT('',(-25.0999994412065,147.962379478185,8.49999991059303));
#11101=CARTESIAN_POINT('Ctrl Pts',(-25.0999994412065,147.962379478185,7.20000011920929));
#11102=CARTESIAN_POINT('Ctrl Pts',(-25.0999994412065,147.962379478185,7.32614569477476));
#11103=CARTESIAN_POINT('Ctrl Pts',(-25.0746618492851,147.950407089744,7.45959651391018));
#11104=CARTESIAN_POINT('Ctrl Pts',(-24.974169515447,147.905908995656,7.70317397322128));
#11105=CARTESIAN_POINT('Ctrl Pts',(-24.899089867047,147.873789875368,7.81340568510082));
#11106=CARTESIAN_POINT('Ctrl Pts',(-24.7248529299144,147.805960826887,7.99102073132604));
#11107=CARTESIAN_POINT('Ctrl Pts',(-24.6122606543952,147.76528767916,8.06931616097003));
#11108=CARTESIAN_POINT('Ctrl Pts',(-24.3641399704708,147.687931048206,8.17383364661428));
#11109=CARTESIAN_POINT('Ctrl Pts',(-24.2285144887932,147.651484048368,8.20000011920929));
#11110=CARTESIAN_POINT('Ctrl Pts',(-24.0999994412065,147.622500640697,8.20000011920929));
#11111=CARTESIAN_POINT('Origin',(-27.9999994412065,167.5,10.999999910593));
#11112=CARTESIAN_POINT('',(-27.9999994412065,167.5,10.999999910593));
#11113=CARTESIAN_POINT('Origin',(-1.99999944120645,167.5,10.999999910593));
#11114=CARTESIAN_POINT('',(-1.99999944120645,147.5,10.999999910593));
#11115=CARTESIAN_POINT('Origin',(-24.9999994412065,167.5,8.20000011920929));
#11116=CARTESIAN_POINT('',(-9.99999975785613,147.5,8.20000011920929));
#11117=CARTESIAN_POINT('',(-24.0999994412065,167.5,8.20000011920929));
#11118=CARTESIAN_POINT('',(-24.0999994412065,167.5,8.20000011920929));
#11119=CARTESIAN_POINT('',(-5.9000000745058,167.5,8.20000011920929));
#11120=CARTESIAN_POINT('',(-24.9999994412065,167.5,8.20000011920929));
#11121=CARTESIAN_POINT('',(-5.90000007450581,167.5,8.20000011920929));
#11122=CARTESIAN_POINT('Origin',(-24.0999994412065,167.5,7.20000011920929));
#11123=CARTESIAN_POINT('',(-25.0999994412065,167.5,7.20000011920929));
#11124=CARTESIAN_POINT('',(-25.0999994412065,167.5,7.20000011920929));
#11125=CARTESIAN_POINT('Origin',(-24.0999994412065,167.5,7.20000011920929));
#11126=CARTESIAN_POINT('Origin',(-4.90000007450581,167.5,8.00000011920929));
#11127=CARTESIAN_POINT('',(-4.90000007450581,167.5,7.20000011920929));
#11128=CARTESIAN_POINT('',(-4.90000007450581,167.5,7.20000011920929));
#11129=CARTESIAN_POINT('',(-4.90000007450581,167.5,6.75000005960465));
#11130=CARTESIAN_POINT('Origin',(-24.0999994412065,167.5,4.99999991059303));
#11131=CARTESIAN_POINT('',(-25.0999994412065,167.5,4.99999991059303));
#11132=CARTESIAN_POINT('Origin',(-24.0999994412065,167.5,4.99999991059303));
#11133=CARTESIAN_POINT('',(-25.0999994412065,167.5,4.99999991059303));
#11134=CARTESIAN_POINT('Origin',(-25.0999994412065,167.5,3.99999991059303));
#11135=CARTESIAN_POINT('',(-25.0999994412065,167.5,4.74999995529652));
#11136=CARTESIAN_POINT('Origin',(-5.90000007450581,167.5,7.20000011920929));
#11137=CARTESIAN_POINT('Origin',(-5.90000007450581,167.5,7.20000011920929));
#11138=CARTESIAN_POINT('Origin',(-14.9999994412065,147.5,5.99999991059303));
#11139=CARTESIAN_POINT('Origin',(-15.,167.5,5.5));
#11140=CARTESIAN_POINT('',(0.,0.,0.));
#11141=CARTESIAN_POINT('Origin',(5.,-82.,-57.7477824324199));
#11142=CARTESIAN_POINT('',(-55.,-84.,-57.7477824324199));
#11143=CARTESIAN_POINT('',(-55.,-81.763574216956,-59.7337589803962));
#11144=CARTESIAN_POINT('Origin',(-55.,-82.,-57.7477824324199));
#11145=CARTESIAN_POINT('',(5.,-81.763574216956,-59.7337589803962));
#11146=CARTESIAN_POINT('',(5.,-81.763574216956,-59.7337589803962));
#11147=CARTESIAN_POINT('',(5.,-84.,-57.7477824324199));
#11148=CARTESIAN_POINT('Origin',(5.,-82.,-57.7477824324199));
#11149=CARTESIAN_POINT('',(5.,-84.,-57.7477824324199));
#11150=CARTESIAN_POINT('Origin',(5.,-42.,-55.0000000745058));
#11151=CARTESIAN_POINT('',(5.,0.,-50.));
#11152=CARTESIAN_POINT('',(5.,-84.,-60.0000001490116));
#11153=CARTESIAN_POINT('',(5.,-84.,-50.));
#11154=CARTESIAN_POINT('',(5.,-84.,-50.));
#11155=CARTESIAN_POINT('',(5.,-84.,-50.));
#11156=CARTESIAN_POINT('Origin',(5.,0.,-50.));
#11157=CARTESIAN_POINT('',(-55.,0.,-50.));
#11158=CARTESIAN_POINT('',(-55.,-84.,-60.0000001490116));
#11159=CARTESIAN_POINT('',(5.,0.,-50.));
#11160=CARTESIAN_POINT('',(-48.2500006705523,-77.0000011473894,-59.1666669398546));
#11161=CARTESIAN_POINT('Origin',(-45.0000006705523,-77.0000011473894,-59.1666669398546));
#11162=CARTESIAN_POINT('',(-8.25000007450581,-77.0000011473894,-59.1666669398546));
#11163=CARTESIAN_POINT('Origin',(-5.00000007450581,-77.0000011473894,-59.1666669398546));
#11164=CARTESIAN_POINT('Origin',(-5.00000007450581,-77.0000011473894,-64.0000002086163));
#11165=CARTESIAN_POINT('',(-8.25000007450581,-77.0000011473894,-57.0000002086163));
#11166=CARTESIAN_POINT('',(-8.25000007450581,-77.0000011473894,-64.0000002086163));
#11167=CARTESIAN_POINT('Origin',(-5.00000007450581,-77.0000011473894,-57.0000002086163));
#11168=CARTESIAN_POINT('Origin',(-5.00000007450581,-77.0000011473894,-57.0000002086163));
#11169=CARTESIAN_POINT('',(-3.5000000745058,-77.0000011473894,-57.0000002086163));
#11170=CARTESIAN_POINT('Origin',(-5.00000007450581,-77.0000011473894,-57.0000002086163));
#11171=CARTESIAN_POINT('Origin',(-45.0000006705523,-77.0000011473894,-64.0000002086163));
#11172=CARTESIAN_POINT('',(-48.2500006705523,-77.0000011473894,-57.0000002086163));
#11173=CARTESIAN_POINT('',(-48.2500006705523,-77.0000011473894,-64.0000002086163));
#11174=CARTESIAN_POINT('Origin',(-45.0000006705523,-77.0000011473894,-57.0000002086163));
#11175=CARTESIAN_POINT('Origin',(-45.0000006705523,-77.0000011473894,-57.0000002086163));
#11176=CARTESIAN_POINT('',(-43.5000006705523,-77.0000011473894,-57.0000002086163));
#11177=CARTESIAN_POINT('Origin',(-45.0000006705523,-77.0000011473894,-57.0000002086163));
#11178=CARTESIAN_POINT('Origin',(-45.0000006705523,-77.0000011473894,-50.));
#11179=CARTESIAN_POINT('',(-43.5000006705523,-77.0000011473894,-50.));
#11180=CARTESIAN_POINT('Origin',(-45.0000006705523,-77.0000011473894,-50.));
#11181=CARTESIAN_POINT('',(-43.5000006705523,-77.0000011473894,-50.));
#11182=CARTESIAN_POINT('Origin',(-5.00000007450581,-77.0000011473894,-50.));
#11183=CARTESIAN_POINT('',(-3.5000000745058,-77.0000011473894,-50.));
#11184=CARTESIAN_POINT('Origin',(-5.00000007450581,-77.0000011473894,-50.));
#11185=CARTESIAN_POINT('',(-3.5000000745058,-77.0000011473894,-50.));
#11186=CARTESIAN_POINT('Origin',(5.,-84.,-50.));
#11187=CARTESIAN_POINT('',(-55.,-84.,-50.));
#11188=CARTESIAN_POINT('',(-55.,-84.,-50.));
#11189=CARTESIAN_POINT('',(5.,-84.,-50.));
#11190=CARTESIAN_POINT('Origin',(5.,-84.,-60.0000001490116));
#11191=CARTESIAN_POINT('',(-55.,-84.,-50.));
#11192=CARTESIAN_POINT('Origin',(-55.,-42.,-55.0000000745058));
#11193=CARTESIAN_POINT('',(0.,0.,0.));
#11194=CARTESIAN_POINT('Origin',(-32.0000005215406,-13.0000002384186,54.));
#11195=CARTESIAN_POINT('',(-35.0000005215406,-13.0000002384186,54.));
#11196=CARTESIAN_POINT('',(-32.0000005215406,-16.0000002384186,54.));
#11197=CARTESIAN_POINT('Origin',(-32.0000005215406,-13.0000002384186,54.));
#11198=CARTESIAN_POINT('',(-32.0000005215406,-16.0000002384186,58.));
#11199=CARTESIAN_POINT('',(-32.0000005215406,-16.0000002384186,54.));
#11200=CARTESIAN_POINT('',(-35.0000005215406,-13.0000002384186,58.));
#11201=CARTESIAN_POINT('Origin',(-32.0000005215406,-13.0000002384186,58.));
#11202=CARTESIAN_POINT('',(-35.0000005215406,-13.0000002384186,54.));
#11203=CARTESIAN_POINT('Origin',(-25.0000003911555,-13.0000002384186,58.));
#11204=CARTESIAN_POINT('',(-5.49999989941716,-15.9580402565358,58.4999992512167));
#11205=CARTESIAN_POINT('',(-4.63397492794342,-16.0000002384186,58.));
#11206=CARTESIAN_POINT('Ctrl Pts',(-5.49999989941716,-15.9580402565358,
58.4999992512167));
#11207=CARTESIAN_POINT('Ctrl Pts',(-5.37379333052776,-15.9580402565358,
58.4999992512167));
#11208=CARTESIAN_POINT('Ctrl Pts',(-5.23938501310307,-15.9626661354693,
58.4746609704195));
#11209=CARTESIAN_POINT('Ctrl Pts',(-4.9924275722998,-15.977308311053,58.3719258470208));
#11210=CARTESIAN_POINT('Ctrl Pts',(-4.87984504330739,-15.986849974177,58.2945422106069));
#11211=CARTESIAN_POINT('Ctrl Pts',(-4.73204990475783,-15.9970367793756,
58.1459330603277));
#11212=CARTESIAN_POINT('Ctrl Pts',(-4.67806854254712,-16.0000002384186,
58.0763722282862));
#11213=CARTESIAN_POINT('Ctrl Pts',(-4.63397492794342,-16.0000002384186,
58.));
#11214=CARTESIAN_POINT('',(2.,-16.0000002384186,58.));
#11215=CARTESIAN_POINT('',(-25.0000003911555,-16.0000002384186,58.));
#11216=CARTESIAN_POINT('',(2.,-13.0000002384186,61.));
#11217=CARTESIAN_POINT('Origin',(2.,-13.0000002384186,58.));
#11218=CARTESIAN_POINT('',(-32.0000005215406,-13.0000002384186,61.));
#11219=CARTESIAN_POINT('',(-25.0000003911555,-13.0000002384186,61.));
#11220=CARTESIAN_POINT('Origin',(-32.0000005215406,-13.0000002384186,58.));
#11221=CARTESIAN_POINT('',(-25.8660247367804,-16.0000002384186,58.));
#11222=CARTESIAN_POINT('',(-25.0000003911555,-16.0000002384186,58.));
#11223=CARTESIAN_POINT('',(-24.9999997653067,-15.9580402565358,58.4999992512167));
#11224=CARTESIAN_POINT('Ctrl Pts',(-25.8660247367804,-16.0000002384186,
58.));
#11225=CARTESIAN_POINT('Ctrl Pts',(-25.8219311221767,-16.0000002384186,
58.0763722282862));
#11226=CARTESIAN_POINT('Ctrl Pts',(-25.767949759966,-15.9970367793756,58.1459330603277));
#11227=CARTESIAN_POINT('Ctrl Pts',(-25.6201546214165,-15.986849974177,58.2945422106069));
#11228=CARTESIAN_POINT('Ctrl Pts',(-25.5075720924241,-15.977308311053,58.3719258470208));
#11229=CARTESIAN_POINT('Ctrl Pts',(-25.2606146516208,-15.9626661354693,
58.4746609704195));
#11230=CARTESIAN_POINT('Ctrl Pts',(-25.1262063341961,-15.9580402565358,
58.4999992512166));
#11231=CARTESIAN_POINT('Ctrl Pts',(-24.9999997653067,-15.9580402565358,
58.4999992512166));
#11232=CARTESIAN_POINT('',(-20.9999997653067,-15.9580402565358,58.4999992512167));
#11233=CARTESIAN_POINT('',(-25.0000003911555,-15.9580402565358,58.4999992512167));
#11234=CARTESIAN_POINT('',(-20.133974793833,-16.0000002384186,58.));
#11235=CARTESIAN_POINT('Ctrl Pts',(-20.9999997653067,-15.9580402565358,
58.4999992512167));
#11236=CARTESIAN_POINT('Ctrl Pts',(-20.8737931964173,-15.9580402565358,
58.4999992512167));
#11237=CARTESIAN_POINT('Ctrl Pts',(-20.7393848789926,-15.9626661354693,
58.4746609704195));
#11238=CARTESIAN_POINT('Ctrl Pts',(-20.4924274381894,-15.977308311053,58.3719258470208));
#11239=CARTESIAN_POINT('Ctrl Pts',(-20.3798449091969,-15.986849974177,58.2945422106069));
#11240=CARTESIAN_POINT('Ctrl Pts',(-20.2320497706474,-15.9970367793756,
58.1459330603277));
#11241=CARTESIAN_POINT('Ctrl Pts',(-20.1780684084367,-16.0000002384186,
58.0763722282862));
#11242=CARTESIAN_POINT('Ctrl Pts',(-20.133974793833,-16.0000002384186,58.));
#11243=CARTESIAN_POINT('',(-10.3660250459795,-16.0000002384186,58.));
#11244=CARTESIAN_POINT('',(-25.0000003911555,-16.0000002384186,58.));
#11245=CARTESIAN_POINT('',(-9.50000007450581,-15.9580402565358,58.4999992512167));
#11246=CARTESIAN_POINT('Ctrl Pts',(-10.3660250459795,-16.0000002384186,
58.));
#11247=CARTESIAN_POINT('Ctrl Pts',(-10.3219314313758,-16.0000002384186,
58.0763722282862));
#11248=CARTESIAN_POINT('Ctrl Pts',(-10.2679500691651,-15.9970367793756,
58.1459330603277));
#11249=CARTESIAN_POINT('Ctrl Pts',(-10.1201549306156,-15.986849974177,58.2945422106069));
#11250=CARTESIAN_POINT('Ctrl Pts',(-10.0075724016232,-15.977308311053,58.3719258470208));
#11251=CARTESIAN_POINT('Ctrl Pts',(-9.7606149608199,-15.9626661354693,58.4746609704195));
#11252=CARTESIAN_POINT('Ctrl Pts',(-9.62620664339522,-15.9580402565358,
58.4999992512166));
#11253=CARTESIAN_POINT('Ctrl Pts',(-9.50000007450581,-15.9580402565358,
58.4999992512166));
#11254=CARTESIAN_POINT('',(-25.0000003911555,-15.9580402565358,58.4999992512167));
#11255=CARTESIAN_POINT('Origin',(-32.0000005215406,-13.0000002384186,58.));
#11256=CARTESIAN_POINT('Origin',(-32.0000005215406,-13.0000002384186,58.));
#11257=CARTESIAN_POINT('Origin',(2.,-13.0000002384186,54.));
#11258=CARTESIAN_POINT('',(2.,-16.0000002384186,54.));
#11259=CARTESIAN_POINT('',(5.,-13.0000002384186,54.));
#11260=CARTESIAN_POINT('Origin',(2.,-13.0000002384186,54.));
#11261=CARTESIAN_POINT('',(5.,-13.0000002384186,58.));
#11262=CARTESIAN_POINT('',(5.,-13.0000002384186,54.));
#11263=CARTESIAN_POINT('Origin',(2.,-13.0000002384186,58.));
#11264=CARTESIAN_POINT('',(2.,-16.0000002384186,54.));
#11265=CARTESIAN_POINT('Origin',(2.,-13.0000002384186,58.));
#11266=CARTESIAN_POINT('Origin',(2.,-13.0000002384186,58.));
#11267=CARTESIAN_POINT('Origin',(-24.9999997653067,4.,57.4999992512166));
#11268=CARTESIAN_POINT('',(-25.9999997653067,-16.0000002384186,57.4999992512166));
#11269=CARTESIAN_POINT('Origin',(-24.9999997653067,-16.0000002384186,57.4999992512166));
#11270=CARTESIAN_POINT('',(-25.9999997653067,4.,57.4999992512166));
#11271=CARTESIAN_POINT('',(-25.9999997653067,4.,57.4999992512166));
#11272=CARTESIAN_POINT('',(-25.8660247367804,4.,58.));
#11273=CARTESIAN_POINT('Origin',(-24.9999997653067,4.,57.4999992512166));
#11274=CARTESIAN_POINT('',(-24.9999997653067,3.9580400181172,58.4999992512167));
#11275=CARTESIAN_POINT('Ctrl Pts',(-24.9999997653067,3.9580400181172,58.4999992512166));
#11276=CARTESIAN_POINT('Ctrl Pts',(-25.1262063341961,3.9580400181172,58.4999992512166));
#11277=CARTESIAN_POINT('Ctrl Pts',(-25.2606146516208,3.96266589705073,58.4746609704195));
#11278=CARTESIAN_POINT('Ctrl Pts',(-25.5075720924241,3.97730807263438,58.3719258470208));
#11279=CARTESIAN_POINT('Ctrl Pts',(-25.6201546214165,3.98684973575839,58.2945422106069));
#11280=CARTESIAN_POINT('Ctrl Pts',(-25.767949759966,3.99703654095705,58.1459330603277));
#11281=CARTESIAN_POINT('Ctrl Pts',(-25.8219311221767,4.,58.0763722282862));
#11282=CARTESIAN_POINT('Ctrl Pts',(-25.8660247367804,4.,58.));
#11283=CARTESIAN_POINT('',(-24.9999997653067,4.,58.4999992512167));
#11284=CARTESIAN_POINT('Origin',(-15.0000002607703,-6.00000011920929,54.));
#11285=CARTESIAN_POINT('',(-35.0000005215406,1.,54.));
#11286=CARTESIAN_POINT('',(-35.0000005215406,4.,54.));
#11287=CARTESIAN_POINT('',(-32.0000005215406,4.,54.));
#11288=CARTESIAN_POINT('Origin',(-32.0000005215406,1.,54.));
#11289=CARTESIAN_POINT('',(-25.9999997653067,4.,54.0000004321337));
#11290=CARTESIAN_POINT('',(5.,4.,54.));
#11291=CARTESIAN_POINT('',(-25.9999997653067,-16.0000002384186,54.0000004321337));
#11292=CARTESIAN_POINT('',(-25.9999997653067,-1.00000005960464,54.));
#11293=CARTESIAN_POINT('',(-35.0000005215406,-16.0000002384186,54.));
#11294=CARTESIAN_POINT('',(-28.5000005215406,-6.00000011920929,54.));
#11295=CARTESIAN_POINT('Origin',(-30.0000005215406,-6.00000011920929,54.));
#11296=CARTESIAN_POINT('Origin',(-35.0000005215406,4.,54.));
#11297=CARTESIAN_POINT('',(-35.0000005215406,1.,58.));
#11298=CARTESIAN_POINT('',(-35.0000005215406,-1.00000005960464,58.));
#11299=CARTESIAN_POINT('',(-35.0000005215406,1.,54.));
#11300=CARTESIAN_POINT('Origin',(-32.0000005215406,-1.00000005960464,58.));
#11301=CARTESIAN_POINT('',(-32.0000005215406,1.,61.));
#11302=CARTESIAN_POINT('',(-32.0000005215406,-1.00000005960464,61.));
#11303=CARTESIAN_POINT('Origin',(-32.0000005215406,1.,58.));
#11304=CARTESIAN_POINT('Origin',(-35.0000005215406,-16.0000002384186,54.));
#11305=CARTESIAN_POINT('',(-4.49999989941716,-16.0000002384186,57.4999992512167));
#11306=CARTESIAN_POINT('Origin',(-5.49999989941716,-16.0000002384186,57.4999992512167));
#11307=CARTESIAN_POINT('',(-4.49999989941716,-16.0000002384186,54.0000004321337));
#11308=CARTESIAN_POINT('',(-4.49999989941716,-16.0000002384186,54.0000002160668));
#11309=CARTESIAN_POINT('',(-35.0000005215406,-16.0000002384186,54.));
#11310=CARTESIAN_POINT('Origin',(-35.0000005215406,-16.0000002384186,54.));
#11311=CARTESIAN_POINT('',(-19.9999997653067,-16.0000002384186,57.4999992512167));
#11312=CARTESIAN_POINT('Origin',(-20.9999997653067,-16.0000002384186,57.4999992512167));
#11313=CARTESIAN_POINT('',(-19.9999997653067,-16.0000002384186,54.0000004321337));
#11314=CARTESIAN_POINT('',(-19.9999997653067,-16.0000002384186,54.0000002160668));
#11315=CARTESIAN_POINT('',(-10.5000000745058,-16.0000002384186,54.0000004321337));
#11316=CARTESIAN_POINT('',(-35.0000005215406,-16.0000002384186,54.));
#11317=CARTESIAN_POINT('',(-10.5000000745058,-16.0000002384186,57.4999992512166));
#11318=CARTESIAN_POINT('',(-10.5000000745058,-16.0000002384186,56.2499996256083));
#11319=CARTESIAN_POINT('Origin',(-9.50000007450581,-16.0000002384186,57.4999992512166));
#11320=CARTESIAN_POINT('Origin',(-35.0000005215406,-16.0000002384186,54.));
#11321=CARTESIAN_POINT('',(-25.9999997653067,-16.0000002384186,56.2499996256083));
#11322=CARTESIAN_POINT('Origin',(-15.0000002607703,-6.00000011920929,61.));
#11323=CARTESIAN_POINT('',(2.,1.,61.));
#11324=CARTESIAN_POINT('',(2.,-11.0000001788139,61.));
#11325=CARTESIAN_POINT('',(-5.00000013038516,1.,61.));
#11326=CARTESIAN_POINT('',(-28.5000005215406,-6.00000011920929,61.));
#11327=CARTESIAN_POINT('Origin',(-30.0000005215406,-6.00000011920929,61.));
#11328=CARTESIAN_POINT('',(1.5,-6.00000011920929,61.));
#11329=CARTESIAN_POINT('Origin',(0.,-6.00000011920929,61.));
#11330=CARTESIAN_POINT('Origin',(2.,-11.0000001788139,58.));
#11331=CARTESIAN_POINT('',(5.,1.,58.));
#11332=CARTESIAN_POINT('',(5.,-11.0000001788139,58.));
#11333=CARTESIAN_POINT('Origin',(2.,1.,58.));
#11334=CARTESIAN_POINT('Origin',(5.,-16.0000002384186,54.));
#11335=CARTESIAN_POINT('',(5.,1.,54.));
#11336=CARTESIAN_POINT('',(5.,-16.0000002384186,54.));
#11337=CARTESIAN_POINT('',(5.,1.,54.));
#11338=CARTESIAN_POINT('Origin',(2.,1.,54.));
#11339=CARTESIAN_POINT('',(2.,4.,54.));
#11340=CARTESIAN_POINT('Origin',(2.,1.,54.));
#11341=CARTESIAN_POINT('',(2.,4.,58.));
#11342=CARTESIAN_POINT('',(2.,4.,54.));
#11343=CARTESIAN_POINT('Origin',(2.,1.,58.));
#11344=CARTESIAN_POINT('Origin',(2.,1.,58.));
#11345=CARTESIAN_POINT('Origin',(2.,1.,58.));
#11346=CARTESIAN_POINT('Origin',(-5.00000013038516,1.,58.));
#11347=CARTESIAN_POINT('',(-4.63397492794342,4.,58.));
#11348=CARTESIAN_POINT('',(-5.00000013038516,4.,58.));
#11349=CARTESIAN_POINT('',(-5.49999989941716,3.9580400181172,58.4999992512167));
#11350=CARTESIAN_POINT('Ctrl Pts',(-4.63397492794342,4.,58.));
#11351=CARTESIAN_POINT('Ctrl Pts',(-4.67806854254713,4.,58.0763722282862));
#11352=CARTESIAN_POINT('Ctrl Pts',(-4.73204990475783,3.99703654095705,58.1459330603277));
#11353=CARTESIAN_POINT('Ctrl Pts',(-4.87984504330739,3.98684973575839,58.2945422106069));
#11354=CARTESIAN_POINT('Ctrl Pts',(-4.9924275722998,3.97730807263438,58.3719258470208));
#11355=CARTESIAN_POINT('Ctrl Pts',(-5.23938501310307,3.96266589705073,58.4746609704195));
#11356=CARTESIAN_POINT('Ctrl Pts',(-5.37379333052776,3.9580400181172,58.4999992512167));
#11357=CARTESIAN_POINT('Ctrl Pts',(-5.49999989941716,3.9580400181172,58.4999992512167));
#11358=CARTESIAN_POINT('',(-9.50000007450581,3.9580400181172,58.4999992512167));
#11359=CARTESIAN_POINT('',(-5.00000013038516,3.9580400181172,58.4999992512167));
#11360=CARTESIAN_POINT('',(-10.3660250459795,4.,58.));
#11361=CARTESIAN_POINT('Ctrl Pts',(-9.50000007450581,3.9580400181172,58.4999992512167));
#11362=CARTESIAN_POINT('Ctrl Pts',(-9.62620664339521,3.9580400181172,58.4999992512167));
#11363=CARTESIAN_POINT('Ctrl Pts',(-9.7606149608199,3.96266589705073,58.4746609704195));
#11364=CARTESIAN_POINT('Ctrl Pts',(-10.0075724016232,3.97730807263438,58.3719258470208));
#11365=CARTESIAN_POINT('Ctrl Pts',(-10.1201549306156,3.98684973575839,58.2945422106069));
#11366=CARTESIAN_POINT('Ctrl Pts',(-10.2679500691651,3.99703654095704,58.1459330603277));
#11367=CARTESIAN_POINT('Ctrl Pts',(-10.3219314313758,4.,58.0763722282862));
#11368=CARTESIAN_POINT('Ctrl Pts',(-10.3660250459795,4.,58.));
#11369=CARTESIAN_POINT('',(-20.133974793833,4.,58.));
#11370=CARTESIAN_POINT('',(-5.00000013038516,4.,58.));
#11371=CARTESIAN_POINT('',(-20.9999997653067,3.9580400181172,58.4999992512167));
#11372=CARTESIAN_POINT('Ctrl Pts',(-20.133974793833,4.,58.));
#11373=CARTESIAN_POINT('Ctrl Pts',(-20.1780684084367,4.,58.0763722282862));
#11374=CARTESIAN_POINT('Ctrl Pts',(-20.2320497706474,3.99703654095705,58.1459330603277));
#11375=CARTESIAN_POINT('Ctrl Pts',(-20.3798449091969,3.98684973575839,58.2945422106069));
#11376=CARTESIAN_POINT('Ctrl Pts',(-20.4924274381893,3.97730807263438,58.3719258470208));
#11377=CARTESIAN_POINT('Ctrl Pts',(-20.7393848789926,3.96266589705073,58.4746609704195));
#11378=CARTESIAN_POINT('Ctrl Pts',(-20.8737931964173,3.9580400181172,58.4999992512167));
#11379=CARTESIAN_POINT('Ctrl Pts',(-20.9999997653067,3.9580400181172,58.4999992512167));
#11380=CARTESIAN_POINT('',(-5.00000013038516,3.9580400181172,58.4999992512167));
#11381=CARTESIAN_POINT('',(-32.0000005215406,4.,58.));
#11382=CARTESIAN_POINT('',(-5.00000013038516,4.,58.));
#11383=CARTESIAN_POINT('Origin',(-32.0000005215406,1.,58.));
#11384=CARTESIAN_POINT('Origin',(5.,4.,54.));
#11385=CARTESIAN_POINT('',(-4.49999989941716,4.,54.0000004321337));
#11386=CARTESIAN_POINT('',(5.,4.,54.));
#11387=CARTESIAN_POINT('',(-4.49999989941716,4.,57.4999992512167));
#11388=CARTESIAN_POINT('',(-4.49999989941716,4.,54.0000002160668));
#11389=CARTESIAN_POINT('Origin',(-5.49999989941716,4.,57.4999992512167));
#11390=CARTESIAN_POINT('Origin',(-32.0000005215406,1.,54.));
#11391=CARTESIAN_POINT('Origin',(-32.0000005215406,1.,58.));
#11392=CARTESIAN_POINT('',(-32.0000005215406,4.,54.));
#11393=CARTESIAN_POINT('Origin',(-32.0000005215406,1.,58.));
#11394=CARTESIAN_POINT('Origin',(-4.49999989941716,4.,58.4999992512167));
#11395=CARTESIAN_POINT('',(-9.50000007450581,4.,58.4999992512167));
#11396=CARTESIAN_POINT('',(-5.49999989941716,4.,58.4999992512167));
#11397=CARTESIAN_POINT('Origin',(-5.49999989941716,4.,57.4999992512167));
#11398=CARTESIAN_POINT('',(-4.49999989941716,4.,57.4999992512167));
#11399=CARTESIAN_POINT('Origin',(5.,4.,54.));
#11400=CARTESIAN_POINT('',(-25.9999997653067,4.,56.2499996256083));
#11401=CARTESIAN_POINT('Origin',(-30.0000005215406,-6.00000011920929,61.));
#11402=CARTESIAN_POINT('',(-28.5000005215406,-6.00000011920929,61.));
#11403=CARTESIAN_POINT('Origin',(0.,-6.00000011920929,61.));
#11404=CARTESIAN_POINT('',(1.5,-6.00000011920929,54.));
#11405=CARTESIAN_POINT('',(1.5,-6.00000011920929,61.));
#11406=CARTESIAN_POINT('Origin',(0.,-6.00000011920929,54.));
#11407=CARTESIAN_POINT('Origin',(-19.9999997653067,4.,58.4999992512167));
#11408=CARTESIAN_POINT('',(-20.9999997653067,4.,58.4999992512167));
#11409=CARTESIAN_POINT('Origin',(-20.9999997653067,4.,57.4999992512167));
#11410=CARTESIAN_POINT('',(-19.9999997653067,4.,57.4999992512167));
#11411=CARTESIAN_POINT('Origin',(-20.9999997653067,4.,57.4999992512167));
#11412=CARTESIAN_POINT('',(-19.9999997653067,4.,57.4999992512167));
#11413=CARTESIAN_POINT('Origin',(-19.9999997653067,4.,54.0000004321337));
#11414=CARTESIAN_POINT('',(-19.9999997653067,4.,54.0000004321337));
#11415=CARTESIAN_POINT('',(-19.9999997653067,4.,54.0000002160668));
#11416=CARTESIAN_POINT('',(-19.9999997653067,-1.00000005960464,54.));
#11417=CARTESIAN_POINT('Origin',(-4.49999989941716,4.,54.0000004321337));
#11418=CARTESIAN_POINT('',(-4.49999989941716,-1.00000005960464,54.));
#11419=CARTESIAN_POINT('Origin',(-9.50000007450581,4.,57.4999992512166));
#11420=CARTESIAN_POINT('',(-10.5000000745058,4.,57.4999992512166));
#11421=CARTESIAN_POINT('',(-10.5000000745058,4.,57.4999992512166));
#11422=CARTESIAN_POINT('Origin',(-9.50000007450581,4.,57.4999992512166));
#11423=CARTESIAN_POINT('Origin',(-25.9999997653067,4.,58.4999992512167));
#11424=CARTESIAN_POINT('Origin',(-10.5000000745058,4.,58.4999992512167));
#11425=CARTESIAN_POINT('',(-10.5000000745058,4.,54.0000004321337));
#11426=CARTESIAN_POINT('',(-10.5000000745058,-1.00000005960464,54.));
#11427=CARTESIAN_POINT('',(-10.5000000745058,4.,56.2499996256083));
#11428=CARTESIAN_POINT('Origin',(-15.0000002607703,-6.00000011920929,54.));
#11429=CARTESIAN_POINT('Origin',(-15.0000002607703,-6.00000011920929,54.));
#11430=CARTESIAN_POINT('',(5.,4.,54.));
#11431=CARTESIAN_POINT('Origin',(5.,4.,54.));
#11432=CARTESIAN_POINT('',(0.,0.,0.));
#11433=CARTESIAN_POINT('Origin',(-24.,72.5,40.));
#11434=CARTESIAN_POINT('',(-24.,-31.5,39.));
#11435=CARTESIAN_POINT('',(-25.,-31.5,40.));
#11436=CARTESIAN_POINT('Origin',(-24.,-31.5,40.));
#11437=CARTESIAN_POINT('',(-25.,106.5,40.));
#11438=CARTESIAN_POINT('',(-25.,72.5,40.));
#11439=CARTESIAN_POINT('',(-24.,106.5,39.));
#11440=CARTESIAN_POINT('Origin',(-24.,106.5,40.));
#11441=CARTESIAN_POINT('',(-24.,72.5,39.));
#11442=CARTESIAN_POINT('Origin',(-24.,106.5,40.));
#11443=CARTESIAN_POINT('',(-24.,107.5,40.));
#11444=CARTESIAN_POINT('Origin',(-24.,106.5,40.));
#11445=CARTESIAN_POINT('Origin',(-24.,106.5,40.));
#11446=CARTESIAN_POINT('Origin',(-21.000000372529,-31.5,40.));
#11447=CARTESIAN_POINT('',(-21.000000372529,-32.5,40.));
#11448=CARTESIAN_POINT('',(-21.000000372529,-31.5,39.));
#11449=CARTESIAN_POINT('Origin',(-21.000000372529,-31.5,40.));
#11450=CARTESIAN_POINT('',(-20.000000372529,-31.5,40.));
#11451=CARTESIAN_POINT('Origin',(-21.000000372529,-31.5,40.));
#11452=CARTESIAN_POINT('Origin',(-21.000000372529,-31.5,40.));
#11453=CARTESIAN_POINT('Origin',(-20.,-31.5,40.));
#11454=CARTESIAN_POINT('',(-24.,-32.5,40.));
#11455=CARTESIAN_POINT('Origin',(-24.,-31.5,40.));
#11456=CARTESIAN_POINT('',(-20.,-31.5,39.));
#11457=CARTESIAN_POINT('',(-20.,-32.5,40.));
#11458=CARTESIAN_POINT('Origin',(-24.,-31.5,40.));
#11459=CARTESIAN_POINT('Origin',(-24.,-31.5,40.));
#11460=CARTESIAN_POINT('Origin',(-25.,107.5,39.));
#11461=CARTESIAN_POINT('',(-25.,-31.5,110.));
#11462=CARTESIAN_POINT('',(-25.,-31.5,39.));
#11463=CARTESIAN_POINT('',(-25.,-29.5,110.));
#11464=CARTESIAN_POINT('',(-25.,38.5,110.));
#11465=CARTESIAN_POINT('',(-25.,-29.5,48.));
#11466=CARTESIAN_POINT('',(-25.,-29.5,41.));
#11467=CARTESIAN_POINT('',(-25.,-23.5,42.));
#11468=CARTESIAN_POINT('Origin',(-25.,-23.5,48.));
#11469=CARTESIAN_POINT('',(-25.,106.5,42.));
#11470=CARTESIAN_POINT('',(-25.,72.5,42.));
#11471=CARTESIAN_POINT('',(-25.,106.5,39.));
#11472=CARTESIAN_POINT('Origin',(-24.,-31.5,39.));
#11473=CARTESIAN_POINT('',(-24.,-32.5,110.));
#11474=CARTESIAN_POINT('',(-24.,-32.5,39.));
#11475=CARTESIAN_POINT('Origin',(-24.,-31.5,110.));
#11476=CARTESIAN_POINT('Origin',(-25.,-32.5,39.));
#11477=CARTESIAN_POINT('',(-21.000000372529,-32.5,105.000258598061));
#11478=CARTESIAN_POINT('',(-21.000000372529,-32.5,71.9771292990305));
#11479=CARTESIAN_POINT('',(-15.0000001937151,-32.5,111.000258598061));
#11480=CARTESIAN_POINT('Origin',(-15.000000372529,-32.5,105.000258598061));
#11481=CARTESIAN_POINT('',(-9.00000022351742,-32.5,105.000258598061));
#11482=CARTESIAN_POINT('Origin',(-15.0000002235174,-32.5,105.000258598061));
#11483=CARTESIAN_POINT('',(-9.00000022351742,-32.5,40.));
#11484=CARTESIAN_POINT('',(-9.00000022351742,-32.5,41.));
#11485=CARTESIAN_POINT('',(-6.,-32.5,40.));
#11486=CARTESIAN_POINT('',(-20.,-32.5,40.));
#11487=CARTESIAN_POINT('',(-6.,-32.5,110.));
#11488=CARTESIAN_POINT('',(-6.,-32.5,39.));
#11489=CARTESIAN_POINT('',(-10.,-32.5,114.));
#11490=CARTESIAN_POINT('Origin',(-10.,-32.5,110.));
#11491=CARTESIAN_POINT('',(-20.,-32.5,114.));
#11492=CARTESIAN_POINT('',(-20.0000001117587,-32.5,114.));
#11493=CARTESIAN_POINT('Origin',(-20.,-32.5,110.));
#11494=CARTESIAN_POINT('Origin',(-21.000000372529,-31.5,71.9771292990305));
#11495=CARTESIAN_POINT('',(-20.000000372529,-31.5,105.000258598061));
#11496=CARTESIAN_POINT('',(-20.000000372529,-31.5,71.9771292990305));
#11497=CARTESIAN_POINT('Origin',(-21.000000372529,-31.5,105.000258598061));
#11498=CARTESIAN_POINT('Origin',(-21.000000372529,4.5,40.));
#11499=CARTESIAN_POINT('',(-21.000000372529,82.5,39.));
#11500=CARTESIAN_POINT('',(-21.000000372529,4.5,39.));
#11501=CARTESIAN_POINT('',(-20.000000372529,82.5,40.));
#11502=CARTESIAN_POINT('Origin',(-21.000000372529,82.5,40.));
#11503=CARTESIAN_POINT('',(-20.000000372529,4.5,40.));
#11504=CARTESIAN_POINT('Origin',(-9.00000022351742,4.5,40.));
#11505=CARTESIAN_POINT('',(-9.00000022351742,-31.5,39.));
#11506=CARTESIAN_POINT('',(-10.0000002235174,-31.5,40.));
#11507=CARTESIAN_POINT('Origin',(-9.00000022351742,-31.5,40.));
#11508=CARTESIAN_POINT('',(-10.0000002235174,82.5,40.));
#11509=CARTESIAN_POINT('',(-10.0000002235174,4.5,40.));
#11510=CARTESIAN_POINT('',(-9.00000022351742,82.5,39.));
#11511=CARTESIAN_POINT('Origin',(-9.00000022351742,82.5,40.));
#11512=CARTESIAN_POINT('',(-9.00000022351742,4.5,39.));
#11513=CARTESIAN_POINT('Origin',(-15.0000002235174,82.5,40.));
#11514=CARTESIAN_POINT('',(-15.0000002235174,87.5,40.));
#11515=CARTESIAN_POINT('',(-15.0000002235174,88.5,39.));
#11516=CARTESIAN_POINT('Origin',(-15.0000002235174,88.5,40.));
#11517=CARTESIAN_POINT('Origin',(-15.0000002235174,82.5,39.));
#11518=CARTESIAN_POINT('Origin',(-15.0000002235174,82.5,40.));
#11519=CARTESIAN_POINT('Origin',(-15.000000372529,82.5,40.));
#11520=CARTESIAN_POINT('Origin',(-15.000000372529,82.5,39.));
#11521=CARTESIAN_POINT('Origin',(-15.000000372529,82.5,40.));
#11522=CARTESIAN_POINT('Origin',(-15.000000372529,-31.5,105.000258598061));
#11523=CARTESIAN_POINT('',(-15.0000002235174,-31.5,110.000258598061));
#11524=CARTESIAN_POINT('Origin',(-15.0000001937151,-31.5,111.000258598061));
#11525=CARTESIAN_POINT('Origin',(-15.000000372529,-31.5,105.000258598061));
#11526=CARTESIAN_POINT('Origin',(-15.0000002235174,-31.5,105.000258598061));
#11527=CARTESIAN_POINT('',(-10.0000002235174,-31.5,105.000258598061));
#11528=CARTESIAN_POINT('Origin',(-9.00000022351742,-31.5,105.000258598061));
#11529=CARTESIAN_POINT('Origin',(-15.0000002235174,-31.5,105.000258598061));
#11530=CARTESIAN_POINT('Origin',(-9.00000022351742,-31.5,41.));
#11531=CARTESIAN_POINT('Origin',(-9.00000022351742,-31.5,40.));
#11532=CARTESIAN_POINT('',(-10.0000002235174,-31.5,41.));
#11533=CARTESIAN_POINT('Origin',(-9.00000022351742,-31.5,40.));
#11534=CARTESIAN_POINT('Origin',(-9.00000022351742,-31.5,40.));
#11535=CARTESIAN_POINT('Origin',(-20.,-31.5,40.));
#11536=CARTESIAN_POINT('',(-6.,-31.5,39.));
#11537=CARTESIAN_POINT('',(-20.,-31.5,39.));
#11538=CARTESIAN_POINT('Origin',(-6.,-31.5,40.));
#11539=CARTESIAN_POINT('Origin',(-20.000000372529,-28.5,104.954258598061));
#11540=CARTESIAN_POINT('',(-20.000000372529,82.5,42.));
#11541=CARTESIAN_POINT('',(-20.000000372529,82.5,73.9771292990305));
#11542=CARTESIAN_POINT('',(-20.000000372529,-23.5,42.));
#11543=CARTESIAN_POINT('',(-20.000000372529,4.5,42.));
#11544=CARTESIAN_POINT('',(-20.000000372529,-29.5,48.));
#11545=CARTESIAN_POINT('Origin',(-20.000000372529,-23.5,48.));
#11546=CARTESIAN_POINT('',(-20.000000372529,-29.5,105.000258598061));
#11547=CARTESIAN_POINT('',(-20.000000372529,-29.5,73.9771292990305));
#11548=CARTESIAN_POINT('',(-20.000000372529,-28.5,105.000258598061));
#11549=CARTESIAN_POINT('Origin',(-15.000000372529,82.5,73.9771292990305));
#11550=CARTESIAN_POINT('',(-15.0000002235174,87.5,42.));
#11551=CARTESIAN_POINT('',(-15.0000002235174,87.5,43.));
#11552=CARTESIAN_POINT('Origin',(-15.000000372529,82.5,42.));
#11553=CARTESIAN_POINT('Origin',(-15.0000002235174,82.5,43.));
#11554=CARTESIAN_POINT('',(-10.0000002235174,82.5,42.));
#11555=CARTESIAN_POINT('',(-10.0000002235174,82.5,43.));
#11556=CARTESIAN_POINT('Origin',(-15.0000002235174,82.5,42.));
#11557=CARTESIAN_POINT('Origin',(-20.,-31.5,110.));
#11558=CARTESIAN_POINT('',(-20.,-31.5,115.));
#11559=CARTESIAN_POINT('Origin',(-20.,-31.5,114.));
#11560=CARTESIAN_POINT('Origin',(-20.,-31.5,110.));
#11561=CARTESIAN_POINT('Origin',(-20.0000001117587,-31.5,114.));
#11562=CARTESIAN_POINT('',(-10.,-31.5,115.));
#11563=CARTESIAN_POINT('Origin',(-10.,-31.5,114.));
#11564=CARTESIAN_POINT('',(-20.0000001117587,-31.5,115.));
#11565=CARTESIAN_POINT('Origin',(-10.,-31.5,110.));
#11566=CARTESIAN_POINT('',(-5.,-31.5,110.));
#11567=CARTESIAN_POINT('Origin',(-6.,-31.5,110.));
#11568=CARTESIAN_POINT('Origin',(-10.,-31.5,110.));
#11569=CARTESIAN_POINT('Origin',(-6.,-31.5,39.));
#11570=CARTESIAN_POINT('',(-5.,-31.5,40.));
#11571=CARTESIAN_POINT('Origin',(-6.,-31.5,40.));
#11572=CARTESIAN_POINT('',(-5.,-31.5,39.));
#11573=CARTESIAN_POINT('Origin',(-6.,-31.5,40.));
#11574=CARTESIAN_POINT('Origin',(-6.,-31.5,40.));
#11575=CARTESIAN_POINT('Origin',(-20.,38.5,110.));
#11576=CARTESIAN_POINT('',(-20.,-29.5,115.));
#11577=CARTESIAN_POINT('',(-20.,38.5,115.));
#11578=CARTESIAN_POINT('Origin',(-20.,-29.5,110.));
#11579=CARTESIAN_POINT('Origin',(-15.0000002235174,-30.5,115.));
#11580=CARTESIAN_POINT('',(-10.,-29.5,115.));
#11581=CARTESIAN_POINT('',(-10.,-31.5,115.));
#11582=CARTESIAN_POINT('',(-10.0000001117587,-29.5,115.));
#11583=CARTESIAN_POINT('Origin',(-10.,-31.5,110.));
#11584=CARTESIAN_POINT('',(-5.,-29.5,110.));
#11585=CARTESIAN_POINT('',(-5.,-31.5,110.));
#11586=CARTESIAN_POINT('Origin',(-10.,-29.5,110.));
#11587=CARTESIAN_POINT('Origin',(-5.,-32.5,39.));
#11588=CARTESIAN_POINT('',(-5.,106.5,40.));
#11589=CARTESIAN_POINT('',(-5.,2.5,40.));
#11590=CARTESIAN_POINT('',(-5.,106.5,42.));
#11591=CARTESIAN_POINT('',(-5.,106.5,39.));
#11592=CARTESIAN_POINT('',(-5.,-23.5,42.));
#11593=CARTESIAN_POINT('',(-5.,2.5,42.));
#11594=CARTESIAN_POINT('',(-5.,-29.5,48.));
#11595=CARTESIAN_POINT('Origin',(-5.,-23.5,48.));
#11596=CARTESIAN_POINT('',(-5.,-29.5,41.));
#11597=CARTESIAN_POINT('Origin',(-6.,2.5,40.));
#11598=CARTESIAN_POINT('',(-6.,106.5,39.));
#11599=CARTESIAN_POINT('',(-6.,2.5,39.));
#11600=CARTESIAN_POINT('Origin',(-6.,106.5,40.));
#11601=CARTESIAN_POINT('Origin',(-15.,37.5,39.));
#11602=CARTESIAN_POINT('',(-10.,106.5,39.));
#11603=CARTESIAN_POINT('',(-13.7355,97.5,39.));
#11604=CARTESIAN_POINT('Origin',(-15.,97.5,39.));
#11605=CARTESIAN_POINT('Origin',(-6.,106.5,39.));
#11606=CARTESIAN_POINT('',(-6.,107.5,40.));
#11607=CARTESIAN_POINT('Origin',(-6.,106.5,40.));
#11608=CARTESIAN_POINT('',(-6.,107.5,42.));
#11609=CARTESIAN_POINT('',(-6.,107.5,39.));
#11610=CARTESIAN_POINT('Origin',(-6.,106.5,42.));
#11611=CARTESIAN_POINT('Origin',(-10.,106.5,42.));
#11612=CARTESIAN_POINT('',(-6.,106.5,43.));
#11613=CARTESIAN_POINT('Origin',(-6.,106.5,42.));
#11614=CARTESIAN_POINT('',(-24.,107.5,42.));
#11615=CARTESIAN_POINT('',(-10.,107.5,42.));
#11616=CARTESIAN_POINT('',(-24.,106.5,43.));
#11617=CARTESIAN_POINT('Origin',(-24.,106.5,42.));
#11618=CARTESIAN_POINT('',(-10.,106.5,43.));
#11619=CARTESIAN_POINT('Origin',(-10.,106.5,40.));
#11620=CARTESIAN_POINT('',(-10.,107.5,40.));
#11621=CARTESIAN_POINT('Origin',(-6.,106.5,40.));
#11622=CARTESIAN_POINT('Origin',(-24.,106.5,39.));
#11623=CARTESIAN_POINT('Origin',(-24.,106.5,42.));
#11624=CARTESIAN_POINT('',(-24.,107.5,39.));
#11625=CARTESIAN_POINT('Origin',(-24.,106.5,42.));
#11626=CARTESIAN_POINT('Origin',(-24.,106.5,42.));
#11627=CARTESIAN_POINT('Origin',(-6.,106.5,42.));
#11628=CARTESIAN_POINT('Origin',(-6.,106.5,42.));
#11629=CARTESIAN_POINT('Origin',(-6.,106.5,40.));
#11630=CARTESIAN_POINT('Origin',(-15.,37.5,43.));
#11631=CARTESIAN_POINT('',(-24.,-23.5,43.));
#11632=CARTESIAN_POINT('',(-24.,72.5,43.));
#11633=CARTESIAN_POINT('',(-21.000000372529,-23.5,43.));
#11634=CARTESIAN_POINT('',(-10.,-23.5,43.));
#11635=CARTESIAN_POINT('',(-21.000000372529,82.5,43.));
#11636=CARTESIAN_POINT('',(-21.000000372529,4.5,43.));
#11637=CARTESIAN_POINT('',(-15.0000001937151,88.5,43.));
#11638=CARTESIAN_POINT('Origin',(-15.000000372529,82.5,43.));
#11639=CARTESIAN_POINT('',(-9.00000022351742,82.5,43.));
#11640=CARTESIAN_POINT('Origin',(-15.0000002235174,82.5,43.));
#11641=CARTESIAN_POINT('',(-9.00000022351742,-23.5,43.));
#11642=CARTESIAN_POINT('',(-9.00000022351742,4.5,43.));
#11643=CARTESIAN_POINT('',(-6.,-23.5,43.));
#11644=CARTESIAN_POINT('',(-10.,-23.5,43.));
#11645=CARTESIAN_POINT('',(-6.,2.5,43.));
#11646=CARTESIAN_POINT('',(-13.7355,97.5,43.));
#11647=CARTESIAN_POINT('Origin',(-15.,97.5,43.));
#11648=CARTESIAN_POINT('Origin',(-24.,72.5,42.));
#11649=CARTESIAN_POINT('Origin',(-24.,-23.5,42.));
#11650=CARTESIAN_POINT('Origin',(-5.,107.5,39.));
#11651=CARTESIAN_POINT('Origin',(-15.,97.5,43.));
#11652=CARTESIAN_POINT('',(-13.7355,97.5,43.));
#11653=CARTESIAN_POINT('Origin',(-24.,-23.5,48.));
#11654=CARTESIAN_POINT('',(-24.,-28.5,48.));
#11655=CARTESIAN_POINT('Origin',(-24.,-29.5,48.));
#11656=CARTESIAN_POINT('Origin',(-24.,-23.5,48.));
#11657=CARTESIAN_POINT('Origin',(-24.,-29.5,41.));
#11658=CARTESIAN_POINT('',(-24.,-28.5,110.));
#11659=CARTESIAN_POINT('Origin',(-24.,-29.5,110.));
#11660=CARTESIAN_POINT('',(-24.,-28.5,41.));
#11661=CARTESIAN_POINT('Origin',(-20.,-29.5,110.));
#11662=CARTESIAN_POINT('',(-20.,-28.5,114.));
#11663=CARTESIAN_POINT('Origin',(-20.,-29.5,114.));
#11664=CARTESIAN_POINT('Origin',(-20.,-28.5,110.));
#11665=CARTESIAN_POINT('Origin',(-10.0000001117587,-29.5,114.));
#11666=CARTESIAN_POINT('',(-10.,-28.5,114.));
#11667=CARTESIAN_POINT('Origin',(-10.,-29.5,114.));
#11668=CARTESIAN_POINT('',(-10.0000001117587,-28.5,114.));
#11669=CARTESIAN_POINT('Origin',(-10.,-29.5,110.));
#11670=CARTESIAN_POINT('',(-6.,-28.5,110.));
#11671=CARTESIAN_POINT('Origin',(-6.,-29.5,110.));
#11672=CARTESIAN_POINT('Origin',(-10.,-28.5,110.));
#11673=CARTESIAN_POINT('Origin',(-6.,-29.5,41.));
#11674=CARTESIAN_POINT('',(-6.,-28.5,48.));
#11675=CARTESIAN_POINT('Origin',(-6.,-29.5,48.));
#11676=CARTESIAN_POINT('',(-6.,-28.5,41.));
#11677=CARTESIAN_POINT('Origin',(-6.,-23.5,48.));
#11678=CARTESIAN_POINT('Origin',(-6.,-23.5,42.));
#11679=CARTESIAN_POINT('Origin',(-6.,-23.5,48.));
#11680=CARTESIAN_POINT('Origin',(-6.,2.5,42.));
#11681=CARTESIAN_POINT('Origin',(-9.00000022351742,-29.5,43.));
#11682=CARTESIAN_POINT('',(-9.00000022351742,-28.5,48.));
#11683=CARTESIAN_POINT('',(-10.0000002235174,-29.5,48.));
#11684=CARTESIAN_POINT('Origin',(-9.00000022351742,-29.5,48.));
#11685=CARTESIAN_POINT('',(-10.0000002235174,-29.5,105.000258598061));
#11686=CARTESIAN_POINT('',(-10.0000002235174,-29.5,43.));
#11687=CARTESIAN_POINT('',(-9.00000022351742,-28.5,105.000258598061));
#11688=CARTESIAN_POINT('Origin',(-9.00000022351742,-29.5,105.000258598061));
#11689=CARTESIAN_POINT('',(-9.00000022351742,-28.5,43.));
#11690=CARTESIAN_POINT('Origin',(-15.0000002235174,-29.5,105.000258598061));
#11691=CARTESIAN_POINT('',(-15.0000002235174,-29.5,110.000258598061));
#11692=CARTESIAN_POINT('',(-15.0000002235174,-28.5,111.000258598061));
#11693=CARTESIAN_POINT('Origin',(-15.0000002235174,-29.5,111.000258598061));
#11694=CARTESIAN_POINT('Origin',(-15.0000002235174,-28.5,105.000258598061));
#11695=CARTESIAN_POINT('Origin',(-15.0000002235174,-29.5,105.000258598061));
#11696=CARTESIAN_POINT('Origin',(-15.000000372529,-29.5,105.000258598061));
#11697=CARTESIAN_POINT('',(-21.000000372529,-28.5,105.000258598061));
#11698=CARTESIAN_POINT('Origin',(-21.000000372529,-29.5,105.000258598061));
#11699=CARTESIAN_POINT('Origin',(-15.000000372529,-28.5,105.000258598061));
#11700=CARTESIAN_POINT('Origin',(-15.000000372529,-29.5,105.000258598061));
#11701=CARTESIAN_POINT('Origin',(-21.000000372529,-29.5,73.9771292990305));
#11702=CARTESIAN_POINT('',(-21.000000372529,-28.5,48.));
#11703=CARTESIAN_POINT('Origin',(-21.000000372529,-29.5,48.));
#11704=CARTESIAN_POINT('',(-21.000000372529,-28.5,73.9771292990305));
#11705=CARTESIAN_POINT('Origin',(-21.000000372529,-23.5,48.));
#11706=CARTESIAN_POINT('Origin',(-21.000000372529,-23.5,42.));
#11707=CARTESIAN_POINT('Origin',(-21.000000372529,-23.5,48.));
#11708=CARTESIAN_POINT('Origin',(-21.000000372529,4.5,42.));
#11709=CARTESIAN_POINT('Origin',(-21.000000372529,82.5,42.));
#11710=CARTESIAN_POINT('Origin',(-15.000000372529,82.5,42.));
#11711=CARTESIAN_POINT('Origin',(-15.0000001937151,88.5,42.));
#11712=CARTESIAN_POINT('Origin',(-15.0000002235174,82.5,42.));
#11713=CARTESIAN_POINT('Origin',(-9.00000022351742,82.5,42.));
#11714=CARTESIAN_POINT('Origin',(-9.00000022351742,4.5,42.));
#11715=CARTESIAN_POINT('',(-10.0000002235174,-23.5,42.));
#11716=CARTESIAN_POINT('Origin',(-9.00000022351742,-23.5,42.));
#11717=CARTESIAN_POINT('',(-10.0000002235174,4.5,42.));
#11718=CARTESIAN_POINT('Origin',(-9.00000022351742,-23.5,48.));
#11719=CARTESIAN_POINT('Origin',(-9.00000022351742,-23.5,48.));
#11720=CARTESIAN_POINT('Origin',(-10.0000002235174,-23.5,48.));
#11721=CARTESIAN_POINT('Origin',(-10.,-23.5,48.));
#11722=CARTESIAN_POINT('',(-10.,-28.5,48.));
#11723=CARTESIAN_POINT('Origin',(-15.000000372529,-28.5,105.000258598061));
#11724=CARTESIAN_POINT('',(-15.0000002235174,-28.5,110.000258598061));
#11725=CARTESIAN_POINT('Origin',(-15.0000002235174,-28.5,105.000258598061));
#11726=CARTESIAN_POINT('',(-10.0000002235174,-28.5,105.000258598061));
#11727=CARTESIAN_POINT('Origin',(-10.,-23.5,48.));
#11728=CARTESIAN_POINT('',(-10.,-28.5,48.));
#11729=CARTESIAN_POINT('Origin',(-5.,-28.5,43.));
#11730=CARTESIAN_POINT('Origin',(-10.0000002235174,-28.5,43.));
#11731=CARTESIAN_POINT('',(0.,0.,0.));
#11732=CARTESIAN_POINT('Origin',(-34.9,-122.022901008037,-3.04865417936288));
#11733=CARTESIAN_POINT('',(-35.4,-125.328901743878,-9.92451865415626));
#11734=CARTESIAN_POINT('',(-34.9,-125.88369461987,-9.92451865415626));
#11735=CARTESIAN_POINT('Origin',(-34.9,-125.328901743878,-9.92451865415626));
#11736=CARTESIAN_POINT('',(-34.9,-117.019806021436,8.51071521066424));
#11737=CARTESIAN_POINT('',(-34.9,-122.473519627738,-2.8319911701109));
#11738=CARTESIAN_POINT('',(-35.4,-116.569187401734,8.29405220141226));
#11739=CARTESIAN_POINT('Origin',(-34.9,-116.569187401734,8.29405220141226));
#11740=CARTESIAN_POINT('',(-35.4,-122.022901008037,-3.04865417936288));
#11741=CARTESIAN_POINT('Origin',(-12.5,-116.569187401734,8.29405220141226));
#11742=CARTESIAN_POINT('',(-34.9,-116.656011490568,8.78645607791837));
#11743=CARTESIAN_POINT('Origin',(-34.9,-116.569187401734,8.29405220141226));
#11744=CARTESIAN_POINT('',(-15.1,-117.019806021436,8.51071521066424));
#11745=CARTESIAN_POINT('',(-12.5,-117.019806021436,8.51071521066424));
#11746=CARTESIAN_POINT('',(-15.1,-116.656011490568,8.78645607791837));
#11747=CARTESIAN_POINT('Origin',(-15.1,-116.569187401734,8.29405220141226));
#11748=CARTESIAN_POINT('',(-12.5,-116.656011490568,8.78645607791837));
#11749=CARTESIAN_POINT('Origin',(-34.9,-116.569187401734,8.29405220141226));
#11750=CARTESIAN_POINT('Origin',(-34.9,-116.569187401734,8.29405220141226));
#11751=CARTESIAN_POINT('Origin',(-15.1,-122.022901008037,-3.04865417936288));
#11752=CARTESIAN_POINT('',(-15.1,-125.88369461987,-9.92451865415626));
#11753=CARTESIAN_POINT('',(-14.6,-125.328901743878,-9.92451865415626));
#11754=CARTESIAN_POINT('Origin',(-15.1,-125.328901743878,-9.92451865415626));
#11755=CARTESIAN_POINT('',(-14.6,-116.569187401734,8.29405220141226));
#11756=CARTESIAN_POINT('',(-14.6,-122.022901008037,-3.04865417936288));
#11757=CARTESIAN_POINT('Origin',(-15.1,-116.569187401734,8.29405220141226));
#11758=CARTESIAN_POINT('',(-15.1,-122.473519627738,-2.8319911701109));
#11759=CARTESIAN_POINT('Origin',(-15.1,-116.569187401734,8.29405220141226));
#11760=CARTESIAN_POINT('Origin',(-15.1,-116.569187401734,8.29405220141226));
#11761=CARTESIAN_POINT('Origin',(-35.4,-112.316987080045,1.07015436383953));
#11762=CARTESIAN_POINT('',(-35.4,-98.7135306527673,11.4424862445245));
#11763=CARTESIAN_POINT('',(-35.4,-115.276456569409,8.52199552594493));
#11764=CARTESIAN_POINT('',(-35.4,-99.231340806555,7.09999984130264));
#11765=CARTESIAN_POINT('',(-35.4,-99.3815256446749,5.84051195228555));
#11766=CARTESIAN_POINT('',(-35.4,-99.3355297131552,7.69088449311012));
#11767=CARTESIAN_POINT('',(-35.4,-98.9130489109658,5.29487680051613));
#11768=CARTESIAN_POINT('',(-35.4,-113.681013043162,5.16138873072624));
#11769=CARTESIAN_POINT('',(-35.4,-106.196644745489,6.48108479516508));
#11770=CARTESIAN_POINT('',(-35.4,-114.731922545241,4.36484377768014));
#11771=CARTESIAN_POINT('Origin',(-35.4,-114.660622751541,5.36229870870127));
#11772=CARTESIAN_POINT('',(-35.4,-121.477415741443,-9.6645230430539));
#11773=CARTESIAN_POINT('',(-35.4,-115.054669820766,3.69358968446012));
#11774=CARTESIAN_POINT('',(-35.4,-120.936673397801,-9.92451865415626));
#11775=CARTESIAN_POINT('',(-35.4,-119.582968011569,-10.575396957445));
#11776=CARTESIAN_POINT('',(-35.4,-116.626830238923,-9.92451865415627));
#11777=CARTESIAN_POINT('Origin',(-34.9,-115.276456569409,8.52199552594493));
#11778=CARTESIAN_POINT('',(-34.9,-98.6516892463133,11.9611038589502));
#11779=CARTESIAN_POINT('',(-34.9,-115.363280658243,9.01439940245103));
#11780=CARTESIAN_POINT('Origin',(-34.9,-98.7135306527673,11.4424862445245));
#11781=CARTESIAN_POINT('Origin',(-12.5,-116.959171332071,8.73300081839407));
#11782=CARTESIAN_POINT('',(-15.1,-98.6516892463133,11.9611038589502));
#11783=CARTESIAN_POINT('',(-15.1,-115.363280658243,9.01439940245103));
#11784=CARTESIAN_POINT('',(-12.5,-98.6516892463133,11.9611038589502));
#11785=CARTESIAN_POINT('Origin',(-15.1,-115.276456569409,8.52199552594493));
#11786=CARTESIAN_POINT('',(-14.6,-98.7135306527673,11.4424862445245));
#11787=CARTESIAN_POINT('',(-14.6,-115.276456569409,8.52199552594493));
#11788=CARTESIAN_POINT('Origin',(-15.1,-98.7135306527673,11.4424862445245));
#11789=CARTESIAN_POINT('Origin',(-14.6,-112.316987080045,1.07015436383953));
#11790=CARTESIAN_POINT('',(-14.6,-120.936673397801,-9.92451865415626));
#11791=CARTESIAN_POINT('',(-14.6,-116.626830238923,-9.92451865415627));
#11792=CARTESIAN_POINT('',(-14.6,-121.477415741443,-9.6645230430539));
#11793=CARTESIAN_POINT('',(-14.6,-119.582968011569,-10.575396957445));
#11794=CARTESIAN_POINT('',(-14.6,-114.731922545241,4.36484377768014));
#11795=CARTESIAN_POINT('',(-14.6,-115.054669820766,3.69358968446012));
#11796=CARTESIAN_POINT('',(-14.6,-113.681013043162,5.16138873072624));
#11797=CARTESIAN_POINT('Origin',(-14.6,-114.660622751541,5.36229870870127));
#11798=CARTESIAN_POINT('',(-14.6,-99.3355297131552,7.69088449311012));
#11799=CARTESIAN_POINT('',(-14.6,-106.196644745489,6.48108479516508));
#11800=CARTESIAN_POINT('',(-14.6,-99.231340806555,7.09999984130264));
#11801=CARTESIAN_POINT('',(-14.6,-98.9130489109658,5.29487680051613));
#11802=CARTESIAN_POINT('',(-14.6,-99.3815256446749,5.84051195228555));
#11803=CARTESIAN_POINT('Origin',(-15.1,-115.054669820766,3.69358968446012));
#11804=CARTESIAN_POINT('',(-15.1,-121.026797121741,-9.88118605230586));
#11805=CARTESIAN_POINT('Origin',(-15.1,-121.477415741443,-9.66452304305389));
#11806=CARTESIAN_POINT('',(-15.1,-114.093580825678,4.53860977814909));
#11807=CARTESIAN_POINT('',(-15.1,-114.604051201064,3.47692667520815));
#11808=CARTESIAN_POINT('Ctrl Pts',(-14.6,-114.731922545241,4.36484377768013));
#11809=CARTESIAN_POINT('Ctrl Pts',(-14.6,-114.654405258608,4.35930270873237));
#11810=CARTESIAN_POINT('Ctrl Pts',(-14.6162739683835,-114.572488804045,
4.36318551469298));
#11811=CARTESIAN_POINT('Ctrl Pts',(-14.6741010830813,-114.41974708194,4.3886593404611));
#11812=CARTESIAN_POINT('Ctrl Pts',(-14.7154661095723,-114.348824200195,
4.4100914175217));
#11813=CARTESIAN_POINT('Ctrl Pts',(-14.802315186398,-114.239212945789,4.45373808866329));
#11814=CARTESIAN_POINT('Ctrl Pts',(-14.8529502872209,-114.189931869036,
4.47896799478696));
#11815=CARTESIAN_POINT('Ctrl Pts',(-14.9386602223343,-114.135318057274,
4.51113313616863));
#11816=CARTESIAN_POINT('Ctrl Pts',(-14.9689561849198,-114.120384761469,
4.52069314790986));
#11817=CARTESIAN_POINT('Ctrl Pts',(-15.032409380746,-114.099486782218,4.53448059584176));
#11818=CARTESIAN_POINT('Ctrl Pts',(-15.0656072463852,-114.093580825678,
4.53860977814934));
#11819=CARTESIAN_POINT('Ctrl Pts',(-15.1,-114.093580825678,4.53860977814934));
#11820=CARTESIAN_POINT('Origin',(-12.5,-114.093580825678,4.53860977814898));
#11821=CARTESIAN_POINT('',(-34.9,-121.026797121741,-9.88118605230586));
#11822=CARTESIAN_POINT('',(-12.5,-121.026797121741,-9.88118605230586));
#11823=CARTESIAN_POINT('',(-34.9,-114.093580825678,4.53860977814909));
#11824=CARTESIAN_POINT('',(-34.9,-114.604051201064,3.47692667520814));
#11825=CARTESIAN_POINT('',(-12.5,-114.093580825678,4.53860977814909));
#11826=CARTESIAN_POINT('Origin',(-15.1,-106.196644745489,6.48108479516508));
#11827=CARTESIAN_POINT('',(-15.1,-114.020821919505,4.59375795159991));
#11828=CARTESIAN_POINT('Ctrl Pts',(-15.1,-114.020821919505,4.59375795159992));
#11829=CARTESIAN_POINT('Ctrl Pts',(-15.0656072463852,-114.020821919505,
4.59375795159993));
#11830=CARTESIAN_POINT('Ctrl Pts',(-15.032409380746,-114.015250324104,4.59832826820605));
#11831=CARTESIAN_POINT('Ctrl Pts',(-14.9689561849198,-113.996328317326,
4.61472268544817));
#11832=CARTESIAN_POINT('Ctrl Pts',(-14.9386602223343,-113.983088374601,
4.62651679689038));
#11833=CARTESIAN_POINT('Ctrl Pts',(-14.8529502872209,-113.937360954923,
4.67040606488282));
#11834=CARTESIAN_POINT('Ctrl Pts',(-14.802315186398,-113.899751865085,4.71103522990653));
#11835=CARTESIAN_POINT('Ctrl Pts',(-14.7154661095722,-113.828107361022,
4.80477275724634));
#11836=CARTESIAN_POINT('Ctrl Pts',(-14.6741010830813,-113.788306208132,
4.8672648152273));
#11837=CARTESIAN_POINT('Ctrl Pts',(-14.6162739683834,-113.722502591871,
5.00743911229304));
#11838=CARTESIAN_POINT('Ctrl Pts',(-14.6,-113.696626777543,5.08525828694293));
#11839=CARTESIAN_POINT('Ctrl Pts',(-14.6,-113.681013043162,5.16138873072624));
#11840=CARTESIAN_POINT('',(-15.1,-99.2487056243216,7.19848061660386));
#11841=CARTESIAN_POINT('',(-15.1,-106.109820656656,5.98868091865898));
#11842=CARTESIAN_POINT('Origin',(-15.1,-99.3355297131552,7.69088449311012));
#11843=CARTESIAN_POINT('Origin',(-12.5,-99.2487056243217,7.19848061660402));
#11844=CARTESIAN_POINT('',(-34.9,-114.020821919505,4.59375795159991));
#11845=CARTESIAN_POINT('',(-12.5,-114.020821919505,4.59375795159991));
#11846=CARTESIAN_POINT('',(-34.9,-99.2487056243216,7.19848061660386));
#11847=CARTESIAN_POINT('',(-34.9,-106.109820656656,5.98868091865898));
#11848=CARTESIAN_POINT('',(-12.5,-99.2487056243216,7.19848061660386));
#11849=CARTESIAN_POINT('Origin',(-34.9,-115.054669820766,3.69358968446012));
#11850=CARTESIAN_POINT('Ctrl Pts',(-34.9,-114.093580825678,4.53860977814934));
#11851=CARTESIAN_POINT('Ctrl Pts',(-34.9343927536148,-114.093580825678,
4.53860977814934));
#11852=CARTESIAN_POINT('Ctrl Pts',(-34.967590619254,-114.099486782218,4.53448059584176));
#11853=CARTESIAN_POINT('Ctrl Pts',(-35.0310438150802,-114.120384761469,
4.52069314790986));
#11854=CARTESIAN_POINT('Ctrl Pts',(-35.0613397776657,-114.135318057274,
4.51113313616863));
#11855=CARTESIAN_POINT('Ctrl Pts',(-35.1470497127791,-114.189931869036,
4.47896799478696));
#11856=CARTESIAN_POINT('Ctrl Pts',(-35.197684813602,-114.239212945789,4.45373808866329));
#11857=CARTESIAN_POINT('Ctrl Pts',(-35.2845338904277,-114.348824200195,
4.4100914175217));
#11858=CARTESIAN_POINT('Ctrl Pts',(-35.3258989169187,-114.41974708194,4.3886593404611));
#11859=CARTESIAN_POINT('Ctrl Pts',(-35.3837260316166,-114.572488804045,
4.36318551469298));
#11860=CARTESIAN_POINT('Ctrl Pts',(-35.4,-114.654405258608,4.35930270873237));
#11861=CARTESIAN_POINT('Ctrl Pts',(-35.4,-114.731922545241,4.36484377768013));
#11862=CARTESIAN_POINT('Origin',(-34.9,-121.477415741443,-9.66452304305389));
#11863=CARTESIAN_POINT('Origin',(-34.9,-106.196644745489,6.48108479516508));
#11864=CARTESIAN_POINT('Origin',(-34.9,-99.3355297131552,7.69088449311012));
#11865=CARTESIAN_POINT('Ctrl Pts',(-35.4,-113.681013043162,5.16138873072624));
#11866=CARTESIAN_POINT('Ctrl Pts',(-35.4,-113.696626777543,5.08525828694293));
#11867=CARTESIAN_POINT('Ctrl Pts',(-35.3837260316166,-113.722502591871,
5.00743911229304));
#11868=CARTESIAN_POINT('Ctrl Pts',(-35.3258989169187,-113.788306208132,
4.8672648152273));
#11869=CARTESIAN_POINT('Ctrl Pts',(-35.2845338904278,-113.828107361022,
4.80477275724634));
#11870=CARTESIAN_POINT('Ctrl Pts',(-35.197684813602,-113.899751865085,4.71103522990654));
#11871=CARTESIAN_POINT('Ctrl Pts',(-35.1470497127791,-113.937360954923,
4.67040606488282));
#11872=CARTESIAN_POINT('Ctrl Pts',(-35.0613397776657,-113.983088374601,
4.62651679689038));
#11873=CARTESIAN_POINT('Ctrl Pts',(-35.0310438150802,-113.996328317326,
4.61472268544817));
#11874=CARTESIAN_POINT('Ctrl Pts',(-34.967590619254,-114.015250324104,4.59832826820605));
#11875=CARTESIAN_POINT('Ctrl Pts',(-34.9343927536148,-114.020821919505,
4.59375795159992));
#11876=CARTESIAN_POINT('Ctrl Pts',(-34.9,-114.020821919505,4.59375795159992));
#11877=CARTESIAN_POINT('Origin',(-12.5,-114.660622751541,5.36229870870127));
#11878=CARTESIAN_POINT('Origin',(-12.5,-125.904529471128,-9.96785125600653));
#11879=CARTESIAN_POINT('',(-12.5,-125.88369461987,-9.92451865415626));
#11880=CARTESIAN_POINT('Origin',(-35.4,-120.936673397801,-9.92451865415626));
#11881=CARTESIAN_POINT('',(-12.5,-120.936673397801,-9.92451865415626));
#11882=CARTESIAN_POINT('Origin',(-14.6,-99.231340806555,7.09999984130264));
#11883=CARTESIAN_POINT('',(-12.5,-99.231340806555,7.09999984130264));
#11884=CARTESIAN_POINT('Origin',(-12.5,-120.936673397801,-9.92451865415626));
#11885=CARTESIAN_POINT('Origin',(-12.5,-98.6393209650225,12.0648273818353));
#11886=CARTESIAN_POINT('Origin',(-16.25,-78.,6.));
#11887=CARTESIAN_POINT('',(-45.7739273755945,-78.,4.));
#11888=CARTESIAN_POINT('',(-44.22607396551,-78.,4.));
#11889=CARTESIAN_POINT('Ctrl Pts',(-44.22607396551,-78.,4.));
#11890=CARTESIAN_POINT('Ctrl Pts',(-44.3033689754019,-78.0598207409595,
4.));
#11891=CARTESIAN_POINT('Ctrl Pts',(-44.3888953238653,-78.1114586841831,
4.00268844082269));
#11892=CARTESIAN_POINT('Ctrl Pts',(-44.6448209214493,-78.2271231088901,
4.01152105715396));
#11893=CARTESIAN_POINT('Ctrl Pts',(-44.8274917391854,-78.2645011473894,
4.01756736734141));
#11894=CARTESIAN_POINT('Ctrl Pts',(-45.0000006705523,-78.2645011473894,
4.01756736734141));
#11895=CARTESIAN_POINT('Ctrl Pts',(-45.1725096019191,-78.2645011473894,
4.01756736734141));
#11896=CARTESIAN_POINT('Ctrl Pts',(-45.3551804196552,-78.2271231088901,
4.01152105715396));
#11897=CARTESIAN_POINT('Ctrl Pts',(-45.6111060172393,-78.1114586841831,
4.00268844082268));
#11898=CARTESIAN_POINT('Ctrl Pts',(-45.6966323657027,-78.0598207409595,
4.));
#11899=CARTESIAN_POINT('Ctrl Pts',(-45.7739273755945,-78.,4.));
#11900=CARTESIAN_POINT('',(-55.,-78.,4.));
#11901=CARTESIAN_POINT('',(-16.25,-78.,4.));
#11902=CARTESIAN_POINT('',(-55.,-80.,6.));
#11903=CARTESIAN_POINT('Origin',(-55.,-78.,6.));
#11904=CARTESIAN_POINT('',(5.,-80.,6.));
#11905=CARTESIAN_POINT('',(-16.25,-80.,6.));
#11906=CARTESIAN_POINT('',(5.,-78.,4.));
#11907=CARTESIAN_POINT('Origin',(5.,-78.,6.));
#11908=CARTESIAN_POINT('',(-4.2260733694636,-78.,4.));
#11909=CARTESIAN_POINT('',(-16.25,-78.,4.));
#11910=CARTESIAN_POINT('',(-5.77392677954802,-78.,4.));
#11911=CARTESIAN_POINT('Ctrl Pts',(-4.2260733694636,-78.,4.));
#11912=CARTESIAN_POINT('Ctrl Pts',(-4.30336837935539,-78.0598207409595,
4.));
#11913=CARTESIAN_POINT('Ctrl Pts',(-4.3888947278188,-78.1114586841831,4.00268844082269));
#11914=CARTESIAN_POINT('Ctrl Pts',(-4.64482032540284,-78.2271231088901,
4.01152105715396));
#11915=CARTESIAN_POINT('Ctrl Pts',(-4.82749114313892,-78.2645011473894,
4.01756736734141));
#11916=CARTESIAN_POINT('Ctrl Pts',(-5.00000007450581,-78.2645011473894,
4.01756736734141));
#11917=CARTESIAN_POINT('Ctrl Pts',(-5.17250900587269,-78.2645011473894,
4.01756736734141));
#11918=CARTESIAN_POINT('Ctrl Pts',(-5.35517982360877,-78.2271231088901,
4.01152105715396));
#11919=CARTESIAN_POINT('Ctrl Pts',(-5.61110542119281,-78.1114586841831,
4.00268844082269));
#11920=CARTESIAN_POINT('Ctrl Pts',(-5.69663176965622,-78.0598207409594,
4.));
#11921=CARTESIAN_POINT('Ctrl Pts',(-5.77392677954802,-78.,4.));
#11922=CARTESIAN_POINT('',(-16.25,-78.,4.));
#11923=CARTESIAN_POINT('Origin',(-32.5,-40.,4.));
#11924=CARTESIAN_POINT('',(5.,2.,4.));
#11925=CARTESIAN_POINT('',(5.,-60.,4.));
#11926=CARTESIAN_POINT('',(3.,4.,4.));
#11927=CARTESIAN_POINT('Origin',(3.,2.,4.));
#11928=CARTESIAN_POINT('',(-53.,4.,4.));
#11929=CARTESIAN_POINT('',(-65.,4.,4.));
#11930=CARTESIAN_POINT('',(-55.,2.,4.));
#11931=CARTESIAN_POINT('Origin',(-53.,2.,4.));
#11932=CARTESIAN_POINT('',(-55.,-20.,4.));
#11933=CARTESIAN_POINT('',(-43.7355006705523,-77.0000011473894,4.));
#11934=CARTESIAN_POINT('Origin',(-45.0000006705523,-77.0000011473894,4.));
#11935=CARTESIAN_POINT('Origin',(-45.0000006705523,-77.0000011473894,4.));
#11936=CARTESIAN_POINT('',(-3.73550007450581,-77.0000011473894,4.));
#11937=CARTESIAN_POINT('Origin',(-5.00000007450581,-77.0000011473894,4.));
#11938=CARTESIAN_POINT('Origin',(-5.00000007450581,-77.0000011473894,4.));
#11939=CARTESIAN_POINT('',(-28.7355004470348,-6.00000008940697,4.));
#11940=CARTESIAN_POINT('Origin',(-30.0000004470348,-6.00000008940697,4.));
#11941=CARTESIAN_POINT('',(1.2645,-6.00000008940697,4.));
#11942=CARTESIAN_POINT('Origin',(0.,-6.00000008940697,4.));
#11943=CARTESIAN_POINT('Origin',(0.,-80.,4.));
#11944=CARTESIAN_POINT('',(-55.,-80.,79.));
#11945=CARTESIAN_POINT('',(-55.,-80.,2.));
#11946=CARTESIAN_POINT('',(-50.,-80.,84.));
#11947=CARTESIAN_POINT('Origin',(-50.,-80.,79.));
#11948=CARTESIAN_POINT('',(0.,-80.,84.));
#11949=CARTESIAN_POINT('',(-5.,-80.,84.));
#11950=CARTESIAN_POINT('',(5.,-80.,79.));
#11951=CARTESIAN_POINT('Origin',(0.,-80.,79.));
#11952=CARTESIAN_POINT('',(5.,-80.,2.));
#11953=CARTESIAN_POINT('',(-45.5000006109476,-80.,74.5000010430813));
#11954=CARTESIAN_POINT('',(-36.5000006109476,-80.,74.5000010430813));
#11955=CARTESIAN_POINT('Origin',(-41.0000006109476,-80.,74.5000010430813));
#11956=CARTESIAN_POINT('',(-45.5000006109476,-80.,13.5000010430813));
#11957=CARTESIAN_POINT('',(-45.5000006109476,-80.,22.0000005215406));
#11958=CARTESIAN_POINT('',(-36.5000006109476,-80.,13.5000010430813));
#11959=CARTESIAN_POINT('Origin',(-41.0000006109476,-80.,13.5000010430813));
#11960=CARTESIAN_POINT('',(-36.5000006109476,-80.,22.0000005215406));
#11961=CARTESIAN_POINT('',(-11.5000002011657,-80.,75.0000011175871));
#11962=CARTESIAN_POINT('',(-13.5000002011657,-80.,77.0000011175871));
#11963=CARTESIAN_POINT('Origin',(-11.5000002011657,-80.,77.0000011175871));
#11964=CARTESIAN_POINT('',(-5.50000005215406,-80.,75.0000011175871));
#11965=CARTESIAN_POINT('',(-6.75000010058284,-80.,75.0000011175871));
#11966=CARTESIAN_POINT('',(-3.50000005215406,-80.,77.0000011175871));
#11967=CARTESIAN_POINT('Origin',(-5.50000005215406,-80.,77.0000011175871));
#11968=CARTESIAN_POINT('',(-5.50000005215406,-80.,79.0000011771917));
#11969=CARTESIAN_POINT('Origin',(-5.50000005215406,-80.,77.0000011771917));
#11970=CARTESIAN_POINT('',(-11.5000002011657,-80.,79.0000011771917));
#11971=CARTESIAN_POINT('',(-1.75000002607703,-80.,79.0000011771917));
#11972=CARTESIAN_POINT('Origin',(-11.5000002011657,-80.,77.0000011771917));
#11973=CARTESIAN_POINT('',(-13.5000002011657,-80.,69.1428582604442));
#11974=CARTESIAN_POINT('',(-11.5000002011657,-80.,71.1428583200489));
#11975=CARTESIAN_POINT('Origin',(-11.5000002011657,-80.,69.1428583200489));
#11976=CARTESIAN_POINT('',(-11.5000002011657,-80.,67.1428582604442));
#11977=CARTESIAN_POINT('Origin',(-11.5000002011657,-80.,69.1428582604442));
#11978=CARTESIAN_POINT('',(-5.50000005215406,-80.,67.1428582604442));
#11979=CARTESIAN_POINT('',(-6.75000010058284,-80.,67.1428582604442));
#11980=CARTESIAN_POINT('',(-3.50000005215406,-80.,69.1428582604442));
#11981=CARTESIAN_POINT('Origin',(-5.50000005215406,-80.,69.1428582604442));
#11982=CARTESIAN_POINT('',(-5.50000005215406,-80.,71.1428583200489));
#11983=CARTESIAN_POINT('Origin',(-5.50000005215406,-80.,69.1428583200489));
#11984=CARTESIAN_POINT('',(-1.75000002607703,-80.,71.1428583200489));
#11985=CARTESIAN_POINT('',(-13.5000002011657,-80.,61.2857154033014));
#11986=CARTESIAN_POINT('',(-11.5000002011657,-80.,63.285715462906));
#11987=CARTESIAN_POINT('Origin',(-11.5000002011657,-80.,61.285715462906));
#11988=CARTESIAN_POINT('',(-11.5000002011657,-80.,59.2857154033014));
#11989=CARTESIAN_POINT('Origin',(-11.5000002011657,-80.,61.2857154033014));
#11990=CARTESIAN_POINT('',(-5.50000005215406,-80.,59.2857154033014));
#11991=CARTESIAN_POINT('',(-6.75000010058284,-80.,59.2857154033014));
#11992=CARTESIAN_POINT('',(-3.50000005215406,-80.,61.2857154033014));
#11993=CARTESIAN_POINT('Origin',(-5.50000005215406,-80.,61.2857154033014));
#11994=CARTESIAN_POINT('',(-5.50000005215406,-80.,63.285715462906));
#11995=CARTESIAN_POINT('Origin',(-5.50000005215406,-80.,61.285715462906));
#11996=CARTESIAN_POINT('',(-1.75000002607703,-80.,63.285715462906));
#11997=CARTESIAN_POINT('',(-13.5000002011657,-80.,53.4285725461585));
#11998=CARTESIAN_POINT('',(-11.5000002011657,-80.,55.4285726057632));
#11999=CARTESIAN_POINT('Origin',(-11.5000002011657,-80.,53.4285726057632));
#12000=CARTESIAN_POINT('',(-11.5000002011657,-80.,51.4285725461585));
#12001=CARTESIAN_POINT('Origin',(-11.5000002011657,-80.,53.4285725461585));
#12002=CARTESIAN_POINT('',(-5.50000005215406,-80.,51.4285725461585));
#12003=CARTESIAN_POINT('',(-6.75000010058284,-80.,51.4285725461585));
#12004=CARTESIAN_POINT('',(-3.50000005215406,-80.,53.4285725461585));
#12005=CARTESIAN_POINT('Origin',(-5.50000005215406,-80.,53.4285725461585));
#12006=CARTESIAN_POINT('',(-5.50000005215406,-80.,55.4285726057632));
#12007=CARTESIAN_POINT('Origin',(-5.50000005215406,-80.,53.4285726057632));
#12008=CARTESIAN_POINT('',(-1.75000002607703,-80.,55.4285726057632));
#12009=CARTESIAN_POINT('',(-13.5000002011657,-80.,45.5714296890157));
#12010=CARTESIAN_POINT('',(-11.5000002011657,-80.,47.5714297486203));
#12011=CARTESIAN_POINT('Origin',(-11.5000002011657,-80.,45.5714297486203));
#12012=CARTESIAN_POINT('',(-11.5000002011657,-80.,43.5714296890157));
#12013=CARTESIAN_POINT('Origin',(-11.5000002011657,-80.,45.5714296890157));
#12014=CARTESIAN_POINT('',(-5.50000005215406,-80.,43.5714296890157));
#12015=CARTESIAN_POINT('',(-6.75000010058284,-80.,43.5714296890157));
#12016=CARTESIAN_POINT('',(-3.50000005215406,-80.,45.5714296890157));
#12017=CARTESIAN_POINT('Origin',(-5.50000005215406,-80.,45.5714296890157));
#12018=CARTESIAN_POINT('',(-5.50000005215406,-80.,47.5714297486203));
#12019=CARTESIAN_POINT('Origin',(-5.50000005215406,-80.,45.5714297486203));
#12020=CARTESIAN_POINT('',(-1.75000002607703,-80.,47.5714297486203));
#12021=CARTESIAN_POINT('',(-13.5000002011657,-80.,37.7142868318728));
#12022=CARTESIAN_POINT('',(-11.5000002011657,-80.,39.7142868914774));
#12023=CARTESIAN_POINT('Origin',(-11.5000002011657,-80.,37.7142868914774));
#12024=CARTESIAN_POINT('',(-11.5000002011657,-80.,35.7142868318728));
#12025=CARTESIAN_POINT('Origin',(-11.5000002011657,-80.,37.7142868318728));
#12026=CARTESIAN_POINT('',(-5.50000005215406,-80.,35.7142868318728));
#12027=CARTESIAN_POINT('',(-6.75000010058284,-80.,35.7142868318728));
#12028=CARTESIAN_POINT('',(-3.50000005215406,-80.,37.7142868318728));
#12029=CARTESIAN_POINT('Origin',(-5.50000005215406,-80.,37.7142868318728));
#12030=CARTESIAN_POINT('',(-5.50000005215406,-80.,39.7142868914774));
#12031=CARTESIAN_POINT('Origin',(-5.50000005215406,-80.,37.7142868914775));
#12032=CARTESIAN_POINT('',(-1.75000002607703,-80.,39.7142868914774));
#12033=CARTESIAN_POINT('',(-13.5000002011657,-80.,29.8571439747299));
#12034=CARTESIAN_POINT('',(-11.5000002011657,-80.,31.8571440343346));
#12035=CARTESIAN_POINT('Origin',(-11.5000002011657,-80.,29.8571440343346));
#12036=CARTESIAN_POINT('',(-11.5000002011657,-80.,27.8571439747299));
#12037=CARTESIAN_POINT('Origin',(-11.5000002011657,-80.,29.8571439747299));
#12038=CARTESIAN_POINT('',(-5.50000005215406,-80.,27.8571439747299));
#12039=CARTESIAN_POINT('',(-6.75000010058284,-80.,27.8571439747299));
#12040=CARTESIAN_POINT('',(-3.50000005215406,-80.,29.8571439747299));
#12041=CARTESIAN_POINT('Origin',(-5.50000005215406,-80.,29.8571439747299));
#12042=CARTESIAN_POINT('',(-5.50000005215406,-80.,31.8571440343346));
#12043=CARTESIAN_POINT('Origin',(-5.50000005215406,-80.,29.8571440343346));
#12044=CARTESIAN_POINT('',(-1.75000002607703,-80.,31.8571440343346));
#12045=CARTESIAN_POINT('',(-13.5000002011657,-80.,22.0000011175871));
#12046=CARTESIAN_POINT('',(-11.5000002011657,-80.,24.0000011771917));
#12047=CARTESIAN_POINT('Origin',(-11.5000002011657,-80.,22.0000011771917));
#12048=CARTESIAN_POINT('',(-11.5000002011657,-80.,20.0000011175871));
#12049=CARTESIAN_POINT('Origin',(-11.5000002011657,-80.,22.0000011175871));
#12050=CARTESIAN_POINT('',(-5.50000005215406,-80.,20.0000011175871));
#12051=CARTESIAN_POINT('',(-6.75000010058284,-80.,20.0000011175871));
#12052=CARTESIAN_POINT('',(-3.50000005215406,-80.,22.0000011175871));
#12053=CARTESIAN_POINT('Origin',(-5.50000005215406,-80.,22.0000011175871));
#12054=CARTESIAN_POINT('',(-5.50000005215406,-80.,24.0000011771917));
#12055=CARTESIAN_POINT('Origin',(-5.50000005215406,-80.,22.0000011771917));
#12056=CARTESIAN_POINT('',(-1.75000002607703,-80.,24.0000011771917));
#12057=CARTESIAN_POINT('',(-28.5000002011657,-80.,77.0000011175871));
#12058=CARTESIAN_POINT('',(-26.5000002011657,-80.,79.0000011771917));
#12059=CARTESIAN_POINT('Origin',(-26.5000002011657,-80.,77.0000011771917));
#12060=CARTESIAN_POINT('',(-26.5000002011657,-80.,75.0000011175871));
#12061=CARTESIAN_POINT('Origin',(-26.5000002011657,-80.,77.0000011175871));
#12062=CARTESIAN_POINT('',(-20.5000000521541,-80.,75.0000011175871));
#12063=CARTESIAN_POINT('',(-21.7500001005828,-80.,75.0000011175871));
#12064=CARTESIAN_POINT('',(-18.5000000521541,-80.,77.0000011175871));
#12065=CARTESIAN_POINT('Origin',(-20.5000000521541,-80.,77.0000011175871));
#12066=CARTESIAN_POINT('',(-20.5000000521541,-80.,79.0000011771917));
#12067=CARTESIAN_POINT('Origin',(-20.5000000521541,-80.,77.0000011771917));
#12068=CARTESIAN_POINT('',(-16.750000026077,-80.,79.0000011771917));
#12069=CARTESIAN_POINT('',(-28.5000002011657,-80.,69.1428582604442));
#12070=CARTESIAN_POINT('',(-26.5000002011657,-80.,71.1428583200489));
#12071=CARTESIAN_POINT('Origin',(-26.5000002011657,-80.,69.1428583200489));
#12072=CARTESIAN_POINT('',(-26.5000002011657,-80.,67.1428582604442));
#12073=CARTESIAN_POINT('Origin',(-26.5000002011657,-80.,69.1428582604442));
#12074=CARTESIAN_POINT('',(-20.5000000521541,-80.,67.1428582604442));
#12075=CARTESIAN_POINT('',(-21.7500001005828,-80.,67.1428582604442));
#12076=CARTESIAN_POINT('',(-18.5000000521541,-80.,69.1428582604442));
#12077=CARTESIAN_POINT('Origin',(-20.5000000521541,-80.,69.1428582604442));
#12078=CARTESIAN_POINT('',(-20.5000000521541,-80.,71.1428583200489));
#12079=CARTESIAN_POINT('Origin',(-20.5000000521541,-80.,69.1428583200489));
#12080=CARTESIAN_POINT('',(-16.750000026077,-80.,71.1428583200489));
#12081=CARTESIAN_POINT('',(-28.5000002011657,-80.,61.2857154033014));
#12082=CARTESIAN_POINT('',(-26.5000002011657,-80.,63.285715462906));
#12083=CARTESIAN_POINT('Origin',(-26.5000002011657,-80.,61.285715462906));
#12084=CARTESIAN_POINT('',(-26.5000002011657,-80.,59.2857154033014));
#12085=CARTESIAN_POINT('Origin',(-26.5000002011657,-80.,61.2857154033014));
#12086=CARTESIAN_POINT('',(-20.5000000521541,-80.,59.2857154033014));
#12087=CARTESIAN_POINT('',(-21.7500001005828,-80.,59.2857154033014));
#12088=CARTESIAN_POINT('',(-18.5000000521541,-80.,61.2857154033014));
#12089=CARTESIAN_POINT('Origin',(-20.5000000521541,-80.,61.2857154033014));
#12090=CARTESIAN_POINT('',(-20.5000000521541,-80.,63.285715462906));
#12091=CARTESIAN_POINT('Origin',(-20.5000000521541,-80.,61.285715462906));
#12092=CARTESIAN_POINT('',(-16.750000026077,-80.,63.285715462906));
#12093=CARTESIAN_POINT('',(-28.5000002011657,-80.,53.4285725461585));
#12094=CARTESIAN_POINT('',(-26.5000002011657,-80.,55.4285726057632));
#12095=CARTESIAN_POINT('Origin',(-26.5000002011657,-80.,53.4285726057632));
#12096=CARTESIAN_POINT('',(-26.5000002011657,-80.,51.4285725461585));
#12097=CARTESIAN_POINT('Origin',(-26.5000002011657,-80.,53.4285725461585));
#12098=CARTESIAN_POINT('',(-20.5000000521541,-80.,51.4285725461585));
#12099=CARTESIAN_POINT('',(-21.7500001005828,-80.,51.4285725461585));
#12100=CARTESIAN_POINT('',(-18.5000000521541,-80.,53.4285725461585));
#12101=CARTESIAN_POINT('Origin',(-20.5000000521541,-80.,53.4285725461585));
#12102=CARTESIAN_POINT('',(-20.5000000521541,-80.,55.4285726057632));
#12103=CARTESIAN_POINT('Origin',(-20.5000000521541,-80.,53.4285726057632));
#12104=CARTESIAN_POINT('',(-16.750000026077,-80.,55.4285726057632));
#12105=CARTESIAN_POINT('',(-28.5000002011657,-80.,45.5714296890157));
#12106=CARTESIAN_POINT('',(-26.5000002011657,-80.,47.5714297486203));
#12107=CARTESIAN_POINT('Origin',(-26.5000002011657,-80.,45.5714297486203));
#12108=CARTESIAN_POINT('',(-26.5000002011657,-80.,43.5714296890157));
#12109=CARTESIAN_POINT('Origin',(-26.5000002011657,-80.,45.5714296890157));
#12110=CARTESIAN_POINT('',(-20.5000000521541,-80.,43.5714296890157));
#12111=CARTESIAN_POINT('',(-21.7500001005828,-80.,43.5714296890157));
#12112=CARTESIAN_POINT('',(-18.5000000521541,-80.,45.5714296890157));
#12113=CARTESIAN_POINT('Origin',(-20.5000000521541,-80.,45.5714296890157));
#12114=CARTESIAN_POINT('',(-20.5000000521541,-80.,47.5714297486203));
#12115=CARTESIAN_POINT('Origin',(-20.5000000521541,-80.,45.5714297486203));
#12116=CARTESIAN_POINT('',(-16.750000026077,-80.,47.5714297486203));
#12117=CARTESIAN_POINT('',(-28.5000002011657,-80.,37.7142868318728));
#12118=CARTESIAN_POINT('',(-26.5000002011657,-80.,39.7142868914774));
#12119=CARTESIAN_POINT('Origin',(-26.5000002011657,-80.,37.7142868914774));
#12120=CARTESIAN_POINT('',(-26.5000002011657,-80.,35.7142868318728));
#12121=CARTESIAN_POINT('Origin',(-26.5000002011657,-80.,37.7142868318728));
#12122=CARTESIAN_POINT('',(-20.5000000521541,-80.,35.7142868318728));
#12123=CARTESIAN_POINT('',(-21.7500001005828,-80.,35.7142868318728));
#12124=CARTESIAN_POINT('',(-18.5000000521541,-80.,37.7142868318728));
#12125=CARTESIAN_POINT('Origin',(-20.5000000521541,-80.,37.7142868318728));
#12126=CARTESIAN_POINT('',(-20.5000000521541,-80.,39.7142868914774));
#12127=CARTESIAN_POINT('Origin',(-20.5000000521541,-80.,37.7142868914775));
#12128=CARTESIAN_POINT('',(-16.750000026077,-80.,39.7142868914774));
#12129=CARTESIAN_POINT('',(-28.5000002011657,-80.,29.8571439747299));
#12130=CARTESIAN_POINT('',(-26.5000002011657,-80.,31.8571440343346));
#12131=CARTESIAN_POINT('Origin',(-26.5000002011657,-80.,29.8571440343346));
#12132=CARTESIAN_POINT('',(-26.5000002011657,-80.,27.8571439747299));
#12133=CARTESIAN_POINT('Origin',(-26.5000002011657,-80.,29.8571439747299));
#12134=CARTESIAN_POINT('',(-20.5000000521541,-80.,27.8571439747299));
#12135=CARTESIAN_POINT('',(-21.7500001005828,-80.,27.8571439747299));
#12136=CARTESIAN_POINT('',(-18.5000000521541,-80.,29.8571439747299));
#12137=CARTESIAN_POINT('Origin',(-20.5000000521541,-80.,29.8571439747299));
#12138=CARTESIAN_POINT('',(-20.5000000521541,-80.,31.8571440343346));
#12139=CARTESIAN_POINT('Origin',(-20.5000000521541,-80.,29.8571440343346));
#12140=CARTESIAN_POINT('',(-16.750000026077,-80.,31.8571440343346));
#12141=CARTESIAN_POINT('',(-28.5000002011657,-80.,22.0000011175871));
#12142=CARTESIAN_POINT('',(-26.5000002011657,-80.,24.0000011771917));
#12143=CARTESIAN_POINT('Origin',(-26.5000002011657,-80.,22.0000011771917));
#12144=CARTESIAN_POINT('',(-26.5000002011657,-80.,20.0000011175871));
#12145=CARTESIAN_POINT('Origin',(-26.5000002011657,-80.,22.0000011175871));
#12146=CARTESIAN_POINT('',(-20.5000000521541,-80.,20.0000011175871));
#12147=CARTESIAN_POINT('',(-21.7500001005828,-80.,20.0000011175871));
#12148=CARTESIAN_POINT('',(-18.5000000521541,-80.,22.0000011175871));
#12149=CARTESIAN_POINT('Origin',(-20.5000000521541,-80.,22.0000011175871));
#12150=CARTESIAN_POINT('',(-20.5000000521541,-80.,24.0000011771917));
#12151=CARTESIAN_POINT('Origin',(-20.5000000521541,-80.,22.0000011771917));
#12152=CARTESIAN_POINT('',(-16.750000026077,-80.,24.0000011771917));
#12153=CARTESIAN_POINT('Origin',(5.,-80.,0.));
#12154=CARTESIAN_POINT('',(5.,-84.,0.));
#12155=CARTESIAN_POINT('',(5.,2.,0.));
#12156=CARTESIAN_POINT('',(5.,-60.,0.));
#12157=CARTESIAN_POINT('',(5.,2.,2.));
#12158=CARTESIAN_POINT('',(5.,-84.,79.));
#12159=CARTESIAN_POINT('',(5.,-81.,79.));
#12160=CARTESIAN_POINT('',(5.,-84.,2.));
#12161=CARTESIAN_POINT('Origin',(-55.,-1.31838984174237E-15,0.));
#12162=CARTESIAN_POINT('',(-55.,-84.,0.));
#12163=CARTESIAN_POINT('',(-55.,2.,0.));
#12164=CARTESIAN_POINT('',(-55.,-20.,0.));
#12165=CARTESIAN_POINT('',(-55.,-84.,79.));
#12166=CARTESIAN_POINT('',(-55.,-84.,2.));
#12167=CARTESIAN_POINT('',(-55.,-41.,79.));
#12168=CARTESIAN_POINT('',(-55.,2.,2.));
#12169=CARTESIAN_POINT('Origin',(-53.,2.,2.));
#12170=CARTESIAN_POINT('',(-53.,4.,-15.));
#12171=CARTESIAN_POINT('',(-53.,4.,2.));
#12172=CARTESIAN_POINT('',(-53.,-1.11022302462516E-15,-15.));
#12173=CARTESIAN_POINT('Origin',(-53.,2.,-15.));
#12174=CARTESIAN_POINT('',(-53.,-1.31838984174237E-15,0.));
#12175=CARTESIAN_POINT('',(-53.,-1.11022302462516E-15,2.));
#12176=CARTESIAN_POINT('Origin',(-53.,2.,0.));
#12177=CARTESIAN_POINT('Origin',(-40.,2.,-15.));
#12178=CARTESIAN_POINT('',(-40.,4.,-28.));
#12179=CARTESIAN_POINT('',(-40.,-1.11022302462516E-15,-28.));
#12180=CARTESIAN_POINT('Origin',(-40.,2.,-28.));
#12181=CARTESIAN_POINT('Origin',(-40.,-1.11022302462516E-15,-15.));
#12182=CARTESIAN_POINT('Origin',(-40.,4.,-15.));
#12183=CARTESIAN_POINT('Origin',(-48.75,2.,-28.));
#12184=CARTESIAN_POINT('',(-10.,4.,-28.));
#12185=CARTESIAN_POINT('',(-10.,-1.11022302462516E-15,-28.));
#12186=CARTESIAN_POINT('Origin',(-10.,2.,-28.));
#12187=CARTESIAN_POINT('',(-16.25,-1.11022302462516E-15,-28.));
#12188=CARTESIAN_POINT('',(-48.75,4.,-28.));
#12189=CARTESIAN_POINT('Origin',(-10.,2.,-15.));
#12190=CARTESIAN_POINT('',(3.,4.,-15.));
#12191=CARTESIAN_POINT('',(3.,-1.11022302462516E-15,-15.));
#12192=CARTESIAN_POINT('Origin',(3.,2.,-15.));
#12193=CARTESIAN_POINT('Origin',(-10.,-1.11022302462516E-15,-15.));
#12194=CARTESIAN_POINT('Origin',(-10.,4.,-15.));
#12195=CARTESIAN_POINT('Origin',(3.,2.,2.));
#12196=CARTESIAN_POINT('',(3.,-1.31838984174237E-15,0.));
#12197=CARTESIAN_POINT('Origin',(3.,2.,0.));
#12198=CARTESIAN_POINT('',(3.,-1.11022302462516E-15,2.));
#12199=CARTESIAN_POINT('',(3.,4.,2.));
#12200=CARTESIAN_POINT('Origin',(-65.,4.,4.));
#12201=CARTESIAN_POINT('Origin',(-11.5000002011657,-80.,77.0000011771917));
#12202=CARTESIAN_POINT('',(-11.5000002011657,-84.,79.0000011771917));
#12203=CARTESIAN_POINT('',(-11.5000002011657,-80.,79.0000011771917));
#12204=CARTESIAN_POINT('',(-13.5000002011657,-84.,77.0000011175871));
#12205=CARTESIAN_POINT('Origin',(-11.5000002011657,-84.,77.0000011771917));
#12206=CARTESIAN_POINT('',(-13.5000002011657,-80.,77.0000011175871));
#12207=CARTESIAN_POINT('Origin',(-3.50000005215406,-80.,79.0000011771917));
#12208=CARTESIAN_POINT('',(-5.50000005215407,-84.,79.0000011771917));
#12209=CARTESIAN_POINT('',(-5.50000005215406,-80.,79.0000011771917));
#12210=CARTESIAN_POINT('',(-34.250000026077,-84.,79.0000011771917));
#12211=CARTESIAN_POINT('Origin',(-11.5000002011657,-80.,77.0000011175871));
#12212=CARTESIAN_POINT('',(-11.5000002011657,-84.,75.0000011175871));
#12213=CARTESIAN_POINT('Origin',(-11.5000002011657,-84.,77.0000011175871));
#12214=CARTESIAN_POINT('',(-11.5000002011657,-80.,75.0000011175871));
#12215=CARTESIAN_POINT('Origin',(-5.50000005215406,-80.,77.0000011771917));
#12216=CARTESIAN_POINT('',(-3.50000005215406,-84.,77.0000011175871));
#12217=CARTESIAN_POINT('',(-3.50000005215406,-80.,77.0000011175871));
#12218=CARTESIAN_POINT('Origin',(-5.50000005215406,-84.,77.0000011771917));
#12219=CARTESIAN_POINT('Origin',(-5.50000005215406,-80.,77.0000011175871));
#12220=CARTESIAN_POINT('',(-5.50000005215407,-84.,75.0000011175871));
#12221=CARTESIAN_POINT('',(-5.50000005215406,-80.,75.0000011175871));
#12222=CARTESIAN_POINT('Origin',(-5.50000005215406,-84.,77.0000011175871));
#12223=CARTESIAN_POINT('Origin',(-13.5000002011657,-80.,75.0000011175871));
#12224=CARTESIAN_POINT('',(-39.2500001005828,-84.,75.0000011175871));
#12225=CARTESIAN_POINT('Origin',(-50.,-41.,79.));
#12226=CARTESIAN_POINT('',(-50.,-84.,84.));
#12227=CARTESIAN_POINT('Origin',(-50.,-84.,79.));
#12228=CARTESIAN_POINT('',(-50.,-41.,84.));
#12229=CARTESIAN_POINT('Origin',(-32.5,-82.,84.));
#12230=CARTESIAN_POINT('',(0.,-84.,84.));
#12231=CARTESIAN_POINT('',(-65.,-84.,84.));
#12232=CARTESIAN_POINT('',(0.,-81.,84.));
#12233=CARTESIAN_POINT('Origin',(0.,-81.,79.));
#12234=CARTESIAN_POINT('Origin',(0.,-84.,79.));
#12235=CARTESIAN_POINT('Origin',(0.,-6.00000008940697,4.));
#12236=CARTESIAN_POINT('',(1.2645,-6.00000008940697,0.));
#12237=CARTESIAN_POINT('',(1.2645,-6.00000008940697,4.));
#12238=CARTESIAN_POINT('Origin',(0.,-6.00000008940697,0.));
#12239=CARTESIAN_POINT('Origin',(-30.0000004470348,-6.00000008940697,4.));
#12240=CARTESIAN_POINT('',(-28.7355004470348,-6.00000008940697,0.));
#12241=CARTESIAN_POINT('',(-28.7355004470348,-6.00000008940697,4.));
#12242=CARTESIAN_POINT('Origin',(-30.0000004470348,-6.00000008940697,0.));
#12243=CARTESIAN_POINT('Origin',(-14.6,-93.8746400873916,-0.0997438554486529));
#12244=CARTESIAN_POINT('',(-14.6,-84.,11.084215554744));
#12245=CARTESIAN_POINT('',(-14.6,-84.,7.33771556502654));
#12246=CARTESIAN_POINT('',(-14.6,-84.,1.95012807227567));
#12247=CARTESIAN_POINT('',(-14.6,-81.5950023193395,11.8103271643796));
#12248=CARTESIAN_POINT('',(-14.6,-97.6956187774066,6.94926445878784));
#12249=CARTESIAN_POINT('',(-14.6,-81.5950023193395,7.43707716952083));
#12250=CARTESIAN_POINT('',(-14.6,-81.5950023193395,6.16866665703608));
#12251=CARTESIAN_POINT('',(-14.6,-81.7684213975063,8.01146886804022));
#12252=CARTESIAN_POINT('',(-14.6,-81.065215714199,5.68233927564899));
#12253=CARTESIAN_POINT('',(-14.6,-88.4380268866728,5.99779624942731));
#12254=CARTESIAN_POINT('Origin',(-15.1,-88.4380268866728,5.99779624942731));
#12255=CARTESIAN_POINT('',(-15.1,-84.,6.81542389407553));
#12256=CARTESIAN_POINT('Origin',(-15.1,-84.,7.33771556502654));
#12257=CARTESIAN_POINT('',(-15.1,-81.6239054990339,7.53280911927404));
#12258=CARTESIAN_POINT('Origin',(-15.1,-81.7684213975063,8.01146886804022));
#12259=CARTESIAN_POINT('',(-15.1,-88.2935109882006,5.51913650066128));
#12260=CARTESIAN_POINT('Origin',(-12.5,-81.623905499034,7.53280911927419));
#12261=CARTESIAN_POINT('',(-34.9,-84.,6.81542389407553));
#12262=CARTESIAN_POINT('',(-38.75,-84.,6.81542389407553));
#12263=CARTESIAN_POINT('',(-34.9,-81.6239054990339,7.53280911927404));
#12264=CARTESIAN_POINT('',(-12.5,-81.6239054990339,7.53280911927404));
#12265=CARTESIAN_POINT('',(-34.9,-88.2935109882006,5.51913650066128));
#12266=CARTESIAN_POINT('Origin',(-34.9,-88.4380268866728,5.99779624942731));
#12267=CARTESIAN_POINT('',(-35.4,-84.,7.33771556502654));
#12268=CARTESIAN_POINT('Origin',(-34.9,-84.,7.33771556502654));
#12269=CARTESIAN_POINT('',(-35.4,-81.7684213975063,8.01146886804022));
#12270=CARTESIAN_POINT('Origin',(-34.9,-81.7684213975063,8.01146886804022));
#12271=CARTESIAN_POINT('',(-35.4,-88.4380268866728,5.99779624942731));
#12272=CARTESIAN_POINT('Origin',(-35.4,-93.8746400873916,-0.0997438554486552));
#12273=CARTESIAN_POINT('',(-35.4,-84.,11.084215554744));
#12274=CARTESIAN_POINT('',(-35.4,-84.,1.95012807227567));
#12275=CARTESIAN_POINT('',(-35.4,-81.5950023193395,7.43707716952083));
#12276=CARTESIAN_POINT('',(-35.4,-81.065215714199,5.68233927564899));
#12277=CARTESIAN_POINT('',(-35.4,-81.5950023193395,11.8103271643796));
#12278=CARTESIAN_POINT('',(-35.4,-81.5950023193395,6.16866665703608));
#12279=CARTESIAN_POINT('',(-35.4,-97.6956187774066,6.94926445878783));
#12280=CARTESIAN_POINT('Origin',(-34.9,-97.6956187774066,6.94926445878783));
#12281=CARTESIAN_POINT('',(-34.9,-84.,11.606507225695));
#12282=CARTESIAN_POINT('Origin',(-34.9,-84.,11.084215554744));
#12283=CARTESIAN_POINT('',(-34.9,-81.5950023193395,12.3326188353306));
#12284=CARTESIAN_POINT('Origin',(-34.9,-81.5950023193395,11.8103271643796));
#12285=CARTESIAN_POINT('',(-34.9,-97.8401346758788,7.42792420755387));
#12286=CARTESIAN_POINT('Origin',(-12.5,-99.3914803606711,6.95954533079068));
#12287=CARTESIAN_POINT('',(-15.1,-84.,11.606507225695));
#12288=CARTESIAN_POINT('',(-38.75,-84.,11.606507225695));
#12289=CARTESIAN_POINT('',(-15.1,-81.5950023193395,12.3326188353306));
#12290=CARTESIAN_POINT('',(-12.5,-81.5950023193395,12.3326188353306));
#12291=CARTESIAN_POINT('',(-15.1,-97.8401346758788,7.42792420755387));
#12292=CARTESIAN_POINT('Origin',(-15.1,-97.6956187774066,6.94926445878784));
#12293=CARTESIAN_POINT('Origin',(-15.1,-84.,11.084215554744));
#12294=CARTESIAN_POINT('Origin',(-15.1,-81.5950023193395,11.8103271643796));
#12295=CARTESIAN_POINT('Origin',(-14.6,-81.5950023193395,7.43707716952083));
#12296=CARTESIAN_POINT('',(-12.5,-81.5950023193395,7.43707716952083));
#12297=CARTESIAN_POINT('Origin',(-12.5,-81.5950023193395,12.4370771695208));
#12298=CARTESIAN_POINT('Origin',(-45.0000006705523,-77.0000011473894,4.));
#12299=CARTESIAN_POINT('',(-43.7355006705523,-77.0000011473894,-1.11022302462516E-15));
#12300=CARTESIAN_POINT('',(-43.7355006705523,-77.0000011473894,4.));
#12301=CARTESIAN_POINT('Origin',(-45.0000006705523,-77.0000011473894,-1.11022302462516E-15));
#12302=CARTESIAN_POINT('Origin',(-5.00000007450581,-77.0000011473894,4.));
#12303=CARTESIAN_POINT('',(-3.73550007450581,-77.0000011473894,-1.11022302462516E-15));
#12304=CARTESIAN_POINT('',(-3.73550007450581,-77.0000011473894,4.));
#12305=CARTESIAN_POINT('Origin',(-5.00000007450581,-77.0000011473894,-1.11022302462516E-15));
#12306=CARTESIAN_POINT('Origin',(-65.,-84.,4.));
#12307=CARTESIAN_POINT('',(-5.,-84.,0.));
#12308=CARTESIAN_POINT('',(-26.5000002011657,-84.,24.0000011771917));
#12309=CARTESIAN_POINT('',(-28.5000002011657,-84.,22.0000011175871));
#12310=CARTESIAN_POINT('Origin',(-26.5000002011657,-84.,22.0000011771917));
#12311=CARTESIAN_POINT('',(-20.5000000521541,-84.,24.0000011771917));
#12312=CARTESIAN_POINT('',(-49.250000026077,-84.,24.0000011771917));
#12313=CARTESIAN_POINT('',(-18.5000000521541,-84.,22.0000011175871));
#12314=CARTESIAN_POINT('Origin',(-20.5000000521541,-84.,22.0000011771917));
#12315=CARTESIAN_POINT('',(-20.5000000521541,-84.,20.0000011175871));
#12316=CARTESIAN_POINT('Origin',(-20.5000000521541,-84.,22.0000011175871));
#12317=CARTESIAN_POINT('',(-26.5000002011657,-84.,20.0000011175871));
#12318=CARTESIAN_POINT('',(-54.2500001005828,-84.,20.0000011175871));
#12319=CARTESIAN_POINT('Origin',(-26.5000002011657,-84.,22.0000011175871));
#12320=CARTESIAN_POINT('',(-26.5000002011657,-84.,31.8571440343346));
#12321=CARTESIAN_POINT('',(-28.5000002011657,-84.,29.8571439747299));
#12322=CARTESIAN_POINT('Origin',(-26.5000002011657,-84.,29.8571440343346));
#12323=CARTESIAN_POINT('',(-20.5000000521541,-84.,31.8571440343346));
#12324=CARTESIAN_POINT('',(-49.250000026077,-84.,31.8571440343346));
#12325=CARTESIAN_POINT('',(-18.5000000521541,-84.,29.8571439747299));
#12326=CARTESIAN_POINT('Origin',(-20.5000000521541,-84.,29.8571440343346));
#12327=CARTESIAN_POINT('',(-20.5000000521541,-84.,27.8571439747299));
#12328=CARTESIAN_POINT('Origin',(-20.5000000521541,-84.,29.8571439747299));
#12329=CARTESIAN_POINT('',(-26.5000002011657,-84.,27.8571439747299));
#12330=CARTESIAN_POINT('',(-54.2500001005828,-84.,27.8571439747299));
#12331=CARTESIAN_POINT('Origin',(-26.5000002011657,-84.,29.8571439747299));
#12332=CARTESIAN_POINT('',(-26.5000002011657,-84.,39.7142868914774));
#12333=CARTESIAN_POINT('',(-28.5000002011657,-84.,37.7142868318728));
#12334=CARTESIAN_POINT('Origin',(-26.5000002011657,-84.,37.7142868914774));
#12335=CARTESIAN_POINT('',(-20.5000000521541,-84.,39.7142868914774));
#12336=CARTESIAN_POINT('',(-49.250000026077,-84.,39.7142868914774));
#12337=CARTESIAN_POINT('',(-18.5000000521541,-84.,37.7142868318728));
#12338=CARTESIAN_POINT('Origin',(-20.5000000521541,-84.,37.7142868914775));
#12339=CARTESIAN_POINT('',(-20.5000000521541,-84.,35.7142868318728));
#12340=CARTESIAN_POINT('Origin',(-20.5000000521541,-84.,37.7142868318728));
#12341=CARTESIAN_POINT('',(-26.5000002011657,-84.,35.7142868318728));
#12342=CARTESIAN_POINT('',(-54.2500001005828,-84.,35.7142868318728));
#12343=CARTESIAN_POINT('Origin',(-26.5000002011657,-84.,37.7142868318728));
#12344=CARTESIAN_POINT('',(-26.5000002011657,-84.,47.5714297486203));
#12345=CARTESIAN_POINT('',(-28.5000002011657,-84.,45.5714296890157));
#12346=CARTESIAN_POINT('Origin',(-26.5000002011657,-84.,45.5714297486203));
#12347=CARTESIAN_POINT('',(-20.5000000521541,-84.,47.5714297486203));
#12348=CARTESIAN_POINT('',(-49.250000026077,-84.,47.5714297486203));
#12349=CARTESIAN_POINT('',(-18.5000000521541,-84.,45.5714296890157));
#12350=CARTESIAN_POINT('Origin',(-20.5000000521541,-84.,45.5714297486203));
#12351=CARTESIAN_POINT('',(-20.5000000521541,-84.,43.5714296890157));
#12352=CARTESIAN_POINT('Origin',(-20.5000000521541,-84.,45.5714296890157));
#12353=CARTESIAN_POINT('',(-26.5000002011657,-84.,43.5714296890157));
#12354=CARTESIAN_POINT('',(-54.2500001005828,-84.,43.5714296890157));
#12355=CARTESIAN_POINT('Origin',(-26.5000002011657,-84.,45.5714296890157));
#12356=CARTESIAN_POINT('',(-26.5000002011657,-84.,55.4285726057632));
#12357=CARTESIAN_POINT('',(-28.5000002011657,-84.,53.4285725461585));
#12358=CARTESIAN_POINT('Origin',(-26.5000002011657,-84.,53.4285726057632));
#12359=CARTESIAN_POINT('',(-20.5000000521541,-84.,55.4285726057632));
#12360=CARTESIAN_POINT('',(-49.250000026077,-84.,55.4285726057632));
#12361=CARTESIAN_POINT('',(-18.5000000521541,-84.,53.4285725461585));
#12362=CARTESIAN_POINT('Origin',(-20.5000000521541,-84.,53.4285726057632));
#12363=CARTESIAN_POINT('',(-20.5000000521541,-84.,51.4285725461585));
#12364=CARTESIAN_POINT('Origin',(-20.5000000521541,-84.,53.4285725461585));
#12365=CARTESIAN_POINT('',(-26.5000002011657,-84.,51.4285725461585));
#12366=CARTESIAN_POINT('',(-54.2500001005828,-84.,51.4285725461585));
#12367=CARTESIAN_POINT('Origin',(-26.5000002011657,-84.,53.4285725461585));
#12368=CARTESIAN_POINT('',(-26.5000002011657,-84.,63.285715462906));
#12369=CARTESIAN_POINT('',(-28.5000002011657,-84.,61.2857154033014));
#12370=CARTESIAN_POINT('Origin',(-26.5000002011657,-84.,61.285715462906));
#12371=CARTESIAN_POINT('',(-20.5000000521541,-84.,63.285715462906));
#12372=CARTESIAN_POINT('',(-49.250000026077,-84.,63.285715462906));
#12373=CARTESIAN_POINT('',(-18.5000000521541,-84.,61.2857154033014));
#12374=CARTESIAN_POINT('Origin',(-20.5000000521541,-84.,61.285715462906));
#12375=CARTESIAN_POINT('',(-20.5000000521541,-84.,59.2857154033014));
#12376=CARTESIAN_POINT('Origin',(-20.5000000521541,-84.,61.2857154033014));
#12377=CARTESIAN_POINT('',(-26.5000002011657,-84.,59.2857154033014));
#12378=CARTESIAN_POINT('',(-54.2500001005828,-84.,59.2857154033014));
#12379=CARTESIAN_POINT('Origin',(-26.5000002011657,-84.,61.2857154033014));
#12380=CARTESIAN_POINT('',(-26.5000002011657,-84.,71.1428583200489));
#12381=CARTESIAN_POINT('',(-28.5000002011657,-84.,69.1428582604442));
#12382=CARTESIAN_POINT('Origin',(-26.5000002011657,-84.,69.1428583200489));
#12383=CARTESIAN_POINT('',(-20.5000000521541,-84.,71.1428583200489));
#12384=CARTESIAN_POINT('',(-49.250000026077,-84.,71.1428583200489));
#12385=CARTESIAN_POINT('',(-18.5000000521541,-84.,69.1428582604442));
#12386=CARTESIAN_POINT('Origin',(-20.5000000521541,-84.,69.1428583200489));
#12387=CARTESIAN_POINT('',(-20.5000000521541,-84.,67.1428582604442));
#12388=CARTESIAN_POINT('Origin',(-20.5000000521541,-84.,69.1428582604442));
#12389=CARTESIAN_POINT('',(-26.5000002011657,-84.,67.1428582604442));
#12390=CARTESIAN_POINT('',(-54.2500001005828,-84.,67.1428582604442));
#12391=CARTESIAN_POINT('Origin',(-26.5000002011657,-84.,69.1428582604442));
#12392=CARTESIAN_POINT('',(-26.5000002011657,-84.,79.0000011771917));
#12393=CARTESIAN_POINT('',(-28.5000002011657,-84.,77.0000011175871));
#12394=CARTESIAN_POINT('Origin',(-26.5000002011657,-84.,77.0000011771917));
#12395=CARTESIAN_POINT('',(-20.5000000521541,-84.,79.0000011771917));
#12396=CARTESIAN_POINT('',(-49.250000026077,-84.,79.0000011771917));
#12397=CARTESIAN_POINT('',(-18.5000000521541,-84.,77.0000011175871));
#12398=CARTESIAN_POINT('Origin',(-20.5000000521541,-84.,77.0000011771917));
#12399=CARTESIAN_POINT('',(-20.5000000521541,-84.,75.0000011175871));
#12400=CARTESIAN_POINT('Origin',(-20.5000000521541,-84.,77.0000011175871));
#12401=CARTESIAN_POINT('',(-26.5000002011657,-84.,75.0000011175871));
#12402=CARTESIAN_POINT('',(-54.2500001005828,-84.,75.0000011175871));
#12403=CARTESIAN_POINT('Origin',(-26.5000002011657,-84.,77.0000011175871));
#12404=CARTESIAN_POINT('',(-11.5000002011657,-84.,24.0000011771917));
#12405=CARTESIAN_POINT('',(-13.5000002011657,-84.,22.0000011175871));
#12406=CARTESIAN_POINT('Origin',(-11.5000002011657,-84.,22.0000011771917));
#12407=CARTESIAN_POINT('',(-5.50000005215407,-84.,24.0000011771917));
#12408=CARTESIAN_POINT('',(-34.250000026077,-84.,24.0000011771917));
#12409=CARTESIAN_POINT('',(-3.50000005215406,-84.,22.0000011175871));
#12410=CARTESIAN_POINT('Origin',(-5.50000005215406,-84.,22.0000011771917));
#12411=CARTESIAN_POINT('',(-5.50000005215407,-84.,20.0000011175871));
#12412=CARTESIAN_POINT('Origin',(-5.50000005215406,-84.,22.0000011175871));
#12413=CARTESIAN_POINT('',(-11.5000002011657,-84.,20.0000011175871));
#12414=CARTESIAN_POINT('',(-39.2500001005828,-84.,20.0000011175871));
#12415=CARTESIAN_POINT('Origin',(-11.5000002011657,-84.,22.0000011175871));
#12416=CARTESIAN_POINT('',(-11.5000002011657,-84.,31.8571440343346));
#12417=CARTESIAN_POINT('',(-13.5000002011657,-84.,29.8571439747299));
#12418=CARTESIAN_POINT('Origin',(-11.5000002011657,-84.,29.8571440343346));
#12419=CARTESIAN_POINT('',(-5.50000005215407,-84.,31.8571440343346));
#12420=CARTESIAN_POINT('',(-34.250000026077,-84.,31.8571440343346));
#12421=CARTESIAN_POINT('',(-3.50000005215406,-84.,29.8571439747299));
#12422=CARTESIAN_POINT('Origin',(-5.50000005215406,-84.,29.8571440343346));
#12423=CARTESIAN_POINT('',(-5.50000005215407,-84.,27.8571439747299));
#12424=CARTESIAN_POINT('Origin',(-5.50000005215406,-84.,29.8571439747299));
#12425=CARTESIAN_POINT('',(-11.5000002011657,-84.,27.8571439747299));
#12426=CARTESIAN_POINT('',(-39.2500001005828,-84.,27.8571439747299));
#12427=CARTESIAN_POINT('Origin',(-11.5000002011657,-84.,29.8571439747299));
#12428=CARTESIAN_POINT('',(-11.5000002011657,-84.,39.7142868914774));
#12429=CARTESIAN_POINT('',(-13.5000002011657,-84.,37.7142868318728));
#12430=CARTESIAN_POINT('Origin',(-11.5000002011657,-84.,37.7142868914774));
#12431=CARTESIAN_POINT('',(-5.50000005215407,-84.,39.7142868914774));
#12432=CARTESIAN_POINT('',(-34.250000026077,-84.,39.7142868914774));
#12433=CARTESIAN_POINT('',(-3.50000005215406,-84.,37.7142868318728));
#12434=CARTESIAN_POINT('Origin',(-5.50000005215406,-84.,37.7142868914775));
#12435=CARTESIAN_POINT('',(-5.50000005215407,-84.,35.7142868318728));
#12436=CARTESIAN_POINT('Origin',(-5.50000005215406,-84.,37.7142868318728));
#12437=CARTESIAN_POINT('',(-11.5000002011657,-84.,35.7142868318728));
#12438=CARTESIAN_POINT('',(-39.2500001005828,-84.,35.7142868318728));
#12439=CARTESIAN_POINT('Origin',(-11.5000002011657,-84.,37.7142868318728));
#12440=CARTESIAN_POINT('',(-11.5000002011657,-84.,47.5714297486203));
#12441=CARTESIAN_POINT('',(-13.5000002011657,-84.,45.5714296890157));
#12442=CARTESIAN_POINT('Origin',(-11.5000002011657,-84.,45.5714297486203));
#12443=CARTESIAN_POINT('',(-5.50000005215407,-84.,47.5714297486203));
#12444=CARTESIAN_POINT('',(-34.250000026077,-84.,47.5714297486203));
#12445=CARTESIAN_POINT('',(-3.50000005215406,-84.,45.5714296890157));
#12446=CARTESIAN_POINT('Origin',(-5.50000005215406,-84.,45.5714297486203));
#12447=CARTESIAN_POINT('',(-5.50000005215407,-84.,43.5714296890157));
#12448=CARTESIAN_POINT('Origin',(-5.50000005215406,-84.,45.5714296890157));
#12449=CARTESIAN_POINT('',(-11.5000002011657,-84.,43.5714296890157));
#12450=CARTESIAN_POINT('',(-39.2500001005828,-84.,43.5714296890157));
#12451=CARTESIAN_POINT('Origin',(-11.5000002011657,-84.,45.5714296890157));
#12452=CARTESIAN_POINT('',(-11.5000002011657,-84.,55.4285726057632));
#12453=CARTESIAN_POINT('',(-13.5000002011657,-84.,53.4285725461585));
#12454=CARTESIAN_POINT('Origin',(-11.5000002011657,-84.,53.4285726057632));
#12455=CARTESIAN_POINT('',(-5.50000005215407,-84.,55.4285726057632));
#12456=CARTESIAN_POINT('',(-34.250000026077,-84.,55.4285726057632));
#12457=CARTESIAN_POINT('',(-3.50000005215406,-84.,53.4285725461585));
#12458=CARTESIAN_POINT('Origin',(-5.50000005215406,-84.,53.4285726057632));
#12459=CARTESIAN_POINT('',(-5.50000005215407,-84.,51.4285725461585));
#12460=CARTESIAN_POINT('Origin',(-5.50000005215406,-84.,53.4285725461585));
#12461=CARTESIAN_POINT('',(-11.5000002011657,-84.,51.4285725461585));
#12462=CARTESIAN_POINT('',(-39.2500001005828,-84.,51.4285725461585));
#12463=CARTESIAN_POINT('Origin',(-11.5000002011657,-84.,53.4285725461585));
#12464=CARTESIAN_POINT('',(-11.5000002011657,-84.,63.285715462906));
#12465=CARTESIAN_POINT('',(-13.5000002011657,-84.,61.2857154033014));
#12466=CARTESIAN_POINT('Origin',(-11.5000002011657,-84.,61.285715462906));
#12467=CARTESIAN_POINT('',(-5.50000005215407,-84.,63.285715462906));
#12468=CARTESIAN_POINT('',(-34.250000026077,-84.,63.285715462906));
#12469=CARTESIAN_POINT('',(-3.50000005215406,-84.,61.2857154033014));
#12470=CARTESIAN_POINT('Origin',(-5.50000005215406,-84.,61.285715462906));
#12471=CARTESIAN_POINT('',(-5.50000005215407,-84.,59.2857154033014));
#12472=CARTESIAN_POINT('Origin',(-5.50000005215406,-84.,61.2857154033014));
#12473=CARTESIAN_POINT('',(-11.5000002011657,-84.,59.2857154033014));
#12474=CARTESIAN_POINT('',(-39.2500001005828,-84.,59.2857154033014));
#12475=CARTESIAN_POINT('Origin',(-11.5000002011657,-84.,61.2857154033014));
#12476=CARTESIAN_POINT('',(-11.5000002011657,-84.,71.1428583200489));
#12477=CARTESIAN_POINT('',(-13.5000002011657,-84.,69.1428582604442));
#12478=CARTESIAN_POINT('Origin',(-11.5000002011657,-84.,69.1428583200489));
#12479=CARTESIAN_POINT('',(-5.50000005215407,-84.,71.1428583200489));
#12480=CARTESIAN_POINT('',(-34.250000026077,-84.,71.1428583200489));
#12481=CARTESIAN_POINT('',(-3.50000005215406,-84.,69.1428582604442));
#12482=CARTESIAN_POINT('Origin',(-5.50000005215406,-84.,69.1428583200489));
#12483=CARTESIAN_POINT('',(-5.50000005215407,-84.,67.1428582604442));
#12484=CARTESIAN_POINT('Origin',(-5.50000005215406,-84.,69.1428582604442));
#12485=CARTESIAN_POINT('',(-11.5000002011657,-84.,67.1428582604442));
#12486=CARTESIAN_POINT('',(-39.2500001005828,-84.,67.1428582604442));
#12487=CARTESIAN_POINT('Origin',(-11.5000002011657,-84.,69.1428582604442));
#12488=CARTESIAN_POINT('',(-39.2500006109476,-84.,73.2500010430813));
#12489=CARTESIAN_POINT('',(-39.2500006109476,-84.,14.7500010430813));
#12490=CARTESIAN_POINT('',(-39.2500006109476,-84.,8.50000052154064));
#12491=CARTESIAN_POINT('',(-42.7500006109476,-84.,14.7500010430813));
#12492=CARTESIAN_POINT('Origin',(-41.0000006109476,-84.,14.7500010430813));
#12493=CARTESIAN_POINT('',(-42.7500006109476,-84.,73.2500010430813));
#12494=CARTESIAN_POINT('',(-42.7500006109476,-84.,39.5000005215406));
#12495=CARTESIAN_POINT('Origin',(-41.0000006109476,-84.,73.2500010430813));
#12496=CARTESIAN_POINT('Origin',(-32.5,-40.,0.));
#12497=CARTESIAN_POINT('',(-5.,-1.31838984174237E-15,0.));
#12498=CARTESIAN_POINT('Origin',(0.,-1.2490009027033E-15,4.));
#12499=CARTESIAN_POINT('Origin',(-41.0000006109476,-82.,73.2500010430813));
#12500=CARTESIAN_POINT('',(-42.7500006109476,-82.,73.2500010430813));
#12501=CARTESIAN_POINT('',(-39.2500006109476,-82.,73.2500010430813));
#12502=CARTESIAN_POINT('Origin',(-41.0000006109476,-82.,73.2500010430813));
#12503=CARTESIAN_POINT('',(-39.2500006109476,-82.,73.2500010430813));
#12504=CARTESIAN_POINT('',(-42.7500006109476,-82.,73.2500010430813));
#12505=CARTESIAN_POINT('Origin',(-39.2500006109476,-82.,13.0000010430813));
#12506=CARTESIAN_POINT('',(-39.2500006109476,-82.,14.7500010430813));
#12507=CARTESIAN_POINT('',(-39.2500006109476,-82.,41.5000010430813));
#12508=CARTESIAN_POINT('',(-39.2500006109476,-82.,14.7500010430813));
#12509=CARTESIAN_POINT('Origin',(-41.0000006109476,-78.,74.5000010430813));
#12510=CARTESIAN_POINT('',(-45.5000006109476,-82.,74.5000010430813));
#12511=CARTESIAN_POINT('',(-36.5000006109476,-82.,74.5000010430813));
#12512=CARTESIAN_POINT('Origin',(-41.0000006109476,-82.,74.5000010430813));
#12513=CARTESIAN_POINT('',(-45.5000006109476,-78.,74.5000010430813));
#12514=CARTESIAN_POINT('',(-36.5000006109476,-78.,74.5000010430813));
#12515=CARTESIAN_POINT('Origin',(-41.0000006109476,-82.,70.0000010430813));
#12516=CARTESIAN_POINT('',(-36.5000006109476,-82.,13.5000010430813));
#12517=CARTESIAN_POINT('',(-36.5000006109476,-82.,40.0000010430813));
#12518=CARTESIAN_POINT('',(-45.5000006109476,-82.,13.5000010430813));
#12519=CARTESIAN_POINT('Origin',(-41.0000006109476,-82.,13.5000010430813));
#12520=CARTESIAN_POINT('',(-45.5000006109476,-82.,40.0000010430813));
#12521=CARTESIAN_POINT('',(-42.7500006109476,-82.,14.7500010430813));
#12522=CARTESIAN_POINT('',(-42.7500006109476,-82.,72.5000010430813));
#12523=CARTESIAN_POINT('Origin',(-41.0000006109476,-82.,14.7500010430813));
#12524=CARTESIAN_POINT('Origin',(-36.5000006109476,-78.,9.00000104308128));
#12525=CARTESIAN_POINT('',(-36.5000006109476,-78.,13.5000010430813));
#12526=CARTESIAN_POINT('Origin',(-41.0000006109476,-82.,14.7500010430813));
#12527=CARTESIAN_POINT('',(-42.7500006109476,-82.,14.7500010430813));
#12528=CARTESIAN_POINT('Origin',(-42.7500006109476,-82.,75.0000010430813));
#12529=CARTESIAN_POINT('Origin',(-45.5000006109476,-78.,79.0000010430813));
#12530=CARTESIAN_POINT('',(-45.5000006109476,-78.,13.5000010430813));
#12531=CARTESIAN_POINT('Origin',(-41.0000006109476,-78.,13.5000010430813));
#12532=CARTESIAN_POINT('Origin',(-11.5000002011657,-80.,69.1428583200489));
#12533=CARTESIAN_POINT('',(-11.5000002011657,-80.,71.1428583200489));
#12534=CARTESIAN_POINT('',(-13.5000002011657,-80.,69.1428582604442));
#12535=CARTESIAN_POINT('Origin',(-3.50000005215406,-80.,71.1428583200489));
#12536=CARTESIAN_POINT('',(-5.50000005215406,-80.,71.1428583200489));
#12537=CARTESIAN_POINT('Origin',(-11.5000002011657,-80.,69.1428582604442));
#12538=CARTESIAN_POINT('',(-11.5000002011657,-80.,67.1428582604442));
#12539=CARTESIAN_POINT('Origin',(-5.50000005215406,-80.,69.1428583200489));
#12540=CARTESIAN_POINT('',(-3.50000005215406,-80.,69.1428582604442));
#12541=CARTESIAN_POINT('Origin',(-5.50000005215406,-80.,69.1428582604442));
#12542=CARTESIAN_POINT('',(-5.50000005215406,-80.,67.1428582604442));
#12543=CARTESIAN_POINT('Origin',(-13.5000002011657,-80.,67.1428582604442));
#12544=CARTESIAN_POINT('Origin',(-11.5000002011657,-80.,61.285715462906));
#12545=CARTESIAN_POINT('',(-11.5000002011657,-80.,63.285715462906));
#12546=CARTESIAN_POINT('',(-13.5000002011657,-80.,61.2857154033014));
#12547=CARTESIAN_POINT('Origin',(-3.50000005215406,-80.,63.285715462906));
#12548=CARTESIAN_POINT('',(-5.50000005215406,-80.,63.285715462906));
#12549=CARTESIAN_POINT('Origin',(-11.5000002011657,-80.,61.2857154033014));
#12550=CARTESIAN_POINT('',(-11.5000002011657,-80.,59.2857154033014));
#12551=CARTESIAN_POINT('Origin',(-5.50000005215406,-80.,61.285715462906));
#12552=CARTESIAN_POINT('',(-3.50000005215406,-80.,61.2857154033014));
#12553=CARTESIAN_POINT('Origin',(-5.50000005215406,-80.,61.2857154033014));
#12554=CARTESIAN_POINT('',(-5.50000005215406,-80.,59.2857154033014));
#12555=CARTESIAN_POINT('Origin',(-13.5000002011657,-80.,59.2857154033014));
#12556=CARTESIAN_POINT('Origin',(-11.5000002011657,-80.,53.4285726057632));
#12557=CARTESIAN_POINT('',(-11.5000002011657,-80.,55.4285726057632));
#12558=CARTESIAN_POINT('',(-13.5000002011657,-80.,53.4285725461585));
#12559=CARTESIAN_POINT('Origin',(-3.50000005215406,-80.,55.4285726057632));
#12560=CARTESIAN_POINT('',(-5.50000005215406,-80.,55.4285726057632));
#12561=CARTESIAN_POINT('Origin',(-11.5000002011657,-80.,53.4285725461585));
#12562=CARTESIAN_POINT('',(-11.5000002011657,-80.,51.4285725461585));
#12563=CARTESIAN_POINT('Origin',(-5.50000005215406,-80.,53.4285726057632));
#12564=CARTESIAN_POINT('',(-3.50000005215406,-80.,53.4285725461585));
#12565=CARTESIAN_POINT('Origin',(-5.50000005215406,-80.,53.4285725461585));
#12566=CARTESIAN_POINT('',(-5.50000005215406,-80.,51.4285725461585));
#12567=CARTESIAN_POINT('Origin',(-13.5000002011657,-80.,51.4285725461585));
#12568=CARTESIAN_POINT('Origin',(-11.5000002011657,-80.,45.5714297486203));
#12569=CARTESIAN_POINT('',(-11.5000002011657,-80.,47.5714297486203));
#12570=CARTESIAN_POINT('',(-13.5000002011657,-80.,45.5714296890157));
#12571=CARTESIAN_POINT('Origin',(-3.50000005215406,-80.,47.5714297486203));
#12572=CARTESIAN_POINT('',(-5.50000005215406,-80.,47.5714297486203));
#12573=CARTESIAN_POINT('Origin',(-11.5000002011657,-80.,45.5714296890157));
#12574=CARTESIAN_POINT('',(-11.5000002011657,-80.,43.5714296890157));
#12575=CARTESIAN_POINT('Origin',(-5.50000005215406,-80.,45.5714297486203));
#12576=CARTESIAN_POINT('',(-3.50000005215406,-80.,45.5714296890157));
#12577=CARTESIAN_POINT('Origin',(-5.50000005215406,-80.,45.5714296890157));
#12578=CARTESIAN_POINT('',(-5.50000005215406,-80.,43.5714296890157));
#12579=CARTESIAN_POINT('Origin',(-13.5000002011657,-80.,43.5714296890157));
#12580=CARTESIAN_POINT('Origin',(-11.5000002011657,-80.,37.7142868914774));
#12581=CARTESIAN_POINT('',(-11.5000002011657,-80.,39.7142868914774));
#12582=CARTESIAN_POINT('',(-13.5000002011657,-80.,37.7142868318728));
#12583=CARTESIAN_POINT('Origin',(-3.50000005215406,-80.,39.7142868914774));
#12584=CARTESIAN_POINT('',(-5.50000005215406,-80.,39.7142868914774));
#12585=CARTESIAN_POINT('Origin',(-11.5000002011657,-80.,37.7142868318728));
#12586=CARTESIAN_POINT('',(-11.5000002011657,-80.,35.7142868318728));
#12587=CARTESIAN_POINT('Origin',(-5.50000005215406,-80.,37.7142868914775));
#12588=CARTESIAN_POINT('',(-3.50000005215406,-80.,37.7142868318728));
#12589=CARTESIAN_POINT('Origin',(-5.50000005215406,-80.,37.7142868318728));
#12590=CARTESIAN_POINT('',(-5.50000005215406,-80.,35.7142868318728));
#12591=CARTESIAN_POINT('Origin',(-13.5000002011657,-80.,35.7142868318728));
#12592=CARTESIAN_POINT('Origin',(-11.5000002011657,-80.,29.8571440343346));
#12593=CARTESIAN_POINT('',(-11.5000002011657,-80.,31.8571440343346));
#12594=CARTESIAN_POINT('',(-13.5000002011657,-80.,29.8571439747299));
#12595=CARTESIAN_POINT('Origin',(-3.50000005215406,-80.,31.8571440343346));
#12596=CARTESIAN_POINT('',(-5.50000005215406,-80.,31.8571440343346));
#12597=CARTESIAN_POINT('Origin',(-11.5000002011657,-80.,29.8571439747299));
#12598=CARTESIAN_POINT('',(-11.5000002011657,-80.,27.8571439747299));
#12599=CARTESIAN_POINT('Origin',(-5.50000005215406,-80.,29.8571440343346));
#12600=CARTESIAN_POINT('',(-3.50000005215406,-80.,29.8571439747299));
#12601=CARTESIAN_POINT('Origin',(-5.50000005215406,-80.,29.8571439747299));
#12602=CARTESIAN_POINT('',(-5.50000005215406,-80.,27.8571439747299));
#12603=CARTESIAN_POINT('Origin',(-13.5000002011657,-80.,27.8571439747299));
#12604=CARTESIAN_POINT('Origin',(-11.5000002011657,-80.,22.0000011771917));
#12605=CARTESIAN_POINT('',(-11.5000002011657,-80.,24.0000011771917));
#12606=CARTESIAN_POINT('',(-13.5000002011657,-80.,22.0000011175871));
#12607=CARTESIAN_POINT('Origin',(-3.50000005215406,-80.,24.0000011771917));
#12608=CARTESIAN_POINT('',(-5.50000005215406,-80.,24.0000011771917));
#12609=CARTESIAN_POINT('Origin',(-11.5000002011657,-80.,22.0000011175871));
#12610=CARTESIAN_POINT('',(-11.5000002011657,-80.,20.0000011175871));
#12611=CARTESIAN_POINT('Origin',(-5.50000005215406,-80.,22.0000011771917));
#12612=CARTESIAN_POINT('',(-3.50000005215406,-80.,22.0000011175871));
#12613=CARTESIAN_POINT('Origin',(-5.50000005215406,-80.,22.0000011175871));
#12614=CARTESIAN_POINT('',(-5.50000005215406,-80.,20.0000011175871));
#12615=CARTESIAN_POINT('Origin',(-13.5000002011657,-80.,20.0000011175871));
#12616=CARTESIAN_POINT('Origin',(-26.5000002011657,-80.,77.0000011771917));
#12617=CARTESIAN_POINT('',(-26.5000002011657,-80.,79.0000011771917));
#12618=CARTESIAN_POINT('',(-28.5000002011657,-80.,77.0000011175871));
#12619=CARTESIAN_POINT('Origin',(-18.5000000521541,-80.,79.0000011771917));
#12620=CARTESIAN_POINT('',(-20.5000000521541,-80.,79.0000011771917));
#12621=CARTESIAN_POINT('Origin',(-26.5000002011657,-80.,77.0000011175871));
#12622=CARTESIAN_POINT('',(-26.5000002011657,-80.,75.0000011175871));
#12623=CARTESIAN_POINT('Origin',(-20.5000000521541,-80.,77.0000011771917));
#12624=CARTESIAN_POINT('',(-18.5000000521541,-80.,77.0000011175871));
#12625=CARTESIAN_POINT('Origin',(-20.5000000521541,-80.,77.0000011175871));
#12626=CARTESIAN_POINT('',(-20.5000000521541,-80.,75.0000011175871));
#12627=CARTESIAN_POINT('Origin',(-28.5000002011657,-80.,75.0000011175871));
#12628=CARTESIAN_POINT('Origin',(-26.5000002011657,-80.,69.1428583200489));
#12629=CARTESIAN_POINT('',(-26.5000002011657,-80.,71.1428583200489));
#12630=CARTESIAN_POINT('',(-28.5000002011657,-80.,69.1428582604442));
#12631=CARTESIAN_POINT('Origin',(-18.5000000521541,-80.,71.1428583200489));
#12632=CARTESIAN_POINT('',(-20.5000000521541,-80.,71.1428583200489));
#12633=CARTESIAN_POINT('Origin',(-26.5000002011657,-80.,69.1428582604442));
#12634=CARTESIAN_POINT('',(-26.5000002011657,-80.,67.1428582604442));
#12635=CARTESIAN_POINT('Origin',(-20.5000000521541,-80.,69.1428583200489));
#12636=CARTESIAN_POINT('',(-18.5000000521541,-80.,69.1428582604442));
#12637=CARTESIAN_POINT('Origin',(-20.5000000521541,-80.,69.1428582604442));
#12638=CARTESIAN_POINT('',(-20.5000000521541,-80.,67.1428582604442));
#12639=CARTESIAN_POINT('Origin',(-28.5000002011657,-80.,67.1428582604442));
#12640=CARTESIAN_POINT('Origin',(-26.5000002011657,-80.,61.285715462906));
#12641=CARTESIAN_POINT('',(-26.5000002011657,-80.,63.285715462906));
#12642=CARTESIAN_POINT('',(-28.5000002011657,-80.,61.2857154033014));
#12643=CARTESIAN_POINT('Origin',(-18.5000000521541,-80.,63.285715462906));
#12644=CARTESIAN_POINT('',(-20.5000000521541,-80.,63.285715462906));
#12645=CARTESIAN_POINT('Origin',(-26.5000002011657,-80.,61.2857154033014));
#12646=CARTESIAN_POINT('',(-26.5000002011657,-80.,59.2857154033014));
#12647=CARTESIAN_POINT('Origin',(-20.5000000521541,-80.,61.285715462906));
#12648=CARTESIAN_POINT('',(-18.5000000521541,-80.,61.2857154033014));
#12649=CARTESIAN_POINT('Origin',(-20.5000000521541,-80.,61.2857154033014));
#12650=CARTESIAN_POINT('',(-20.5000000521541,-80.,59.2857154033014));
#12651=CARTESIAN_POINT('Origin',(-28.5000002011657,-80.,59.2857154033014));
#12652=CARTESIAN_POINT('Origin',(-26.5000002011657,-80.,53.4285726057632));
#12653=CARTESIAN_POINT('',(-26.5000002011657,-80.,55.4285726057632));
#12654=CARTESIAN_POINT('',(-28.5000002011657,-80.,53.4285725461585));
#12655=CARTESIAN_POINT('Origin',(-18.5000000521541,-80.,55.4285726057632));
#12656=CARTESIAN_POINT('',(-20.5000000521541,-80.,55.4285726057632));
#12657=CARTESIAN_POINT('Origin',(-26.5000002011657,-80.,53.4285725461585));
#12658=CARTESIAN_POINT('',(-26.5000002011657,-80.,51.4285725461585));
#12659=CARTESIAN_POINT('Origin',(-20.5000000521541,-80.,53.4285726057632));
#12660=CARTESIAN_POINT('',(-18.5000000521541,-80.,53.4285725461585));
#12661=CARTESIAN_POINT('Origin',(-20.5000000521541,-80.,53.4285725461585));
#12662=CARTESIAN_POINT('',(-20.5000000521541,-80.,51.4285725461585));
#12663=CARTESIAN_POINT('Origin',(-28.5000002011657,-80.,51.4285725461585));
#12664=CARTESIAN_POINT('Origin',(-26.5000002011657,-80.,45.5714297486203));
#12665=CARTESIAN_POINT('',(-26.5000002011657,-80.,47.5714297486203));
#12666=CARTESIAN_POINT('',(-28.5000002011657,-80.,45.5714296890157));
#12667=CARTESIAN_POINT('Origin',(-18.5000000521541,-80.,47.5714297486203));
#12668=CARTESIAN_POINT('',(-20.5000000521541,-80.,47.5714297486203));
#12669=CARTESIAN_POINT('Origin',(-26.5000002011657,-80.,45.5714296890157));
#12670=CARTESIAN_POINT('',(-26.5000002011657,-80.,43.5714296890157));
#12671=CARTESIAN_POINT('Origin',(-20.5000000521541,-80.,45.5714297486203));
#12672=CARTESIAN_POINT('',(-18.5000000521541,-80.,45.5714296890157));
#12673=CARTESIAN_POINT('Origin',(-20.5000000521541,-80.,45.5714296890157));
#12674=CARTESIAN_POINT('',(-20.5000000521541,-80.,43.5714296890157));
#12675=CARTESIAN_POINT('Origin',(-28.5000002011657,-80.,43.5714296890157));
#12676=CARTESIAN_POINT('Origin',(-26.5000002011657,-80.,37.7142868914774));
#12677=CARTESIAN_POINT('',(-26.5000002011657,-80.,39.7142868914774));
#12678=CARTESIAN_POINT('',(-28.5000002011657,-80.,37.7142868318728));
#12679=CARTESIAN_POINT('Origin',(-18.5000000521541,-80.,39.7142868914774));
#12680=CARTESIAN_POINT('',(-20.5000000521541,-80.,39.7142868914774));
#12681=CARTESIAN_POINT('Origin',(-26.5000002011657,-80.,37.7142868318728));
#12682=CARTESIAN_POINT('',(-26.5000002011657,-80.,35.7142868318728));
#12683=CARTESIAN_POINT('Origin',(-20.5000000521541,-80.,37.7142868914775));
#12684=CARTESIAN_POINT('',(-18.5000000521541,-80.,37.7142868318728));
#12685=CARTESIAN_POINT('Origin',(-20.5000000521541,-80.,37.7142868318728));
#12686=CARTESIAN_POINT('',(-20.5000000521541,-80.,35.7142868318728));
#12687=CARTESIAN_POINT('Origin',(-28.5000002011657,-80.,35.7142868318728));
#12688=CARTESIAN_POINT('Origin',(-26.5000002011657,-80.,29.8571440343346));
#12689=CARTESIAN_POINT('',(-26.5000002011657,-80.,31.8571440343346));
#12690=CARTESIAN_POINT('',(-28.5000002011657,-80.,29.8571439747299));
#12691=CARTESIAN_POINT('Origin',(-18.5000000521541,-80.,31.8571440343346));
#12692=CARTESIAN_POINT('',(-20.5000000521541,-80.,31.8571440343346));
#12693=CARTESIAN_POINT('Origin',(-26.5000002011657,-80.,29.8571439747299));
#12694=CARTESIAN_POINT('',(-26.5000002011657,-80.,27.8571439747299));
#12695=CARTESIAN_POINT('Origin',(-20.5000000521541,-80.,29.8571440343346));
#12696=CARTESIAN_POINT('',(-18.5000000521541,-80.,29.8571439747299));
#12697=CARTESIAN_POINT('Origin',(-20.5000000521541,-80.,29.8571439747299));
#12698=CARTESIAN_POINT('',(-20.5000000521541,-80.,27.8571439747299));
#12699=CARTESIAN_POINT('Origin',(-28.5000002011657,-80.,27.8571439747299));
#12700=CARTESIAN_POINT('Origin',(-26.5000002011657,-80.,22.0000011771917));
#12701=CARTESIAN_POINT('',(-26.5000002011657,-80.,24.0000011771917));
#12702=CARTESIAN_POINT('',(-28.5000002011657,-80.,22.0000011175871));
#12703=CARTESIAN_POINT('Origin',(-18.5000000521541,-80.,24.0000011771917));
#12704=CARTESIAN_POINT('',(-20.5000000521541,-80.,24.0000011771917));
#12705=CARTESIAN_POINT('Origin',(-26.5000002011657,-80.,22.0000011175871));
#12706=CARTESIAN_POINT('',(-26.5000002011657,-80.,20.0000011175871));
#12707=CARTESIAN_POINT('Origin',(-20.5000000521541,-80.,22.0000011771917));
#12708=CARTESIAN_POINT('',(-18.5000000521541,-80.,22.0000011175871));
#12709=CARTESIAN_POINT('Origin',(-20.5000000521541,-80.,22.0000011175871));
#12710=CARTESIAN_POINT('',(-20.5000000521541,-80.,20.0000011175871));
#12711=CARTESIAN_POINT('Origin',(-28.5000002011657,-80.,20.0000011175871));
#12712=CARTESIAN_POINT('',(0.,0.,0.));
#12713=CARTESIAN_POINT('',(0.,0.,0.));
#12714=CARTESIAN_POINT('',(0.,0.,0.));
#12715=CARTESIAN_POINT('',(0.,0.,0.));
#12716=CARTESIAN_POINT('',(0.,0.,0.));
#12717=CARTESIAN_POINT('',(0.,0.,0.));
#12718=CARTESIAN_POINT('',(0.,0.,0.));
#12719=CARTESIAN_POINT('',(0.,0.,0.));
#12720=CARTESIAN_POINT('',(0.,0.,0.));
#12721=UNCERTAINTY_MEASURE_WITH_UNIT(LENGTH_MEASURE(0.01),#12743,
'DISTANCE_ACCURACY_VALUE',
'Maximum model space distance between geometric entities at asserted c
onnectivities');
#12722=UNCERTAINTY_MEASURE_WITH_UNIT(LENGTH_MEASURE(0.01),#12743,
'DISTANCE_ACCURACY_VALUE',
'Maximum model space distance between geometric entities at asserted c
onnectivities');
#12723=UNCERTAINTY_MEASURE_WITH_UNIT(LENGTH_MEASURE(0.01),#12743,
'DISTANCE_ACCURACY_VALUE',
'Maximum model space distance between geometric entities at asserted c
onnectivities');
#12724=UNCERTAINTY_MEASURE_WITH_UNIT(LENGTH_MEASURE(0.01),#12743,
'DISTANCE_ACCURACY_VALUE',
'Maximum model space distance between geometric entities at asserted c
onnectivities');
#12725=UNCERTAINTY_MEASURE_WITH_UNIT(LENGTH_MEASURE(0.01),#12743,
'DISTANCE_ACCURACY_VALUE',
'Maximum model space distance between geometric entities at asserted c
onnectivities');
#12726=UNCERTAINTY_MEASURE_WITH_UNIT(LENGTH_MEASURE(0.01),#12743,
'DISTANCE_ACCURACY_VALUE',
'Maximum model space distance between geometric entities at asserted c
onnectivities');
#12727=UNCERTAINTY_MEASURE_WITH_UNIT(LENGTH_MEASURE(0.01),#12743,
'DISTANCE_ACCURACY_VALUE',
'Maximum model space distance between geometric entities at asserted c
onnectivities');
#12728=UNCERTAINTY_MEASURE_WITH_UNIT(LENGTH_MEASURE(0.01),#12743,
'DISTANCE_ACCURACY_VALUE',
'Maximum model space distance between geometric entities at asserted c
onnectivities');
#12729=UNCERTAINTY_MEASURE_WITH_UNIT(LENGTH_MEASURE(0.01),#12743,
'DISTANCE_ACCURACY_VALUE',
'Maximum model space distance between geometric entities at asserted c
onnectivities');
#12730=UNCERTAINTY_MEASURE_WITH_UNIT(LENGTH_MEASURE(0.01),#12743,
'DISTANCE_ACCURACY_VALUE',
'Maximum model space distance between geometric entities at asserted c
onnectivities');
#12731=UNCERTAINTY_MEASURE_WITH_UNIT(LENGTH_MEASURE(0.01),#12743,
'DISTANCE_ACCURACY_VALUE',
'Maximum model space distance between geometric entities at asserted c
onnectivities');
#12732=(
GEOMETRIC_REPRESENTATION_CONTEXT(3)
GLOBAL_UNCERTAINTY_ASSIGNED_CONTEXT((#12721))
GLOBAL_UNIT_ASSIGNED_CONTEXT((#12743,#12745,#12746))
REPRESENTATION_CONTEXT('','3D')
);
#12733=(
GEOMETRIC_REPRESENTATION_CONTEXT(3)
GLOBAL_UNCERTAINTY_ASSIGNED_CONTEXT((#12722))
GLOBAL_UNIT_ASSIGNED_CONTEXT((#12743,#12745,#12746))
REPRESENTATION_CONTEXT('','3D')
);
#12734=(
GEOMETRIC_REPRESENTATION_CONTEXT(3)
GLOBAL_UNCERTAINTY_ASSIGNED_CONTEXT((#12723))
GLOBAL_UNIT_ASSIGNED_CONTEXT((#12743,#12745,#12746))
REPRESENTATION_CONTEXT('','3D')
);
#12735=(
GEOMETRIC_REPRESENTATION_CONTEXT(3)
GLOBAL_UNCERTAINTY_ASSIGNED_CONTEXT((#12724))
GLOBAL_UNIT_ASSIGNED_CONTEXT((#12743,#12745,#12746))
REPRESENTATION_CONTEXT('','3D')
);
#12736=(
GEOMETRIC_REPRESENTATION_CONTEXT(3)
GLOBAL_UNCERTAINTY_ASSIGNED_CONTEXT((#12725))
GLOBAL_UNIT_ASSIGNED_CONTEXT((#12743,#12745,#12746))
REPRESENTATION_CONTEXT('','3D')
);
#12737=(
GEOMETRIC_REPRESENTATION_CONTEXT(3)
GLOBAL_UNCERTAINTY_ASSIGNED_CONTEXT((#12726))
GLOBAL_UNIT_ASSIGNED_CONTEXT((#12743,#12745,#12746))
REPRESENTATION_CONTEXT('','3D')
);
#12738=(
GEOMETRIC_REPRESENTATION_CONTEXT(3)
GLOBAL_UNCERTAINTY_ASSIGNED_CONTEXT((#12727))
GLOBAL_UNIT_ASSIGNED_CONTEXT((#12743,#12745,#12746))
REPRESENTATION_CONTEXT('','3D')
);
#12739=(
GEOMETRIC_REPRESENTATION_CONTEXT(3)
GLOBAL_UNCERTAINTY_ASSIGNED_CONTEXT((#12728))
GLOBAL_UNIT_ASSIGNED_CONTEXT((#12743,#12745,#12746))
REPRESENTATION_CONTEXT('','3D')
);
#12740=(
GEOMETRIC_REPRESENTATION_CONTEXT(3)
GLOBAL_UNCERTAINTY_ASSIGNED_CONTEXT((#12729))
GLOBAL_UNIT_ASSIGNED_CONTEXT((#12743,#12745,#12746))
REPRESENTATION_CONTEXT('','3D')
);
#12741=(
GEOMETRIC_REPRESENTATION_CONTEXT(3)
GLOBAL_UNCERTAINTY_ASSIGNED_CONTEXT((#12730))
GLOBAL_UNIT_ASSIGNED_CONTEXT((#12743,#12745,#12746))
REPRESENTATION_CONTEXT('','3D')
);
#12742=(
GEOMETRIC_REPRESENTATION_CONTEXT(3)
GLOBAL_UNCERTAINTY_ASSIGNED_CONTEXT((#12731))
GLOBAL_UNIT_ASSIGNED_CONTEXT((#12743,#12745,#12746))
REPRESENTATION_CONTEXT('','3D')
);
#12743=(
LENGTH_UNIT()
NAMED_UNIT(*)
SI_UNIT(.MILLI.,.METRE.)
);
#12744=(
LENGTH_UNIT()
NAMED_UNIT(*)
SI_UNIT($,.METRE.)
);
#12745=(
NAMED_UNIT(*)
PLANE_ANGLE_UNIT()
SI_UNIT($,.RADIAN.)
);
#12746=(
NAMED_UNIT(*)
SI_UNIT($,.STERADIAN.)
SOLID_ANGLE_UNIT()
);
#12747=SHAPE_DEFINITION_REPRESENTATION(#12757,#12776);
#12748=SHAPE_DEFINITION_REPRESENTATION(#12758,#12777);
#12749=SHAPE_DEFINITION_REPRESENTATION(#12759,#12778);
#12750=SHAPE_DEFINITION_REPRESENTATION(#12760,#12779);
#12751=SHAPE_DEFINITION_REPRESENTATION(#12761,#12780);
#12752=SHAPE_DEFINITION_REPRESENTATION(#12762,#12781);
#12753=SHAPE_DEFINITION_REPRESENTATION(#12763,#12782);
#12754=SHAPE_DEFINITION_REPRESENTATION(#12764,#12783);
#12755=SHAPE_DEFINITION_REPRESENTATION(#12765,#12784);
#12756=SHAPE_DEFINITION_REPRESENTATION(#12766,#12785);
#12757=PRODUCT_DEFINITION_SHAPE('',$,#12787);
#12758=PRODUCT_DEFINITION_SHAPE('',$,#12788);
#12759=PRODUCT_DEFINITION_SHAPE('',$,#12789);
#12760=PRODUCT_DEFINITION_SHAPE('',$,#12790);
#12761=PRODUCT_DEFINITION_SHAPE('',$,#12791);
#12762=PRODUCT_DEFINITION_SHAPE('',$,#12792);
#12763=PRODUCT_DEFINITION_SHAPE('',$,#12793);
#12764=PRODUCT_DEFINITION_SHAPE('',$,#12794);
#12765=PRODUCT_DEFINITION_SHAPE('',$,#12795);
#12766=PRODUCT_DEFINITION_SHAPE('',$,#12796);
#12767=PRODUCT_DEFINITION_SHAPE($,$,#38);
#12768=PRODUCT_DEFINITION_SHAPE($,$,#39);
#12769=PRODUCT_DEFINITION_SHAPE($,$,#40);
#12770=PRODUCT_DEFINITION_SHAPE($,$,#41);
#12771=PRODUCT_DEFINITION_SHAPE($,$,#42);
#12772=PRODUCT_DEFINITION_SHAPE($,$,#43);
#12773=PRODUCT_DEFINITION_SHAPE($,$,#44);
#12774=PRODUCT_DEFINITION_SHAPE($,$,#45);
#12775=PRODUCT_DEFINITION_SHAPE($,$,#46);
#12776=SHAPE_REPRESENTATION('',(#7265,#8056,#8057,#8058,#8059,#8060,#8061,
#8062,#8063,#8064),#12732);
#12777=SHAPE_REPRESENTATION('',(#7266),#12733);
#12778=SHAPE_REPRESENTATION('',(#7280),#12734);
#12779=SHAPE_REPRESENTATION('',(#7322),#12735);
#12780=SHAPE_REPRESENTATION('',(#7323),#12736);
#12781=SHAPE_REPRESENTATION('',(#7373),#12737);
#12782=SHAPE_REPRESENTATION('',(#7467),#12738);
#12783=SHAPE_REPRESENTATION('',(#7490),#12739);
#12784=SHAPE_REPRESENTATION('',(#7555),#12740);
#12785=SHAPE_REPRESENTATION('',(#7709),#12741);
#12786=PRODUCT_DEFINITION_CONTEXT('part definition',#12818,'design');
#12787=PRODUCT_DEFINITION('\X2\6307753252004E3B4F53\X0\',
'\X2\6307753252004E3B4F53\X0\ v17',#12797,#12786);
#12788=PRODUCT_DEFINITION('\X2\630775325200538B677F\X0\',
'\X2\630775325200538B677F\X0\ v2',#12798,#12786);
#12789=PRODUCT_DEFINITION('\X2\63077532520056FA5B9A67B6\X0\',
'\X2\63077532520056FA5B9A67B6\X0\ v2',#12799,#12786);
#12790=PRODUCT_DEFINITION('\X2\591690E8\X0\4','\X2\591690E8\X0\4 v1',#12800,
#12786);
#12791=PRODUCT_DEFINITION('\X2\63A867466A6180F65957\X0\',
'\X2\63A867466A6180F65957\X0\ v1',#12801,#12786);
#12792=PRODUCT_DEFINITION('\X2\63A86746624B67C4\X0\','\X2\63A86746624B67C4\X0\ 
v2',#12802,#12786);
#12793=PRODUCT_DEFINITION('\X2\4E0B65B957AB677F\X0\','\X2\4E0B65B957AB677F\X0\ 
v4',#12803,#12786);
#12794=PRODUCT_DEFINITION('\X2\63A86746538B677F\X0\','\X2\63A86746538B677F\X0\ 
v2',#12804,#12786);
#12795=PRODUCT_DEFINITION('\X2\63A86746\X0\','\X2\63A86746\X0\ v5',#12805,
#12786);
#12796=PRODUCT_DEFINITION('\X2\6491811A\X0\','\X2\6491811A\X0\ v2',#12806,
#12786);
#12797=PRODUCT_DEFINITION_FORMATION('',$,#12820);
#12798=PRODUCT_DEFINITION_FORMATION('',$,#12821);
#12799=PRODUCT_DEFINITION_FORMATION('',$,#12822);
#12800=PRODUCT_DEFINITION_FORMATION('',$,#12823);
#12801=PRODUCT_DEFINITION_FORMATION('',$,#12824);
#12802=PRODUCT_DEFINITION_FORMATION('',$,#12825);
#12803=PRODUCT_DEFINITION_FORMATION('',$,#12826);
#12804=PRODUCT_DEFINITION_FORMATION('',$,#12827);
#12805=PRODUCT_DEFINITION_FORMATION('',$,#12828);
#12806=PRODUCT_DEFINITION_FORMATION('',$,#12829);
#12807=PRODUCT_RELATED_PRODUCT_CATEGORY('\X2\6307753252004E3B4F53\X0\ 
v17','\X2\6307753252004E3B4F53\X0\ v17',(#12820));
#12808=PRODUCT_RELATED_PRODUCT_CATEGORY('\X2\630775325200538B677F\X0\ 
v2','\X2\630775325200538B677F\X0\ v2',(#12821));
#12809=PRODUCT_RELATED_PRODUCT_CATEGORY('\X2\63077532520056FA5B9A67B6\X0\ 
v2','\X2\63077532520056FA5B9A67B6\X0\ v2',(#12822));
#12810=PRODUCT_RELATED_PRODUCT_CATEGORY('\X2\591690E8\X0\4 v1',
'\X2\591690E8\X0\4 v1',(#12823));
#12811=PRODUCT_RELATED_PRODUCT_CATEGORY('\X2\63A867466A6180F65957\X0\ 
v1','\X2\63A867466A6180F65957\X0\ v1',(#12824));
#12812=PRODUCT_RELATED_PRODUCT_CATEGORY('\X2\63A86746624B67C4\X0\ v2',
'\X2\63A86746624B67C4\X0\ v2',(#12825));
#12813=PRODUCT_RELATED_PRODUCT_CATEGORY('\X2\4E0B65B957AB677F\X0\ v4',
'\X2\4E0B65B957AB677F\X0\ v4',(#12826));
#12814=PRODUCT_RELATED_PRODUCT_CATEGORY('\X2\63A86746538B677F\X0\ v2',
'\X2\63A86746538B677F\X0\ v2',(#12827));
#12815=PRODUCT_RELATED_PRODUCT_CATEGORY('\X2\63A86746\X0\ v5',
'\X2\63A86746\X0\ v5',(#12828));
#12816=PRODUCT_RELATED_PRODUCT_CATEGORY('\X2\6491811A\X0\ v2',
'\X2\6491811A\X0\ v2',(#12829));
#12817=APPLICATION_PROTOCOL_DEFINITION('international standard',
'automotive_design',2009,#12818);
#12818=APPLICATION_CONTEXT(
'Core Data for Automotive Mechanical Design Process');
#12819=PRODUCT_CONTEXT('part definition',#12818,'mechanical');
#12820=PRODUCT('\X2\6307753252004E3B4F53\X0\','\X2\6307753252004E3B4F53\X0\ 
v17',$,(#12819));
#12821=PRODUCT('\X2\630775325200538B677F\X0\','\X2\630775325200538B677F\X0\ 
v2',$,(#12819));
#12822=PRODUCT('\X2\63077532520056FA5B9A67B6\X0\',
'\X2\63077532520056FA5B9A67B6\X0\ v2',$,(#12819));
#12823=PRODUCT('\X2\591690E8\X0\4','\X2\591690E8\X0\4 v1',$,(#12819));
#12824=PRODUCT('\X2\63A867466A6180F65957\X0\','\X2\63A867466A6180F65957\X0\ 
v1',$,(#12819));
#12825=PRODUCT('\X2\63A86746624B67C4\X0\','\X2\63A86746624B67C4\X0\ v2',
$,(#12819));
#12826=PRODUCT('\X2\4E0B65B957AB677F\X0\','\X2\4E0B65B957AB677F\X0\ v4',
$,(#12819));
#12827=PRODUCT('\X2\63A86746538B677F\X0\','\X2\63A86746538B677F\X0\ v2',
$,(#12819));
#12828=PRODUCT('\X2\63A86746\X0\','\X2\63A86746\X0\ v5',$,(#12819));
#12829=PRODUCT('\X2\6491811A\X0\','\X2\6491811A\X0\ v2',$,(#12819));
#12830=PRESENTATION_STYLE_ASSIGNMENT((#12831));
#12831=SURFACE_STYLE_USAGE(.BOTH.,#12832);
#12832=SURFACE_SIDE_STYLE('',(#12833));
#12833=SURFACE_STYLE_FILL_AREA(#12834);
#12834=FILL_AREA_STYLE('\X2\94A2\X0\ - \X2\7F0E5149\X0\',(#12835));
#12835=FILL_AREA_STYLE_COLOUR('\X2\94A2\X0\ - \X2\7F0E5149\X0\',#12836);
#12836=COLOUR_RGB('\X2\94A2\X0\ - \X2\7F0E5149\X0\',0.627450980392157,0.627450980392157,
0.627450980392157);
ENDSEC;
END-ISO-10303-21;
